tenure_months,monthly_spend,support_calls,usage_hours,contract_months,late_payments,churn
56.0,119.313446,1.0,16.97058,24.0,3.0,0.0
61.0,110.39224,1.0,23.851229,12.0,0.0,0.0
9.0,126.85174,4.0,107.89542,24.0,4.0,1.0
43.0,145.69214,2.0,17.126623,24.0,0.0,0.0
6.0,90.61506,1.0,32.800377,24.0,1.0,0.0
21.0,142.17146,4.0,41.56363,12.0,0.0,1.0
32.0,70.2588,5.0,55.525917,1.0,2.0,0.0
4.0,149.87961,3.0,57.97962,12.0,2.0,1.0
43.0,110.86228,2.0,53.343292,12.0,1.0,0.0
71.0,45.925465,2.0,26.73773,1.0,0.0,0.0
69.0,38.736538,1.0,80.15626,1.0,0.0,0.0
43.0,88.53078,1.0,39.331364,12.0,4.0,0.0
30.0,43.28873,3.0,60.358562,24.0,0.0,0.0
57.0,132.95436,5.0,34.63644,12.0,0.0,1.0
67.0,55.282963,2.0,43.11425,1.0,0.0,0.0
66.0,48.67542,0.0,57.801624,24.0,2.0,0.0
1.0,46.458157,1.0,39.238327,1.0,0.0,0.0
50.0,110.96551,1.0,47.915787,24.0,3.0,0.0
52.0,71.84898,1.0,66.334175,12.0,0.0,0.0
14.0,39.386047,2.0,33.216553,12.0,2.0,0.0
37.0,51.70205,2.0,62.890907,12.0,0.0,0.0
71.0,109.094185,2.0,17.178701,12.0,0.0,0.0
50.0,21.104164,1.0,33.14455,1.0,0.0,1.0
21.0,80.74894,4.0,16.029667,1.0,0.0,0.0
24.0,53.70702,2.0,34.825726,1.0,2.0,0.0
46.0,81.88639,3.0,38.318607,1.0,0.0,1.0
11.0,55.247208,1.0,77.63859,24.0,1.0,1.0
42.0,90.4098,2.0,98.103355,12.0,1.0,0.0
42.0,116.273186,2.0,22.951164,24.0,1.0,0.0
44.0,143.40376,1.0,33.96101,12.0,1.0,0.0
56.0,78.09645,0.0,41.11757,24.0,1.0,0.0
39.0,49.51246,2.0,14.928477,24.0,0.0,0.0
53.0,88.39956,1.0,18.057291,1.0,1.0,1.0
72.0,136.36324,3.0,55.326706,24.0,1.0,0.0
10.0,130.85312,0.0,65.5971,24.0,0.0,0.0
37.0,46.824734,2.0,64.355606,24.0,1.0,0.0
10.0,77.64417,3.0,47.820164,1.0,1.0,0.0
56.0,120.11632,1.0,67.705894,1.0,1.0,0.0
11.0,147.04137,3.0,86.665764,24.0,0.0,0.0
36.0,39.415356,3.0,48.542862,12.0,0.0,0.0
17.0,72.242775,1.0,66.12328,24.0,0.0,0.0
72.0,59.614517,1.0,82.647255,24.0,2.0,0.0
32.0,138.62968,1.0,57.774723,1.0,2.0,0.0
71.0,22.117605,1.0,56.336468,24.0,2.0,0.0
64.0,32.95933,3.0,60.451447,1.0,1.0,0.0
29.0,115.23491,3.0,97.578636,1.0,2.0,1.0
33.0,92.72537,4.0,91.5901,1.0,0.0,0.0
24.0,71.96146,2.0,62.06591,1.0,1.0,0.0
58.0,39.18346,2.0,45.31535,12.0,2.0,0.0
63.0,110.58873,2.0,32.84342,1.0,0.0,0.0
36.0,81.88433,4.0,51.29737,24.0,3.0,0.0
58.0,32.35234,2.0,37.83219,12.0,0.0,0.0
70.0,29.428942,2.0,39.309063,1.0,2.0,0.0
50.0,53.062668,3.0,18.62531,24.0,0.0,0.0
51.0,73.641884,3.0,20.01604,12.0,1.0,0.0
30.0,67.95084,1.0,36.07876,1.0,2.0,0.0
70.0,127.981804,0.0,40.432304,24.0,1.0,0.0
29.0,81.47846,2.0,44.760704,12.0,0.0,0.0
47.0,122.35786,1.0,76.7708,12.0,4.0,0.0
10.0,134.69186,1.0,40.01074,1.0,2.0,0.0
46.0,104.43123,2.0,39.18663,1.0,0.0,0.0
46.0,129.24667,1.0,62.15654,1.0,0.0,0.0
13.0,63.94761,1.0,96.4485,12.0,1.0,0.0
6.0,114.748,1.0,83.186584,24.0,1.0,0.0
60.0,24.76263,1.0,37.95738,12.0,0.0,0.0
20.0,106.86719,4.0,1.0,24.0,1.0,1.0
61.0,146.01105,2.0,67.95273,1.0,1.0,0.0
48.0,45.57268,3.0,32.12774,1.0,0.0,0.0
8.0,135.46736,2.0,60.546783,1.0,2.0,1.0
2.0,101.25625,2.0,26.324224,24.0,0.0,1.0
10.0,105.05941,2.0,44.29451,1.0,0.0,0.0
61.0,29.275953,4.0,41.166218,1.0,3.0,1.0
35.0,79.06633,0.0,62.5709,12.0,2.0,0.0
6.0,133.14832,0.0,42.932117,12.0,2.0,1.0
17.0,145.75351,2.0,47.692123,12.0,0.0,0.0
38.0,47.167156,3.0,65.117386,1.0,2.0,1.0
59.0,39.182777,1.0,84.09229,12.0,0.0,0.0
40.0,120.23206,2.0,49.423134,24.0,0.0,0.0
46.0,57.718803,4.0,88.120155,24.0,0.0,0.0
17.0,86.80603,1.0,75.70633,24.0,2.0,0.0
60.0,77.989105,1.0,74.05547,1.0,1.0,0.0
69.0,109.32261,3.0,18.147093,12.0,2.0,0.0
30.0,45.644157,1.0,25.792475,24.0,2.0,0.0
25.0,116.207085,1.0,65.96651,12.0,0.0,0.0
64.0,140.11293,5.0,35.382984,12.0,1.0,0.0
37.0,140.74231,1.0,35.439384,24.0,2.0,1.0
51.0,67.428894,2.0,30.791353,24.0,4.0,1.0
63.0,114.58848,2.0,37.33189,1.0,1.0,0.0
30.0,118.15959,2.0,86.66498,1.0,2.0,0.0
48.0,126.00672,3.0,24.790262,12.0,2.0,1.0
42.0,96.273026,2.0,43.24686,1.0,1.0,0.0
28.0,22.105732,2.0,32.451725,12.0,2.0,0.0
21.0,23.296265,4.0,39.908432,1.0,1.0,0.0
7.0,68.998825,1.0,58.503735,1.0,0.0,0.0
11.0,76.09876,0.0,46.013397,24.0,2.0,1.0
69.0,139.8995,1.0,103.35165,24.0,0.0,0.0
70.0,44.531757,4.0,32.56111,1.0,2.0,0.0
43.0,83.02411,2.0,60.16716,24.0,0.0,0.0
3.0,102.50118,3.0,29.53746,12.0,1.0,0.0
42.0,24.997425,1.0,55.98779,1.0,3.0,0.0
25.0,127.449776,0.0,58.7161,24.0,2.0,0.0
43.0,126.50669,5.0,79.02215,1.0,0.0,0.0
41.0,20.754026,2.0,39.207024,24.0,1.0,0.0
11.0,34.170784,3.0,17.194267,12.0,0.0,0.0
53.0,112.46972,1.0,40.702934,12.0,0.0,0.0
41.0,42.63307,1.0,59.216682,24.0,0.0,0.0
71.0,104.69652,1.0,62.55561,12.0,2.0,1.0
41.0,118.684265,3.0,1.0,24.0,1.0,0.0
46.0,63.591377,3.0,37.65632,1.0,1.0,0.0
42.0,122.15724,1.0,38.02659,1.0,2.0,0.0
24.0,33.36381,0.0,54.500195,12.0,0.0,0.0
14.0,104.21559,1.0,75.36883,24.0,1.0,0.0
33.0,148.57431,4.0,54.073914,24.0,1.0,1.0
52.0,43.56018,1.0,56.33736,1.0,1.0,0.0
10.0,138.92421,0.0,39.409733,12.0,1.0,1.0
6.0,104.95341,2.0,25.771513,1.0,1.0,1.0
66.0,72.15121,2.0,66.326324,12.0,1.0,0.0
24.0,129.41269,1.0,59.60348,12.0,0.0,0.0
53.0,145.73506,2.0,41.71289,12.0,2.0,0.0
8.0,29.803764,0.0,27.35055,1.0,1.0,0.0
2.0,24.825722,2.0,38.979324,12.0,0.0,0.0
54.0,108.632935,3.0,46.87197,1.0,0.0,0.0
11.0,121.30348,1.0,24.59744,24.0,1.0,0.0
37.0,121.081184,4.0,44.852898,12.0,2.0,1.0
68.0,117.67284,3.0,46.828354,12.0,1.0,1.0
34.0,99.93243,2.0,27.480871,24.0,2.0,0.0
66.0,24.553043,1.0,35.52191,12.0,1.0,0.0
6.0,132.0832,1.0,90.64327,1.0,1.0,1.0
10.0,45.182617,1.0,53.088898,24.0,1.0,0.0
32.0,69.569984,4.0,65.26888,1.0,3.0,1.0
30.0,106.8109,1.0,41.006912,12.0,0.0,0.0
17.0,24.716774,0.0,42.93178,12.0,1.0,0.0
21.0,39.07213,2.0,32.315475,24.0,3.0,0.0
22.0,50.202293,0.0,60.877323,12.0,1.0,0.0
53.0,147.89505,3.0,45.056522,1.0,2.0,0.0
29.0,109.127014,1.0,71.72619,24.0,0.0,0.0
52.0,88.98727,3.0,59.08484,1.0,1.0,0.0
51.0,86.85253,3.0,59.577187,12.0,2.0,0.0
18.0,45.77698,1.0,35.52251,24.0,1.0,1.0
57.0,109.20158,0.0,49.891632,1.0,2.0,0.0
16.0,30.260094,1.0,73.37091,12.0,1.0,0.0
26.0,34.47054,2.0,33.210426,24.0,2.0,0.0
10.0,121.40043,5.0,71.35248,24.0,1.0,0.0
49.0,52.05982,4.0,49.795227,1.0,0.0,0.0
65.0,133.22719,2.0,28.38737,12.0,1.0,0.0
37.0,112.36558,2.0,90.76773,1.0,0.0,0.0
51.0,55.03034,4.0,63.317066,12.0,0.0,0.0
49.0,89.43149,4.0,1.2284808,1.0,0.0,0.0
22.0,88.69201,3.0,74.03211,12.0,3.0,0.0
24.0,118.50826,5.0,19.2891,12.0,0.0,0.0
25.0,72.25529,0.0,53.04855,1.0,0.0,1.0
65.0,53.162376,2.0,43.528835,1.0,2.0,0.0
42.0,83.6376,1.0,66.879486,12.0,1.0,0.0
48.0,84.39717,2.0,44.34684,1.0,0.0,0.0
64.0,100.8826,4.0,17.90719,24.0,2.0,0.0
14.0,79.93219,3.0,71.48058,24.0,0.0,0.0
44.0,25.307522,1.0,67.10755,12.0,2.0,0.0
42.0,114.234856,2.0,67.9933,24.0,0.0,0.0
67.0,111.27564,2.0,58.297146,1.0,1.0,0.0
54.0,139.49042,1.0,46.1264,12.0,2.0,0.0
50.0,40.747013,1.0,32.087242,12.0,0.0,0.0
57.0,113.4772,1.0,68.41659,12.0,1.0,0.0
68.0,146.70984,0.0,87.88588,1.0,1.0,0.0
32.0,72.88787,1.0,32.893887,12.0,0.0,0.0
16.0,40.171734,4.0,53.442066,1.0,2.0,0.0
21.0,120.429016,4.0,94.62488,1.0,1.0,0.0
63.0,22.391415,0.0,65.87003,24.0,1.0,0.0
45.0,121.55528,3.0,45.28273,12.0,0.0,0.0
40.0,46.56693,1.0,36.781586,24.0,0.0,0.0
53.0,145.53563,5.0,51.90718,12.0,0.0,0.0
37.0,101.47044,5.0,58.981873,1.0,0.0,0.0
37.0,22.529741,3.0,56.885002,12.0,2.0,0.0
19.0,49.149277,0.0,47.765022,1.0,1.0,0.0
14.0,79.69198,2.0,35.552452,1.0,0.0,0.0
16.0,47.263226,0.0,57.90899,12.0,2.0,0.0
45.0,56.043556,1.0,81.034386,1.0,0.0,0.0
46.0,22.056406,0.0,63.779205,1.0,1.0,0.0
55.0,29.141161,2.0,69.029495,24.0,4.0,0.0
25.0,33.339928,3.0,81.973946,12.0,1.0,0.0
66.0,56.49931,2.0,48.93768,12.0,2.0,0.0
38.0,107.82096,2.0,74.05398,12.0,1.0,1.0
72.0,55.463043,5.0,62.457687,1.0,1.0,0.0
50.0,33.15119,4.0,33.94636,24.0,1.0,0.0
27.0,145.96944,0.0,14.155547,12.0,0.0,0.0
8.0,135.64835,3.0,55.10808,12.0,1.0,0.0
59.0,24.463058,2.0,92.55958,24.0,1.0,0.0
37.0,93.83682,2.0,50.910343,1.0,0.0,1.0
50.0,133.64084,2.0,19.435669,1.0,2.0,0.0
52.0,141.98006,0.0,74.04223,24.0,2.0,0.0
71.0,29.244255,0.0,39.96862,1.0,0.0,0.0
57.0,94.31388,1.0,55.557484,24.0,3.0,0.0
37.0,70.2162,5.0,38.281075,12.0,0.0,0.0
57.0,27.302118,3.0,68.70847,12.0,1.0,1.0
62.0,125.27113,0.0,61.17703,1.0,0.0,0.0
19.0,133.32596,2.0,34.77762,24.0,2.0,1.0
37.0,102.33548,1.0,24.36753,1.0,2.0,1.0
24.0,34.766018,1.0,37.749523,12.0,3.0,1.0
21.0,130.48735,1.0,36.507053,12.0,0.0,0.0
51.0,20.484697,1.0,43.663776,12.0,0.0,0.0
70.0,114.62535,3.0,27.778591,12.0,0.0,0.0
57.0,38.417877,2.0,12.121503,24.0,2.0,0.0
21.0,123.76211,2.0,53.452145,12.0,1.0,0.0
27.0,84.85914,2.0,42.47259,12.0,1.0,0.0
23.0,106.66711,3.0,62.290035,12.0,0.0,0.0
21.0,113.09784,2.0,78.66923,1.0,4.0,0.0
5.0,86.93889,3.0,62.62791,12.0,0.0,0.0
43.0,94.03332,1.0,37.76596,24.0,0.0,0.0
1.0,37.842773,1.0,75.02012,1.0,1.0,0.0
47.0,96.10973,3.0,34.580704,24.0,0.0,0.0
25.0,72.763565,2.0,54.93438,12.0,2.0,1.0
34.0,108.382996,1.0,1.0,1.0,0.0,0.0
20.0,90.00677,1.0,22.147747,12.0,1.0,0.0
38.0,76.13941,2.0,26.527584,1.0,1.0,1.0
53.0,64.83382,1.0,60.856087,12.0,1.0,0.0
39.0,118.82759,4.0,64.86627,1.0,0.0,1.0
2.0,110.95084,4.0,66.47407,1.0,0.0,1.0
11.0,46.290916,2.0,53.84545,1.0,1.0,1.0
65.0,48.79421,1.0,79.35911,24.0,1.0,0.0
51.0,84.83716,6.0,37.140606,12.0,1.0,1.0
59.0,63.810417,2.0,57.40429,12.0,2.0,0.0
33.0,38.851166,1.0,65.98032,12.0,0.0,0.0
66.0,59.21827,4.0,53.25896,24.0,2.0,0.0
70.0,138.15044,5.0,82.01525,1.0,2.0,0.0
56.0,35.75688,2.0,73.8378,1.0,2.0,0.0
26.0,49.244926,4.0,46.097084,1.0,1.0,0.0
48.0,60.456017,4.0,64.12303,1.0,0.0,0.0
50.0,30.098244,6.0,51.3439,1.0,0.0,0.0
55.0,86.03285,1.0,43.881832,24.0,1.0,0.0
60.0,141.48271,2.0,26.169373,1.0,0.0,0.0
64.0,61.980682,2.0,31.385008,24.0,1.0,1.0
27.0,125.30974,3.0,24.16036,12.0,1.0,0.0
62.0,146.05524,2.0,71.32029,1.0,2.0,0.0
63.0,30.645884,1.0,67.110725,24.0,1.0,0.0
20.0,127.444954,3.0,67.096016,24.0,1.0,0.0
58.0,33.836296,2.0,43.7388,12.0,0.0,0.0
69.0,89.27639,2.0,48.666603,12.0,2.0,0.0
45.0,60.501076,1.0,22.632462,1.0,2.0,1.0
72.0,135.98474,2.0,58.36913,12.0,1.0,0.0
10.0,84.61591,1.0,63.56802,1.0,2.0,1.0
50.0,38.28775,5.0,36.12494,12.0,1.0,0.0
51.0,104.48232,1.0,26.656055,1.0,1.0,0.0
45.0,35.01906,2.0,49.99888,1.0,1.0,0.0
47.0,84.874756,3.0,22.151318,1.0,2.0,0.0
45.0,89.812775,3.0,29.540194,12.0,0.0,0.0
11.0,26.442427,8.0,52.01652,1.0,1.0,1.0
50.0,59.790848,3.0,56.05385,1.0,2.0,0.0
21.0,34.934357,0.0,65.10235,12.0,3.0,0.0
66.0,54.17915,6.0,38.27309,1.0,0.0,1.0
26.0,42.92681,1.0,56.331165,12.0,1.0,0.0
23.0,61.01356,3.0,44.54659,24.0,3.0,0.0
11.0,95.31731,4.0,55.004375,1.0,0.0,0.0
29.0,80.681244,2.0,49.052166,12.0,0.0,0.0
44.0,80.254906,2.0,29.604378,12.0,0.0,0.0
23.0,74.910095,1.0,48.51821,12.0,0.0,0.0
22.0,58.476704,0.0,63.455273,24.0,0.0,0.0
52.0,83.25692,2.0,73.67655,1.0,1.0,0.0
36.0,51.928185,2.0,68.84272,12.0,0.0,0.0
3.0,99.40068,4.0,46.779186,1.0,0.0,0.0
58.0,66.22638,2.0,81.86112,1.0,1.0,0.0
30.0,68.9471,1.0,62.68902,1.0,1.0,0.0
65.0,106.28513,2.0,47.797253,12.0,3.0,1.0
30.0,52.06031,2.0,43.883816,24.0,1.0,0.0
66.0,79.70469,0.0,51.02572,12.0,0.0,0.0
29.0,76.50073,1.0,47.093197,12.0,0.0,0.0
49.0,20.633976,1.0,42.464737,1.0,1.0,0.0
41.0,28.96877,2.0,41.18868,1.0,1.0,0.0
9.0,136.31401,1.0,29.538729,24.0,1.0,1.0
18.0,60.1753,1.0,21.355934,1.0,0.0,0.0
34.0,134.01045,4.0,42.738197,12.0,0.0,0.0
65.0,74.781784,1.0,37.510784,12.0,0.0,0.0
53.0,35.324337,2.0,56.00957,12.0,1.0,0.0
28.0,139.64647,0.0,41.61755,12.0,1.0,0.0
58.0,111.06719,4.0,69.75127,1.0,1.0,0.0
69.0,120.93136,4.0,71.57541,24.0,0.0,0.0
12.0,76.59506,2.0,53.1062,1.0,0.0,0.0
67.0,29.067453,2.0,42.939747,1.0,4.0,0.0
23.0,102.04285,1.0,39.356655,12.0,0.0,1.0
26.0,141.76486,1.0,61.447952,24.0,1.0,0.0
16.0,35.296227,3.0,44.534817,24.0,0.0,0.0
27.0,71.819496,3.0,51.601685,24.0,2.0,0.0
11.0,144.10974,1.0,63.155807,1.0,0.0,0.0
45.0,26.804317,2.0,40.890965,12.0,3.0,1.0
72.0,68.035034,2.0,57.271442,12.0,0.0,0.0
29.0,139.18034,3.0,82.35092,24.0,1.0,0.0
45.0,58.11871,2.0,45.346245,24.0,1.0,0.0
8.0,106.74091,1.0,40.41839,1.0,1.0,0.0
58.0,52.875275,3.0,61.00137,12.0,2.0,0.0
21.0,33.208027,0.0,43.399803,1.0,3.0,0.0
55.0,24.122196,2.0,34.77672,12.0,1.0,0.0
14.0,86.852875,0.0,56.408985,1.0,2.0,1.0
24.0,101.73491,4.0,71.04275,1.0,2.0,0.0
31.0,76.93808,1.0,47.9327,24.0,0.0,0.0
31.0,95.45129,4.0,74.494225,1.0,4.0,1.0
65.0,72.0159,3.0,52.514725,24.0,3.0,0.0
13.0,46.16273,3.0,32.516563,12.0,1.0,0.0
34.0,104.58809,2.0,63.026047,24.0,3.0,0.0
39.0,81.47313,0.0,13.348932,1.0,0.0,0.0
4.0,88.91935,4.0,53.925903,12.0,3.0,1.0
24.0,139.78204,2.0,40.98422,12.0,2.0,1.0
56.0,54.580547,2.0,42.54251,1.0,1.0,0.0
16.0,108.304245,1.0,41.000237,1.0,2.0,1.0
62.0,74.49662,2.0,10.64501,12.0,2.0,0.0
37.0,136.3788,3.0,47.389297,1.0,1.0,1.0
64.0,24.52911,2.0,42.050564,12.0,0.0,0.0
65.0,88.50581,3.0,32.632927,1.0,0.0,0.0
31.0,34.930626,2.0,15.343805,1.0,2.0,0.0
11.0,38.323956,1.0,91.95329,24.0,1.0,0.0
22.0,122.34804,1.0,64.53964,24.0,0.0,0.0
62.0,100.96917,1.0,48.55032,1.0,1.0,0.0
70.0,21.538183,4.0,68.22542,12.0,1.0,0.0
40.0,41.61146,2.0,60.38557,12.0,0.0,0.0
28.0,111.86548,0.0,42.275787,12.0,1.0,0.0
28.0,103.338844,6.0,85.22355,12.0,0.0,0.0
41.0,91.42438,2.0,45.835842,24.0,0.0,0.0
6.0,109.049355,1.0,65.22573,12.0,3.0,0.0
71.0,120.88949,1.0,55.515984,12.0,1.0,1.0
19.0,111.37914,2.0,38.391064,1.0,1.0,1.0
62.0,77.39643,3.0,33.198753,12.0,0.0,0.0
12.0,65.5455,0.0,6.8984027,12.0,0.0,0.0
65.0,40.509037,7.0,54.185623,1.0,2.0,1.0
8.0,107.74375,0.0,63.842888,12.0,4.0,0.0
67.0,135.30725,1.0,16.66811,12.0,0.0,0.0
44.0,45.254646,1.0,50.976936,24.0,2.0,0.0
52.0,149.86174,3.0,57.25758,12.0,1.0,0.0
7.0,121.803024,1.0,46.047382,12.0,1.0,0.0
24.0,85.28868,3.0,25.058699,24.0,1.0,0.0
22.0,54.922173,2.0,67.69523,1.0,0.0,1.0
14.0,133.97462,2.0,24.325277,12.0,0.0,0.0
30.0,58.05963,2.0,84.50764,12.0,0.0,0.0
54.0,89.34106,0.0,25.522215,12.0,0.0,0.0
26.0,74.94115,2.0,55.530537,12.0,0.0,0.0
42.0,62.942936,1.0,38.7184,1.0,0.0,0.0
51.0,87.29812,2.0,24.81599,1.0,0.0,0.0
7.0,21.034815,0.0,89.60085,12.0,0.0,0.0
48.0,104.64734,2.0,21.706213,1.0,2.0,1.0
63.0,111.32609,2.0,42.916615,1.0,0.0,0.0
27.0,71.94672,3.0,78.148415,1.0,3.0,1.0
7.0,70.36535,2.0,49.71768,24.0,0.0,1.0
43.0,69.65342,2.0,59.847256,12.0,0.0,0.0
61.0,69.69823,1.0,69.10889,1.0,1.0,0.0
41.0,95.249695,4.0,78.27188,1.0,1.0,0.0
58.0,133.9173,3.0,88.98265,12.0,0.0,0.0
20.0,35.146545,0.0,36.58507,12.0,0.0,0.0
71.0,50.627583,2.0,35.239742,1.0,1.0,0.0
54.0,94.88249,2.0,43.09369,12.0,0.0,0.0
20.0,83.172775,0.0,65.539375,24.0,1.0,0.0
1.0,49.192707,2.0,73.734695,24.0,3.0,0.0
2.0,138.16731,4.0,37.583088,1.0,1.0,1.0
34.0,81.69512,0.0,91.731316,1.0,1.0,0.0
38.0,144.49095,3.0,29.850447,24.0,0.0,1.0
45.0,131.11325,1.0,24.81637,1.0,0.0,0.0
68.0,121.157875,4.0,39.072723,24.0,2.0,0.0
51.0,60.966034,2.0,60.098083,1.0,1.0,0.0
69.0,38.27871,2.0,40.08425,1.0,2.0,0.0
12.0,138.59541,2.0,78.73218,24.0,2.0,1.0
26.0,60.72332,2.0,41.605736,1.0,0.0,0.0
67.0,112.372406,2.0,78.391815,12.0,0.0,0.0
29.0,32.942898,2.0,98.11488,12.0,0.0,1.0
69.0,49.6974,3.0,84.807724,1.0,0.0,0.0
70.0,79.476295,2.0,76.39527,12.0,0.0,0.0
67.0,144.70404,2.0,48.5752,1.0,1.0,0.0
59.0,61.07446,0.0,67.34763,12.0,0.0,0.0
54.0,49.79857,2.0,72.7689,1.0,0.0,0.0
68.0,47.71384,2.0,56.452965,12.0,3.0,0.0
1.0,143.31328,1.0,58.935703,12.0,0.0,1.0
59.0,60.8364,2.0,72.137566,12.0,1.0,0.0
29.0,45.077396,2.0,45.412804,12.0,0.0,0.0
37.0,91.07518,2.0,44.205322,24.0,2.0,0.0
33.0,32.15756,0.0,45.23558,1.0,1.0,0.0
10.0,40.087093,2.0,44.914165,1.0,0.0,0.0
33.0,80.164955,0.0,58.27442,1.0,0.0,0.0
38.0,76.47017,0.0,47.074905,1.0,4.0,0.0
31.0,49.065414,1.0,49.33277,1.0,1.0,0.0
7.0,55.945225,1.0,34.457436,12.0,1.0,0.0
51.0,40.079624,1.0,50.884,12.0,0.0,0.0
57.0,45.688488,0.0,38.791355,1.0,0.0,0.0
44.0,114.9666,1.0,76.909,12.0,3.0,0.0
52.0,90.03832,3.0,8.129572,1.0,0.0,0.0
6.0,62.917007,0.0,48.7352,12.0,2.0,0.0
42.0,117.4776,2.0,49.187733,1.0,0.0,0.0
31.0,32.032097,0.0,52.144276,12.0,0.0,0.0
26.0,131.82996,2.0,47.699852,12.0,0.0,1.0
28.0,146.7303,6.0,62.849026,1.0,0.0,1.0
53.0,92.86507,1.0,61.415073,24.0,2.0,0.0
51.0,57.192192,2.0,35.004116,1.0,1.0,0.0
32.0,59.77223,4.0,56.177036,12.0,0.0,0.0
69.0,31.313656,4.0,40.264484,24.0,0.0,0.0
33.0,30.406826,1.0,63.15768,12.0,2.0,0.0
41.0,109.420006,1.0,44.45578,1.0,1.0,0.0
45.0,25.796612,1.0,32.79572,24.0,1.0,0.0
7.0,133.24495,2.0,28.453762,24.0,0.0,0.0
44.0,111.3378,1.0,32.44142,1.0,1.0,0.0
15.0,26.090727,1.0,73.122086,1.0,2.0,0.0
16.0,136.29259,1.0,82.20505,24.0,2.0,0.0
26.0,24.914152,2.0,32.88819,12.0,0.0,0.0
53.0,130.46588,2.0,44.24447,24.0,1.0,0.0
3.0,112.13684,4.0,37.521206,1.0,0.0,1.0
14.0,116.59241,2.0,50.514,24.0,2.0,0.0
5.0,76.190056,2.0,33.720226,24.0,0.0,0.0
58.0,34.38656,1.0,59.574924,24.0,3.0,0.0
68.0,21.943165,3.0,76.37738,24.0,1.0,0.0
21.0,115.886185,3.0,32.760403,24.0,0.0,0.0
27.0,80.227646,4.0,85.05516,12.0,2.0,0.0
36.0,92.6789,2.0,50.711014,24.0,1.0,0.0
3.0,61.7636,7.0,81.422646,12.0,1.0,0.0
50.0,117.39877,3.0,47.246304,24.0,1.0,0.0
29.0,125.396324,0.0,38.813847,1.0,1.0,0.0
33.0,25.471476,4.0,57.76797,1.0,0.0,1.0
38.0,68.184105,0.0,44.30563,24.0,1.0,0.0
36.0,146.17479,3.0,30.814697,24.0,3.0,1.0
37.0,86.221146,4.0,82.989845,1.0,1.0,1.0
7.0,144.38849,1.0,69.20914,24.0,1.0,0.0
56.0,117.801216,2.0,17.559114,1.0,1.0,1.0
56.0,38.110855,1.0,47.01163,1.0,1.0,0.0
72.0,125.78029,2.0,59.035477,12.0,1.0,0.0
33.0,64.55433,1.0,29.894033,24.0,2.0,0.0
40.0,142.85225,3.0,57.47049,1.0,2.0,1.0
40.0,40.429565,1.0,66.3174,1.0,2.0,0.0
68.0,121.77904,2.0,65.84094,12.0,1.0,0.0
15.0,63.190144,2.0,74.62989,1.0,0.0,1.0
48.0,144.7148,2.0,64.57445,24.0,0.0,0.0
48.0,36.343697,2.0,48.102528,12.0,2.0,0.0
16.0,100.08266,2.0,30.015612,1.0,1.0,0.0
5.0,136.45844,2.0,73.96266,12.0,0.0,1.0
60.0,112.38184,2.0,81.59922,12.0,3.0,0.0
13.0,24.725876,4.0,21.923529,12.0,0.0,1.0
4.0,42.30669,2.0,33.15474,12.0,0.0,0.0
50.0,66.98461,4.0,100.48699,12.0,0.0,0.0
22.0,62.031204,2.0,29.097878,24.0,0.0,0.0
51.0,77.71191,1.0,44.612297,12.0,2.0,0.0
69.0,29.075344,1.0,65.51709,24.0,1.0,0.0
37.0,91.78691,3.0,73.26652,12.0,0.0,1.0
63.0,81.34842,3.0,37.00479,1.0,4.0,1.0
17.0,29.907927,3.0,29.751627,1.0,2.0,0.0
19.0,71.21315,2.0,59.718452,1.0,1.0,1.0
70.0,144.12654,1.0,20.82566,1.0,2.0,0.0
29.0,94.42511,1.0,31.863688,24.0,1.0,0.0
6.0,104.2963,1.0,39.493202,1.0,3.0,0.0
19.0,97.65347,2.0,45.749985,24.0,3.0,1.0
18.0,142.60649,1.0,45.7785,1.0,0.0,0.0
54.0,69.307594,0.0,42.648174,12.0,0.0,0.0
57.0,75.48071,2.0,60.203754,12.0,1.0,0.0
22.0,38.897438,1.0,57.089348,12.0,1.0,0.0
56.0,128.74356,1.0,38.054134,24.0,2.0,0.0
70.0,90.03707,1.0,18.028755,1.0,0.0,0.0
43.0,54.409687,1.0,73.07496,12.0,0.0,0.0
62.0,114.72771,2.0,46.025906,12.0,1.0,0.0
38.0,80.274864,1.0,48.91014,24.0,2.0,0.0
10.0,104.629616,4.0,58.85258,1.0,1.0,0.0
25.0,89.70133,1.0,27.09823,24.0,3.0,0.0
42.0,122.25757,3.0,44.983135,1.0,1.0,1.0
12.0,115.589485,3.0,33.227913,1.0,1.0,1.0
58.0,69.10763,4.0,23.7788,1.0,0.0,0.0
47.0,43.540447,0.0,42.042202,24.0,0.0,0.0
29.0,87.73459,1.0,45.181168,24.0,0.0,0.0
29.0,110.18324,1.0,37.43953,12.0,0.0,0.0
15.0,115.80142,1.0,50.31163,12.0,0.0,0.0
56.0,38.1599,1.0,44.12096,12.0,0.0,0.0
15.0,41.555264,1.0,63.74876,1.0,0.0,0.0
12.0,27.22419,1.0,88.28826,24.0,1.0,0.0
48.0,113.34402,1.0,51.910744,1.0,2.0,0.0
30.0,99.02843,2.0,74.42008,24.0,1.0,0.0
8.0,98.81321,2.0,26.836552,24.0,0.0,0.0
45.0,69.847206,2.0,42.11534,1.0,3.0,1.0
63.0,145.21822,2.0,42.716335,1.0,0.0,0.0
32.0,110.40506,1.0,46.32083,1.0,1.0,0.0
58.0,140.51163,2.0,49.477722,12.0,0.0,0.0
3.0,33.999527,2.0,39.217285,1.0,0.0,1.0
62.0,73.71142,1.0,60.51209,1.0,1.0,0.0
39.0,50.912003,2.0,64.20866,12.0,0.0,0.0
37.0,137.96744,2.0,37.254833,24.0,1.0,0.0
7.0,84.001976,2.0,71.042915,24.0,2.0,0.0
37.0,113.44904,4.0,27.905859,24.0,3.0,0.0
2.0,135.52129,2.0,52.895535,24.0,2.0,1.0
24.0,28.286465,2.0,75.71933,1.0,1.0,0.0
16.0,123.98972,1.0,34.107384,24.0,0.0,0.0
60.0,114.69513,3.0,45.475845,24.0,0.0,1.0
14.0,105.15744,4.0,77.266235,1.0,1.0,1.0
2.0,61.598854,1.0,61.156494,12.0,0.0,0.0
53.0,142.11684,0.0,22.787035,1.0,2.0,0.0
65.0,49.39157,0.0,49.024967,24.0,2.0,0.0
51.0,58.282528,0.0,49.79981,12.0,0.0,0.0
13.0,89.26326,2.0,11.358822,1.0,0.0,1.0
57.0,134.40869,3.0,43.53933,1.0,0.0,0.0
2.0,93.72542,4.0,55.18787,12.0,0.0,0.0
58.0,89.933586,3.0,61.65044,1.0,1.0,0.0
60.0,24.536007,1.0,58.224483,12.0,0.0,0.0
69.0,146.94688,2.0,79.90976,12.0,2.0,0.0
31.0,106.61773,1.0,19.13751,1.0,3.0,0.0
33.0,109.3243,1.0,55.90948,12.0,2.0,0.0
59.0,23.94898,2.0,39.44404,1.0,0.0,0.0
63.0,31.804394,2.0,51.426407,1.0,1.0,0.0
7.0,66.670166,1.0,35.836304,12.0,0.0,0.0
47.0,109.47138,3.0,59.794865,12.0,0.0,0.0
67.0,125.44257,1.0,37.101177,24.0,4.0,0.0
47.0,30.818308,1.0,65.08128,1.0,0.0,0.0
41.0,149.69867,1.0,47.82097,1.0,0.0,0.0
13.0,75.69144,1.0,29.005129,12.0,1.0,0.0
52.0,54.810078,4.0,1.0,24.0,0.0,0.0
63.0,116.973694,2.0,71.1051,24.0,1.0,0.0
42.0,117.85892,1.0,13.917579,12.0,0.0,0.0
53.0,84.19299,2.0,42.430233,12.0,0.0,0.0
40.0,140.00024,0.0,55.164787,1.0,0.0,0.0
44.0,104.54801,4.0,85.35544,12.0,0.0,0.0
66.0,58.09696,1.0,39.60658,1.0,0.0,0.0
21.0,33.96979,3.0,1.6402351,1.0,0.0,0.0
7.0,144.3761,3.0,35.443676,12.0,0.0,1.0
19.0,39.77316,3.0,45.457825,24.0,0.0,0.0
13.0,102.93723,0.0,43.596943,24.0,0.0,0.0
50.0,43.689583,2.0,14.388441,1.0,1.0,0.0
27.0,67.71391,0.0,28.35085,1.0,0.0,0.0
59.0,96.130035,4.0,54.53019,24.0,0.0,0.0
35.0,103.659584,5.0,28.733349,24.0,2.0,0.0
58.0,115.92235,2.0,20.767471,12.0,0.0,0.0
13.0,101.07225,2.0,41.69279,1.0,0.0,1.0
2.0,48.985363,5.0,43.481735,12.0,0.0,1.0
17.0,103.694855,3.0,100.02238,12.0,1.0,0.0
65.0,60.900494,3.0,62.477386,1.0,0.0,0.0
43.0,20.788597,1.0,62.659683,12.0,0.0,0.0
38.0,105.94007,4.0,84.64296,1.0,2.0,0.0
33.0,50.339638,0.0,48.63277,24.0,2.0,0.0
16.0,69.08509,2.0,31.910103,12.0,2.0,0.0
7.0,103.7085,2.0,51.188816,24.0,1.0,1.0
53.0,95.36015,4.0,1.0,12.0,1.0,0.0
8.0,51.40797,0.0,31.208328,12.0,0.0,1.0
56.0,94.41001,1.0,86.443985,1.0,1.0,0.0
57.0,138.37474,2.0,46.533024,12.0,2.0,0.0
67.0,133.39633,3.0,43.957035,12.0,1.0,1.0
32.0,71.24806,0.0,51.943764,1.0,3.0,0.0
34.0,31.341866,1.0,81.25257,1.0,1.0,0.0
45.0,137.83746,1.0,51.435524,24.0,1.0,0.0
45.0,137.94922,0.0,51.815693,1.0,0.0,0.0
46.0,31.997923,2.0,26.741993,24.0,1.0,0.0
70.0,80.68111,0.0,44.180435,12.0,0.0,0.0
34.0,143.47688,1.0,59.38771,12.0,0.0,0.0
31.0,72.27691,5.0,23.296349,1.0,1.0,0.0
66.0,85.325516,2.0,55.404613,1.0,0.0,0.0
9.0,38.45845,1.0,43.81094,24.0,1.0,0.0
47.0,20.347689,5.0,48.710186,12.0,0.0,0.0
53.0,126.77,2.0,81.02267,24.0,0.0,0.0
70.0,129.1353,1.0,68.27367,12.0,0.0,0.0
60.0,26.508114,0.0,30.733843,12.0,0.0,0.0
6.0,98.36705,1.0,59.22227,1.0,1.0,1.0
41.0,28.435572,2.0,57.153446,1.0,3.0,0.0
37.0,121.29041,0.0,21.485384,1.0,1.0,1.0
34.0,144.62315,1.0,8.295924,12.0,3.0,1.0
42.0,132.5146,3.0,13.740936,1.0,2.0,1.0
17.0,67.504776,2.0,73.1015,12.0,4.0,0.0
58.0,26.735176,2.0,47.61977,1.0,3.0,0.0
69.0,35.794018,3.0,56.462006,12.0,0.0,0.0
62.0,138.24107,1.0,64.47093,1.0,0.0,0.0
65.0,30.380386,6.0,38.382683,12.0,1.0,0.0
62.0,37.524517,0.0,41.440857,24.0,0.0,0.0
4.0,101.705315,0.0,77.32048,12.0,1.0,0.0
55.0,25.971954,2.0,45.775482,1.0,3.0,0.0
11.0,81.50128,2.0,62.456192,24.0,0.0,0.0
41.0,68.68194,5.0,66.33909,1.0,2.0,1.0
33.0,114.62202,1.0,52.330135,12.0,1.0,0.0
28.0,144.08783,1.0,59.295578,12.0,0.0,0.0
43.0,48.524124,2.0,46.893856,1.0,0.0,0.0
63.0,29.475653,0.0,49.946312,12.0,0.0,0.0
45.0,85.141106,0.0,28.926968,1.0,1.0,0.0
55.0,78.69442,4.0,45.951942,12.0,0.0,0.0
24.0,50.73582,2.0,21.776175,12.0,1.0,0.0
35.0,120.52167,1.0,52.127594,24.0,3.0,0.0
14.0,86.07542,4.0,83.77973,12.0,0.0,0.0
40.0,62.305805,1.0,51.217335,1.0,0.0,0.0
5.0,106.477,2.0,70.86748,1.0,0.0,0.0
55.0,98.01754,3.0,66.2869,24.0,2.0,0.0
63.0,52.988537,2.0,12.754658,24.0,2.0,0.0
1.0,101.19162,1.0,70.46508,12.0,1.0,0.0
45.0,73.61835,3.0,83.09081,1.0,1.0,0.0
46.0,49.01257,2.0,59.605682,12.0,0.0,0.0
26.0,104.16798,2.0,48.295288,1.0,0.0,0.0
71.0,77.50777,0.0,67.16424,12.0,0.0,0.0
58.0,54.310448,3.0,27.695332,1.0,2.0,0.0
44.0,32.155666,0.0,57.694202,24.0,0.0,0.0
58.0,110.60982,1.0,46.691128,12.0,2.0,0.0
71.0,21.780973,3.0,49.218044,24.0,0.0,0.0
36.0,28.728474,5.0,72.7229,12.0,4.0,1.0
51.0,22.937847,1.0,31.490505,12.0,1.0,0.0
57.0,46.846188,3.0,67.22302,12.0,0.0,0.0
34.0,110.98382,3.0,41.911945,24.0,1.0,0.0
61.0,105.84869,0.0,36.478157,24.0,0.0,0.0
20.0,114.09683,3.0,33.097042,12.0,1.0,1.0
30.0,23.046839,4.0,40.86007,24.0,0.0,0.0
23.0,49.57638,1.0,44.759182,1.0,4.0,0.0
2.0,88.67655,0.0,1.0,24.0,1.0,0.0
5.0,99.863525,0.0,107.50125,12.0,1.0,0.0
52.0,142.1566,5.0,43.53267,24.0,1.0,1.0
58.0,133.04083,1.0,51.274788,12.0,3.0,0.0
20.0,42.333443,2.0,31.425484,12.0,0.0,0.0
46.0,28.42611,0.0,63.572273,1.0,1.0,0.0
15.0,53.113007,3.0,41.82926,1.0,2.0,0.0
39.0,86.145515,7.0,70.76924,24.0,2.0,0.0
15.0,53.116127,0.0,82.38488,24.0,2.0,0.0
3.0,145.35503,2.0,38.953976,24.0,0.0,0.0
42.0,96.35315,5.0,60.8676,12.0,1.0,0.0
9.0,80.91963,1.0,45.06746,12.0,1.0,1.0
1.0,112.98829,3.0,38.917244,12.0,1.0,1.0
18.0,76.002174,2.0,37.8572,24.0,0.0,0.0
58.0,35.526306,1.0,55.919346,1.0,0.0,0.0
11.0,28.432453,2.0,68.87053,1.0,2.0,0.0
32.0,119.653114,2.0,46.056786,24.0,3.0,0.0
21.0,45.21608,1.0,38.030754,12.0,1.0,0.0
22.0,84.589676,1.0,40.65103,1.0,0.0,0.0
39.0,123.44409,0.0,32.864437,12.0,3.0,0.0
53.0,90.35366,0.0,70.15708,1.0,2.0,1.0
58.0,26.823463,4.0,51.18893,12.0,1.0,0.0
71.0,105.80435,5.0,59.670483,24.0,1.0,0.0
60.0,53.555058,1.0,41.9211,1.0,1.0,0.0
26.0,80.139984,3.0,14.1809225,1.0,3.0,1.0
64.0,57.545578,1.0,35.1069,12.0,3.0,0.0
46.0,27.579256,1.0,33.691692,12.0,1.0,0.0
63.0,80.77729,3.0,52.94945,24.0,1.0,0.0
24.0,94.78151,0.0,71.01515,1.0,3.0,0.0
45.0,47.045334,1.0,65.25475,24.0,1.0,0.0
37.0,101.60541,4.0,44.67572,1.0,1.0,0.0
62.0,57.400383,2.0,52.002113,24.0,1.0,0.0
33.0,104.37476,1.0,72.18507,1.0,1.0,1.0
72.0,21.860788,2.0,52.691628,24.0,3.0,0.0
55.0,37.01697,1.0,1.0,12.0,1.0,0.0
1.0,147.15508,2.0,46.0917,12.0,1.0,1.0
18.0,34.447002,1.0,35.631264,1.0,1.0,1.0
5.0,62.07346,3.0,77.289955,1.0,1.0,0.0
39.0,144.94931,2.0,27.258959,1.0,0.0,0.0
57.0,140.36374,3.0,36.620388,1.0,1.0,0.0
1.0,33.92136,3.0,86.596275,1.0,0.0,1.0
59.0,131.2698,2.0,25.646166,12.0,0.0,0.0
58.0,143.31909,0.0,55.80679,24.0,0.0,0.0
16.0,71.896,2.0,72.002304,1.0,0.0,0.0
26.0,115.63346,0.0,89.18658,12.0,1.0,0.0
71.0,87.99968,1.0,79.86443,1.0,0.0,0.0
32.0,38.52758,1.0,43.608185,1.0,1.0,0.0
55.0,24.188492,2.0,24.387089,24.0,0.0,0.0
20.0,97.06482,1.0,59.070457,1.0,1.0,0.0
57.0,71.63261,4.0,25.198578,24.0,1.0,0.0
13.0,39.733543,3.0,63.10257,12.0,0.0,0.0
21.0,47.64141,0.0,71.5899,24.0,1.0,0.0
17.0,147.2567,3.0,74.112946,1.0,0.0,1.0
63.0,55.498222,3.0,50.506947,1.0,0.0,0.0
32.0,128.77629,4.0,57.110382,12.0,2.0,1.0
59.0,62.532837,1.0,54.78096,12.0,2.0,0.0
64.0,74.9647,3.0,52.991768,1.0,1.0,0.0
42.0,132.12846,3.0,35.379997,1.0,1.0,1.0
48.0,82.44753,1.0,53.572815,12.0,1.0,0.0
21.0,54.181175,3.0,61.46331,1.0,1.0,1.0
28.0,45.462563,2.0,63.378212,1.0,2.0,0.0
67.0,117.64917,1.0,48.460464,24.0,1.0,0.0
11.0,93.35529,1.0,51.291367,1.0,0.0,0.0
60.0,28.116268,2.0,44.390312,1.0,0.0,0.0
51.0,61.06371,2.0,29.339176,12.0,0.0,0.0
28.0,111.49834,5.0,45.23279,24.0,1.0,0.0
56.0,21.466827,0.0,56.058838,24.0,1.0,0.0
7.0,32.542614,3.0,59.060043,12.0,1.0,0.0
60.0,145.12599,0.0,54.899292,24.0,0.0,0.0
47.0,104.11088,2.0,21.268135,1.0,1.0,0.0
10.0,101.27186,1.0,31.820562,24.0,1.0,0.0
62.0,130.98991,4.0,81.687744,24.0,2.0,0.0
8.0,64.78764,3.0,38.05235,1.0,1.0,1.0
2.0,127.01739,3.0,54.782063,12.0,1.0,1.0
43.0,111.51902,4.0,43.669582,1.0,1.0,0.0
14.0,51.70382,1.0,29.017632,1.0,2.0,0.0
64.0,86.60248,0.0,79.10389,1.0,0.0,0.0
1.0,140.40332,0.0,62.485203,12.0,4.0,1.0
52.0,67.105774,0.0,59.597538,24.0,2.0,0.0
57.0,142.47188,1.0,89.31974,1.0,0.0,0.0
71.0,39.94757,1.0,51.758247,24.0,1.0,0.0
23.0,52.26614,3.0,67.70865,12.0,1.0,0.0
70.0,47.36917,0.0,55.057625,1.0,5.0,0.0
38.0,136.19745,4.0,105.772385,1.0,0.0,1.0
57.0,57.28866,4.0,84.66796,24.0,1.0,0.0
35.0,32.559708,4.0,77.352905,12.0,0.0,0.0
10.0,47.645626,1.0,74.52658,1.0,2.0,0.0
60.0,57.438137,1.0,37.76882,12.0,2.0,0.0
29.0,69.079506,1.0,68.912384,12.0,1.0,0.0
40.0,21.511808,2.0,64.0405,1.0,1.0,0.0
50.0,116.36498,0.0,28.707554,12.0,3.0,0.0
51.0,62.615784,3.0,65.66604,1.0,1.0,0.0
55.0,124.28246,2.0,83.7651,24.0,0.0,0.0
29.0,128.52112,5.0,69.02416,1.0,3.0,1.0
51.0,143.8709,1.0,58.072647,24.0,2.0,0.0
6.0,30.274878,2.0,68.539536,1.0,1.0,1.0
63.0,84.57881,2.0,82.9045,12.0,0.0,0.0
29.0,144.68356,3.0,72.107635,24.0,0.0,0.0
63.0,32.27275,2.0,47.597824,12.0,0.0,0.0
52.0,140.93456,2.0,75.63496,24.0,1.0,0.0
54.0,136.27809,1.0,69.142876,1.0,0.0,0.0
23.0,76.27961,0.0,35.386253,1.0,1.0,1.0
29.0,44.95521,5.0,30.13997,12.0,0.0,0.0
12.0,144.8952,1.0,41.65805,1.0,0.0,0.0
13.0,26.202198,1.0,58.763477,24.0,1.0,0.0
22.0,108.57722,1.0,47.211933,1.0,0.0,1.0
31.0,32.14666,3.0,46.945835,24.0,0.0,0.0
13.0,98.55802,7.0,54.318066,24.0,0.0,0.0
15.0,90.48093,0.0,58.267776,12.0,1.0,0.0
61.0,121.87062,3.0,1.0,24.0,1.0,1.0
36.0,111.0019,0.0,70.34411,1.0,2.0,1.0
46.0,52.420055,2.0,24.386196,24.0,2.0,0.0
19.0,58.842262,4.0,55.57869,12.0,1.0,1.0
31.0,128.7176,1.0,51.679928,24.0,0.0,0.0
11.0,32.87557,4.0,41.678562,24.0,1.0,0.0
2.0,95.662605,2.0,14.311076,12.0,0.0,1.0
67.0,73.06787,1.0,45.92021,1.0,0.0,0.0
44.0,35.64345,1.0,34.026104,1.0,0.0,0.0
38.0,41.50545,0.0,64.00474,24.0,0.0,0.0
46.0,41.156345,2.0,70.42664,1.0,0.0,0.0
57.0,78.95224,3.0,61.148945,12.0,1.0,0.0
13.0,66.040665,2.0,42.914803,12.0,0.0,0.0
62.0,112.72757,3.0,33.078644,12.0,2.0,0.0
39.0,94.94959,2.0,11.253419,12.0,0.0,0.0
43.0,101.160774,2.0,40.601616,1.0,0.0,0.0
29.0,67.3465,2.0,60.73928,24.0,1.0,0.0
38.0,58.82999,3.0,33.256207,12.0,1.0,0.0
67.0,67.21027,3.0,32.285732,24.0,1.0,0.0
56.0,35.952774,2.0,48.63939,1.0,0.0,0.0
28.0,116.374886,5.0,15.22716,1.0,4.0,1.0
12.0,117.83106,2.0,44.53354,12.0,1.0,1.0
26.0,141.9731,1.0,42.451492,12.0,1.0,0.0
25.0,50.240623,3.0,59.619698,12.0,2.0,0.0
11.0,134.05661,2.0,34.39688,12.0,0.0,0.0
61.0,107.365326,1.0,60.364563,12.0,0.0,1.0
54.0,112.93716,0.0,40.000206,12.0,2.0,0.0
59.0,137.85033,2.0,58.961063,12.0,1.0,0.0
72.0,36.115295,4.0,22.447536,12.0,2.0,1.0
7.0,104.72306,3.0,102.49931,24.0,4.0,0.0
53.0,56.905514,1.0,30.941963,24.0,0.0,0.0
66.0,149.82066,3.0,40.73203,1.0,0.0,1.0
16.0,139.11002,2.0,23.30838,24.0,0.0,0.0
19.0,33.744873,2.0,52.524155,24.0,1.0,0.0
53.0,126.79382,1.0,83.33572,12.0,0.0,0.0
41.0,38.88465,2.0,57.514145,12.0,0.0,0.0
64.0,55.445976,1.0,45.12188,24.0,1.0,0.0
16.0,54.196297,3.0,76.08727,1.0,0.0,0.0
44.0,133.47404,3.0,48.25941,12.0,1.0,0.0
6.0,68.19858,1.0,66.95757,12.0,0.0,0.0
44.0,24.344877,3.0,45.598797,24.0,0.0,0.0
63.0,26.404152,2.0,77.702934,1.0,0.0,0.0
43.0,84.13209,2.0,24.515823,12.0,1.0,1.0
52.0,97.0753,4.0,60.604385,24.0,2.0,0.0
61.0,112.163475,2.0,45.02446,24.0,0.0,0.0
5.0,34.837692,2.0,16.033886,12.0,0.0,0.0
58.0,122.09683,1.0,73.64445,1.0,1.0,0.0
56.0,56.700504,5.0,56.16068,1.0,0.0,0.0
14.0,87.348755,3.0,50.191536,24.0,2.0,1.0
53.0,134.61772,1.0,48.302574,1.0,0.0,0.0
50.0,128.63759,3.0,59.505993,24.0,1.0,0.0
66.0,32.518444,3.0,47.231823,12.0,0.0,0.0
40.0,126.53451,1.0,54.958645,12.0,2.0,0.0
69.0,84.54897,4.0,22.55226,1.0,0.0,0.0
22.0,73.05662,0.0,42.8411,1.0,0.0,0.0
67.0,134.50822,0.0,50.812943,1.0,0.0,0.0
9.0,101.67037,2.0,39.866245,24.0,2.0,1.0
25.0,51.2525,1.0,62.121265,1.0,3.0,0.0
55.0,30.770502,4.0,23.391062,24.0,0.0,0.0
41.0,43.389786,1.0,55.097084,24.0,3.0,0.0
30.0,74.33558,3.0,34.91059,24.0,1.0,0.0
63.0,54.413662,2.0,63.37725,1.0,0.0,0.0
31.0,82.333954,2.0,34.8753,1.0,4.0,0.0
19.0,119.40062,4.0,45.561924,1.0,2.0,0.0
18.0,85.72361,1.0,43.891415,24.0,0.0,0.0
56.0,61.81945,3.0,65.69541,24.0,1.0,0.0
21.0,94.520744,2.0,33.92332,12.0,1.0,0.0
35.0,36.382496,1.0,10.650397,12.0,3.0,1.0
52.0,70.269615,5.0,41.27016,1.0,1.0,1.0
23.0,76.79123,2.0,30.251183,12.0,3.0,1.0
4.0,122.0434,5.0,79.193184,12.0,0.0,1.0
4.0,74.06343,1.0,39.48633,12.0,1.0,0.0
27.0,119.40009,4.0,64.99557,24.0,1.0,0.0
43.0,130.32016,0.0,43.918556,12.0,1.0,0.0
6.0,108.73384,2.0,58.433563,24.0,0.0,0.0
72.0,136.7732,3.0,54.639256,1.0,0.0,0.0
40.0,131.56071,2.0,26.889833,1.0,3.0,1.0
9.0,38.707485,0.0,40.547123,1.0,1.0,0.0
66.0,73.02011,1.0,67.89475,24.0,0.0,0.0
47.0,118.1492,2.0,51.324413,12.0,0.0,0.0
54.0,111.448814,2.0,54.648865,1.0,0.0,0.0
53.0,127.59094,1.0,68.66002,24.0,0.0,0.0
30.0,148.8161,2.0,51.94349,1.0,0.0,1.0
46.0,113.31234,1.0,71.45073,1.0,1.0,0.0
47.0,90.62708,0.0,27.819635,12.0,2.0,0.0
60.0,119.49629,2.0,28.81233,24.0,0.0,0.0
57.0,148.14409,3.0,39.012157,12.0,0.0,0.0
40.0,108.92956,1.0,56.48078,24.0,0.0,0.0
12.0,26.255157,1.0,68.19557,1.0,1.0,0.0
27.0,132.9294,2.0,21.569052,1.0,1.0,1.0
24.0,59.53587,2.0,60.853058,24.0,0.0,0.0
17.0,55.769478,0.0,84.09981,1.0,1.0,0.0
41.0,72.05974,3.0,30.058619,24.0,1.0,0.0
50.0,137.13972,2.0,50.26033,1.0,1.0,0.0
6.0,110.88031,3.0,47.289196,1.0,0.0,1.0
27.0,145.06052,0.0,70.682686,1.0,0.0,0.0
29.0,115.978645,2.0,66.18051,12.0,0.0,0.0
61.0,75.63573,3.0,36.197258,24.0,0.0,0.0
16.0,60.86144,0.0,38.73379,12.0,2.0,1.0
42.0,146.86427,1.0,101.043,1.0,0.0,0.0
60.0,56.972614,5.0,46.879192,24.0,1.0,0.0
17.0,116.61977,2.0,32.140026,1.0,2.0,1.0
30.0,49.517857,2.0,40.487587,12.0,1.0,0.0
36.0,132.51201,3.0,24.45458,12.0,4.0,0.0
19.0,122.559944,1.0,51.21549,24.0,0.0,0.0
5.0,52.62381,2.0,58.15353,1.0,2.0,1.0
46.0,71.77741,1.0,23.454575,24.0,1.0,0.0
6.0,62.803406,2.0,78.18703,12.0,2.0,0.0
18.0,70.941864,2.0,16.78778,12.0,3.0,0.0
35.0,63.990677,1.0,14.334672,1.0,0.0,0.0
4.0,123.366585,0.0,64.56968,24.0,0.0,0.0
43.0,79.32075,2.0,49.283287,1.0,0.0,0.0
2.0,116.14496,3.0,45.48583,1.0,0.0,0.0
71.0,38.240433,2.0,31.247192,1.0,1.0,0.0
5.0,40.770046,2.0,37.88596,12.0,1.0,0.0
2.0,76.75582,1.0,57.55856,12.0,2.0,0.0
68.0,44.7002,4.0,44.54618,12.0,0.0,0.0
23.0,59.894165,1.0,47.410194,12.0,1.0,1.0
36.0,43.360058,3.0,34.991985,24.0,2.0,0.0
17.0,67.243195,3.0,44.602,1.0,2.0,1.0
25.0,63.995903,2.0,72.4471,1.0,1.0,0.0
27.0,74.00486,1.0,33.00689,1.0,1.0,0.0
12.0,49.69265,2.0,39.500153,24.0,3.0,0.0
11.0,35.72537,2.0,68.96686,1.0,1.0,0.0
46.0,141.25165,1.0,69.0421,24.0,1.0,0.0
9.0,99.20475,0.0,64.05879,24.0,0.0,0.0
55.0,109.63644,2.0,41.980774,1.0,1.0,1.0
17.0,47.464626,2.0,40.969204,12.0,1.0,0.0
22.0,54.464424,5.0,44.249134,1.0,1.0,1.0
12.0,83.00579,2.0,69.96398,12.0,0.0,0.0
72.0,49.89931,1.0,58.369076,12.0,1.0,0.0
44.0,126.67335,3.0,52.498634,1.0,0.0,0.0
43.0,54.18368,0.0,64.675835,12.0,0.0,0.0
33.0,64.47146,3.0,79.775024,1.0,0.0,0.0
69.0,23.937952,1.0,46.53267,1.0,0.0,0.0
66.0,136.9568,0.0,30.95584,1.0,2.0,0.0
1.0,140.45174,3.0,17.43151,24.0,0.0,1.0
64.0,51.780624,3.0,119.67754,12.0,2.0,0.0
19.0,108.76817,1.0,42.73971,12.0,0.0,1.0
55.0,96.78635,2.0,81.93345,1.0,1.0,0.0
28.0,86.63506,2.0,58.463585,12.0,0.0,0.0
54.0,84.341125,3.0,62.10889,24.0,2.0,0.0
16.0,26.28066,0.0,72.841675,12.0,0.0,0.0
33.0,68.29158,1.0,55.434402,1.0,2.0,1.0
68.0,111.047745,0.0,64.624504,12.0,0.0,0.0
41.0,111.84177,0.0,32.002052,1.0,1.0,0.0
44.0,33.68398,3.0,30.88925,1.0,0.0,0.0
44.0,79.66688,0.0,74.85055,12.0,1.0,0.0
44.0,67.55703,1.0,45.12965,12.0,1.0,1.0
68.0,104.56609,4.0,5.9778767,12.0,0.0,0.0
26.0,39.745796,1.0,41.783623,1.0,1.0,0.0
19.0,37.27307,0.0,77.47271,24.0,0.0,0.0
51.0,86.35607,1.0,82.63838,24.0,1.0,0.0
44.0,30.548067,0.0,57.62718,12.0,2.0,0.0
9.0,39.824303,3.0,27.20205,1.0,0.0,1.0
70.0,83.38905,1.0,75.77039,24.0,0.0,0.0
58.0,126.584946,1.0,54.136593,12.0,0.0,0.0
49.0,37.969883,0.0,58.815613,1.0,1.0,0.0
59.0,130.48917,2.0,53.332027,24.0,2.0,0.0
44.0,66.05382,2.0,47.27731,1.0,0.0,0.0
43.0,112.19666,6.0,46.998,1.0,0.0,1.0
21.0,143.62202,1.0,35.474277,12.0,2.0,1.0
19.0,55.050205,2.0,20.547867,1.0,0.0,0.0
31.0,106.6263,5.0,19.31925,1.0,0.0,0.0
31.0,60.797688,1.0,46.501385,24.0,2.0,0.0
37.0,91.55555,1.0,47.814014,1.0,2.0,1.0
16.0,74.70163,3.0,48.158424,12.0,0.0,0.0
9.0,146.20381,2.0,27.30202,24.0,0.0,0.0
62.0,111.163605,2.0,89.71617,1.0,3.0,0.0
23.0,108.8619,1.0,34.923923,1.0,0.0,1.0
50.0,78.30514,6.0,64.32951,12.0,3.0,0.0
35.0,71.27565,2.0,10.929581,1.0,0.0,1.0
52.0,85.095314,3.0,79.08999,1.0,0.0,0.0
48.0,95.5199,2.0,43.414158,12.0,1.0,0.0
25.0,57.317997,1.0,48.174263,24.0,1.0,0.0
69.0,139.83925,2.0,27.30471,12.0,4.0,0.0
51.0,75.98003,1.0,61.09765,1.0,1.0,0.0
2.0,26.615229,4.0,36.33966,1.0,0.0,1.0
34.0,75.75054,2.0,79.18932,12.0,0.0,0.0
33.0,50.99958,2.0,43.403683,24.0,1.0,0.0
21.0,93.032715,1.0,52.245754,12.0,2.0,0.0
6.0,116.779854,4.0,59.441605,1.0,1.0,1.0
16.0,32.924767,6.0,70.70303,24.0,1.0,0.0
48.0,138.63942,1.0,52.169857,1.0,1.0,0.0
43.0,58.525383,2.0,46.071545,1.0,1.0,0.0
12.0,52.16035,1.0,68.345215,1.0,0.0,0.0
33.0,95.93863,0.0,20.554888,12.0,2.0,0.0
22.0,104.61229,3.0,39.72333,1.0,0.0,0.0
1.0,124.853004,3.0,46.74791,1.0,4.0,1.0
40.0,101.55263,0.0,62.236786,1.0,2.0,1.0
55.0,73.5998,3.0,83.27181,24.0,0.0,0.0
56.0,50.71044,2.0,53.69172,1.0,1.0,0.0
20.0,98.44014,3.0,16.150059,24.0,1.0,0.0
30.0,31.89439,2.0,43.59357,24.0,0.0,0.0
41.0,21.26396,1.0,50.717937,1.0,0.0,0.0
18.0,133.89862,0.0,71.661385,1.0,0.0,0.0
17.0,26.29251,3.0,21.432148,1.0,2.0,1.0
21.0,36.59833,4.0,90.9615,12.0,1.0,0.0
49.0,53.308605,2.0,28.556463,12.0,1.0,0.0
32.0,68.3536,2.0,26.577784,12.0,3.0,0.0
55.0,47.70314,2.0,32.306942,12.0,0.0,0.0
53.0,137.38539,1.0,55.551197,1.0,4.0,0.0
69.0,30.389944,2.0,41.530804,1.0,1.0,0.0
64.0,47.072857,0.0,34.842545,24.0,2.0,0.0
38.0,73.08314,3.0,21.04446,1.0,1.0,1.0
71.0,103.29228,0.0,68.00146,12.0,1.0,0.0
70.0,119.03827,5.0,54.146008,24.0,0.0,0.0
66.0,103.95425,2.0,78.57561,1.0,1.0,0.0
31.0,119.89772,3.0,50.156254,24.0,0.0,0.0
70.0,26.617985,2.0,52.851917,24.0,0.0,0.0
15.0,123.30792,5.0,20.760164,12.0,2.0,1.0
35.0,53.20076,2.0,50.532734,12.0,0.0,0.0
66.0,61.710377,2.0,32.706154,1.0,0.0,0.0
29.0,118.63662,3.0,86.717926,12.0,2.0,0.0
2.0,65.69094,2.0,65.67167,1.0,0.0,0.0
35.0,68.66116,2.0,76.83104,1.0,1.0,0.0
4.0,62.45598,2.0,56.882862,1.0,0.0,0.0
28.0,40.993137,2.0,41.145454,24.0,1.0,0.0
69.0,29.730438,3.0,76.10208,24.0,1.0,0.0
41.0,139.5204,1.0,70.30887,1.0,1.0,0.0
44.0,87.610245,3.0,60.069134,12.0,1.0,0.0
43.0,43.980442,3.0,43.681652,24.0,0.0,0.0
16.0,23.903774,1.0,67.35984,1.0,1.0,0.0
6.0,59.67445,3.0,53.95715,1.0,1.0,0.0
50.0,21.14802,0.0,85.0085,1.0,1.0,0.0
72.0,118.75107,1.0,23.36314,12.0,4.0,0.0
22.0,65.67367,7.0,77.09837,12.0,0.0,0.0
55.0,111.78085,1.0,38.87376,24.0,1.0,0.0
34.0,33.958794,2.0,25.37364,1.0,2.0,1.0
18.0,96.01682,0.0,67.76868,12.0,2.0,0.0
6.0,91.65332,2.0,58.621788,1.0,2.0,1.0
52.0,25.035051,1.0,62.67005,12.0,1.0,1.0
30.0,137.41473,1.0,75.88443,1.0,1.0,1.0
71.0,81.97481,1.0,46.25623,1.0,1.0,0.0
57.0,127.73523,2.0,68.372604,12.0,1.0,0.0
35.0,51.05423,1.0,54.009777,24.0,1.0,1.0
5.0,133.14836,3.0,16.527327,12.0,0.0,1.0
15.0,72.740875,4.0,50.20496,12.0,2.0,1.0
11.0,135.17336,1.0,39.600376,24.0,1.0,1.0
41.0,137.3095,2.0,61.815384,12.0,3.0,1.0
37.0,84.15532,2.0,29.359953,1.0,2.0,0.0
28.0,113.76033,1.0,40.448563,1.0,1.0,1.0
15.0,96.9298,4.0,69.34647,1.0,1.0,1.0
49.0,26.680805,0.0,61.242924,24.0,2.0,0.0
7.0,104.38912,3.0,69.63067,24.0,2.0,0.0
10.0,100.269455,4.0,94.84348,1.0,0.0,0.0
12.0,51.66638,2.0,39.648544,24.0,1.0,0.0
56.0,65.41588,0.0,48.24733,12.0,1.0,0.0
60.0,79.37231,2.0,61.94323,1.0,0.0,0.0
15.0,123.78542,7.0,20.598112,1.0,3.0,0.0
49.0,88.32542,1.0,25.299843,24.0,0.0,0.0
52.0,146.90172,0.0,21.63098,1.0,1.0,0.0
10.0,22.202787,4.0,72.089966,12.0,1.0,1.0
4.0,80.362305,1.0,40.643616,1.0,0.0,1.0
8.0,70.91905,3.0,85.23935,24.0,0.0,0.0
61.0,75.89116,0.0,63.14078,24.0,1.0,0.0
7.0,29.350357,5.0,1.7162844,12.0,1.0,0.0
10.0,44.549774,0.0,47.41219,12.0,1.0,0.0
42.0,52.973827,0.0,1.0,12.0,1.0,0.0
51.0,141.96481,3.0,53.769203,1.0,1.0,1.0
57.0,57.885597,1.0,87.20815,12.0,0.0,0.0
34.0,102.59376,1.0,87.063805,12.0,1.0,0.0
46.0,56.715214,3.0,51.559258,12.0,1.0,0.0
20.0,129.6677,2.0,44.695274,1.0,0.0,0.0
47.0,48.718407,3.0,39.93086,24.0,1.0,0.0
42.0,54.410862,0.0,22.98938,1.0,2.0,0.0
43.0,93.090195,3.0,47.26918,1.0,0.0,0.0
68.0,84.53542,3.0,73.2012,24.0,1.0,0.0
20.0,77.58162,2.0,14.432597,12.0,0.0,0.0
37.0,124.65777,1.0,62.279266,12.0,0.0,0.0
27.0,39.849785,3.0,36.185215,1.0,2.0,0.0
65.0,133.40903,3.0,61.580223,24.0,2.0,0.0
66.0,38.02858,0.0,93.25417,1.0,0.0,0.0
62.0,132.0124,1.0,29.65803,1.0,1.0,0.0
39.0,76.26298,3.0,42.58146,12.0,2.0,0.0
26.0,29.175386,2.0,105.84446,1.0,1.0,0.0
29.0,84.06076,3.0,56.403824,1.0,2.0,1.0
57.0,91.514015,1.0,44.728027,24.0,1.0,0.0
12.0,37.76017,3.0,68.483765,12.0,2.0,0.0
53.0,42.791862,2.0,8.742234,12.0,3.0,0.0
20.0,39.66012,4.0,36.698753,1.0,0.0,1.0
34.0,36.039284,0.0,67.76794,12.0,0.0,0.0
63.0,94.80026,2.0,93.579094,12.0,1.0,0.0
58.0,95.24617,1.0,25.730364,12.0,0.0,1.0
66.0,125.08059,3.0,11.845575,1.0,2.0,1.0
54.0,58.067066,4.0,30.194267,24.0,0.0,0.0
8.0,29.284636,2.0,58.79999,1.0,0.0,0.0
6.0,48.3699,1.0,78.56911,24.0,1.0,0.0
66.0,41.087124,2.0,50.621304,1.0,0.0,0.0
62.0,82.395294,2.0,27.293354,12.0,3.0,0.0
45.0,32.536266,2.0,64.18873,1.0,2.0,0.0
31.0,107.356606,1.0,34.065037,24.0,2.0,0.0
32.0,133.39609,3.0,34.42551,12.0,1.0,1.0
65.0,117.0594,0.0,69.68411,12.0,2.0,0.0
68.0,67.40549,4.0,39.920265,24.0,1.0,0.0
65.0,21.696226,3.0,56.23456,24.0,0.0,0.0
21.0,70.97706,0.0,64.06608,12.0,3.0,0.0
31.0,111.26155,1.0,23.162348,1.0,1.0,0.0
4.0,43.097897,6.0,15.429521,1.0,0.0,1.0
15.0,39.125595,2.0,86.64157,12.0,1.0,0.0
57.0,30.37085,2.0,61.519287,1.0,1.0,0.0
19.0,141.8941,1.0,77.72635,24.0,2.0,0.0
11.0,96.13526,2.0,18.829222,12.0,2.0,1.0
58.0,44.36662,1.0,62.97936,1.0,1.0,0.0
40.0,25.437393,1.0,31.482529,12.0,1.0,0.0
27.0,42.667187,1.0,54.51888,1.0,1.0,0.0
41.0,99.92727,4.0,66.88913,1.0,1.0,0.0
64.0,127.762566,1.0,52.84082,1.0,0.0,1.0
8.0,94.62441,6.0,17.710714,12.0,2.0,0.0
26.0,93.07843,1.0,45.39105,1.0,0.0,0.0
20.0,102.588234,4.0,72.48471,1.0,0.0,1.0
12.0,74.80716,2.0,56.215538,12.0,1.0,0.0
13.0,58.652893,5.0,82.213036,1.0,0.0,1.0
60.0,96.59971,1.0,59.410843,1.0,1.0,0.0
49.0,35.736343,3.0,21.591496,1.0,1.0,0.0
34.0,73.23527,2.0,42.33772,1.0,1.0,0.0
20.0,24.838812,5.0,59.577705,1.0,0.0,1.0
52.0,109.7287,0.0,38.276794,24.0,3.0,0.0
53.0,25.554537,5.0,47.594387,12.0,2.0,0.0
55.0,122.80243,4.0,56.467865,12.0,2.0,0.0
6.0,41.971382,2.0,72.69583,1.0,2.0,0.0
11.0,116.05211,0.0,84.26149,24.0,2.0,0.0
5.0,71.644264,1.0,47.68655,1.0,1.0,0.0
52.0,53.472885,1.0,60.59096,1.0,2.0,1.0
31.0,70.47745,3.0,32.072414,12.0,1.0,1.0
4.0,144.79869,3.0,49.48269,12.0,1.0,0.0
40.0,81.150185,2.0,45.94482,12.0,0.0,0.0
44.0,84.613014,2.0,62.244057,12.0,1.0,0.0
20.0,81.13371,2.0,27.857075,1.0,1.0,0.0
66.0,133.30357,2.0,45.315563,1.0,1.0,0.0
5.0,103.74233,1.0,1.0,12.0,1.0,0.0
16.0,145.72647,4.0,40.474377,12.0,3.0,1.0
40.0,35.350582,3.0,38.657154,12.0,2.0,0.0
48.0,62.042995,0.0,28.663706,12.0,0.0,0.0
40.0,83.26534,0.0,41.4296,12.0,2.0,0.0
65.0,37.484497,3.0,34.63715,24.0,0.0,0.0
2.0,109.4083,1.0,44.67455,1.0,1.0,0.0
61.0,21.558779,1.0,24.88268,1.0,3.0,0.0
40.0,107.973236,1.0,25.081007,1.0,0.0,0.0
9.0,75.72542,0.0,41.71811,12.0,1.0,0.0
4.0,111.432785,1.0,46.208427,1.0,1.0,1.0
41.0,33.91603,0.0,60.890232,24.0,0.0,0.0
48.0,86.106964,3.0,71.70657,24.0,1.0,0.0
10.0,148.63925,4.0,61.83758,12.0,2.0,0.0
59.0,120.59146,1.0,44.613636,24.0,1.0,0.0
25.0,57.426323,4.0,49.58833,1.0,0.0,0.0
10.0,66.489456,1.0,1.0,12.0,0.0,0.0
39.0,99.37999,2.0,75.102036,1.0,0.0,0.0
17.0,92.86467,5.0,76.92774,1.0,2.0,1.0
61.0,51.39883,3.0,78.88094,1.0,0.0,0.0
66.0,32.266914,4.0,95.22655,24.0,1.0,0.0
68.0,117.1153,1.0,32.276726,12.0,0.0,0.0
12.0,82.676506,0.0,15.913084,1.0,1.0,1.0
33.0,47.074783,0.0,51.83771,1.0,0.0,0.0
43.0,136.36497,2.0,32.723763,1.0,2.0,1.0
24.0,112.29443,1.0,51.18488,24.0,1.0,0.0
41.0,31.571495,2.0,21.162397,12.0,1.0,0.0
18.0,149.92223,0.0,43.294594,1.0,1.0,1.0
43.0,29.788916,3.0,34.035774,24.0,0.0,0.0
11.0,126.46524,3.0,19.222963,1.0,1.0,1.0
66.0,130.23013,0.0,37.939236,24.0,2.0,0.0
47.0,81.404854,2.0,67.15844,1.0,0.0,0.0
12.0,64.75461,0.0,43.375145,24.0,0.0,0.0
12.0,86.00147,4.0,49.035942,1.0,0.0,1.0
50.0,47.106255,0.0,24.321829,1.0,3.0,0.0
41.0,40.601597,0.0,54.118027,1.0,0.0,0.0
10.0,84.55729,1.0,48.876,12.0,3.0,0.0
27.0,56.647644,1.0,12.880865,12.0,1.0,0.0
61.0,132.40688,0.0,38.492302,12.0,1.0,0.0
5.0,129.84987,1.0,14.9820175,12.0,0.0,0.0
9.0,135.98137,3.0,78.90191,12.0,1.0,1.0
19.0,86.2342,2.0,34.914425,1.0,1.0,1.0
2.0,69.89629,0.0,10.856377,12.0,1.0,1.0
27.0,65.3968,1.0,54.90779,12.0,3.0,0.0
12.0,68.75403,3.0,60.29778,24.0,2.0,0.0
10.0,88.39089,0.0,72.1045,24.0,3.0,0.0
59.0,87.677734,2.0,48.183163,1.0,0.0,0.0
20.0,24.12011,2.0,52.349125,1.0,2.0,0.0
71.0,121.5612,7.0,42.534454,24.0,2.0,1.0
39.0,101.86327,1.0,80.250175,12.0,0.0,0.0
56.0,33.83683,0.0,55.816143,1.0,2.0,0.0
42.0,103.19501,1.0,53.188442,12.0,0.0,0.0
31.0,131.34859,2.0,106.58874,24.0,1.0,0.0
6.0,105.09238,2.0,45.799397,1.0,0.0,1.0
23.0,77.091805,1.0,51.399895,1.0,2.0,0.0
10.0,50.984474,3.0,42.57148,24.0,2.0,0.0
50.0,73.44919,6.0,76.61363,12.0,1.0,0.0
35.0,121.031,0.0,42.09142,24.0,0.0,0.0
14.0,100.41186,6.0,78.92609,1.0,3.0,0.0
9.0,103.86706,5.0,68.245605,12.0,0.0,1.0
61.0,147.17044,1.0,65.91423,12.0,0.0,0.0
33.0,108.91744,1.0,40.98384,24.0,1.0,0.0
30.0,138.08878,4.0,54.99034,12.0,0.0,0.0
58.0,48.713226,3.0,58.558407,12.0,3.0,0.0
57.0,35.579826,2.0,80.48224,12.0,1.0,0.0
41.0,54.903164,3.0,11.275875,1.0,0.0,0.0
47.0,33.091564,2.0,34.247463,1.0,0.0,1.0
22.0,37.306324,2.0,12.861503,12.0,0.0,0.0
36.0,138.15282,2.0,55.322594,1.0,2.0,0.0
42.0,23.153677,1.0,32.419495,12.0,2.0,0.0
67.0,30.433878,5.0,68.29243,1.0,1.0,0.0
5.0,104.65706,1.0,34.796814,12.0,2.0,0.0
63.0,138.15108,1.0,41.70145,12.0,1.0,0.0
33.0,116.81225,2.0,24.725695,1.0,1.0,0.0
53.0,117.10112,2.0,66.284035,12.0,0.0,0.0
53.0,115.441696,1.0,38.653645,12.0,0.0,0.0
52.0,35.841732,0.0,58.548977,24.0,0.0,0.0
16.0,60.321045,1.0,8.586925,12.0,2.0,1.0
39.0,22.923397,1.0,30.821697,12.0,2.0,0.0
65.0,148.22037,1.0,21.144798,1.0,4.0,0.0
64.0,66.627655,1.0,51.7768,1.0,0.0,0.0
48.0,109.641655,0.0,67.043884,24.0,3.0,0.0
4.0,146.46764,2.0,70.82022,12.0,4.0,0.0
3.0,46.181644,3.0,43.341923,12.0,2.0,0.0
31.0,91.0494,2.0,49.629887,12.0,1.0,0.0
58.0,52.355877,0.0,55.95418,1.0,1.0,1.0
27.0,95.65319,2.0,58.587345,12.0,1.0,0.0
23.0,48.239895,2.0,65.093636,1.0,0.0,0.0
27.0,120.28351,2.0,43.240818,1.0,0.0,0.0
50.0,32.088932,2.0,57.544773,24.0,2.0,0.0
65.0,46.67741,3.0,40.078487,12.0,1.0,0.0
67.0,25.036915,2.0,12.170579,12.0,1.0,0.0
17.0,37.75634,1.0,39.185104,1.0,1.0,1.0
45.0,90.53379,1.0,86.9042,24.0,0.0,0.0
4.0,126.82458,3.0,54.15353,12.0,3.0,0.0
17.0,96.692314,2.0,30.091263,1.0,1.0,1.0
56.0,144.34705,1.0,15.946412,1.0,0.0,0.0
38.0,111.91193,5.0,68.57727,1.0,1.0,0.0
3.0,97.102425,1.0,31.267773,1.0,2.0,1.0
71.0,81.8984,2.0,54.609287,1.0,1.0,0.0
23.0,49.131187,2.0,78.63563,12.0,1.0,0.0
34.0,107.55217,2.0,44.868874,12.0,0.0,0.0
43.0,144.89104,4.0,23.195911,12.0,1.0,1.0
5.0,114.60019,2.0,16.799273,1.0,5.0,0.0
47.0,101.16711,2.0,63.35032,1.0,1.0,0.0
62.0,23.654638,0.0,84.13166,12.0,0.0,0.0
5.0,128.44153,1.0,50.313732,12.0,1.0,0.0
67.0,92.02199,1.0,94.80863,12.0,3.0,0.0
12.0,117.19842,3.0,43.434322,12.0,1.0,1.0
12.0,52.0816,1.0,49.666706,24.0,1.0,0.0
58.0,80.88153,2.0,56.423107,24.0,3.0,0.0
9.0,141.89496,2.0,53.663334,24.0,3.0,0.0
40.0,140.37587,2.0,33.765396,12.0,1.0,1.0
42.0,79.140724,3.0,47.751724,24.0,1.0,0.0
60.0,56.136364,3.0,44.118546,1.0,2.0,0.0
48.0,122.71289,2.0,27.218752,24.0,1.0,1.0
66.0,131.71497,2.0,18.333782,12.0,1.0,0.0
58.0,23.65565,2.0,47.659126,1.0,0.0,0.0
6.0,49.620697,3.0,92.33902,1.0,1.0,0.0
43.0,28.12794,1.0,38.70177,1.0,1.0,1.0
72.0,130.14357,2.0,29.775612,12.0,0.0,1.0
4.0,79.63282,1.0,71.21554,12.0,2.0,0.0
20.0,36.33133,1.0,37.62538,1.0,2.0,0.0
37.0,98.71346,0.0,30.88467,24.0,0.0,0.0
69.0,103.08129,3.0,35.567833,12.0,1.0,0.0
57.0,120.33208,2.0,43.266804,24.0,1.0,1.0
40.0,102.39672,1.0,72.00679,24.0,2.0,0.0
62.0,114.71983,1.0,73.97946,24.0,0.0,0.0
2.0,34.981228,0.0,23.868538,1.0,3.0,0.0
60.0,77.553,2.0,52.50891,12.0,0.0,0.0
41.0,29.12089,4.0,26.598108,24.0,1.0,0.0
25.0,71.15787,0.0,50.25762,1.0,4.0,0.0
14.0,40.44241,1.0,31.478628,12.0,0.0,0.0
45.0,59.632084,2.0,87.0166,12.0,0.0,0.0
13.0,98.53977,1.0,43.19108,1.0,1.0,0.0
60.0,140.68147,0.0,41.84597,24.0,1.0,0.0
40.0,128.7518,4.0,25.50098,1.0,0.0,1.0
64.0,73.9297,1.0,43.282536,24.0,4.0,0.0
34.0,87.93403,5.0,50.382202,1.0,0.0,0.0
25.0,108.91125,2.0,25.862795,24.0,1.0,0.0
41.0,40.746727,2.0,1.0,24.0,2.0,0.0
4.0,75.43675,1.0,21.280664,24.0,2.0,0.0
66.0,68.0557,3.0,57.49758,12.0,1.0,0.0
46.0,53.68896,5.0,52.181187,1.0,1.0,0.0
60.0,131.33954,2.0,77.05386,1.0,3.0,0.0
24.0,109.77918,2.0,21.293734,12.0,1.0,0.0
59.0,111.25145,2.0,72.9033,12.0,1.0,0.0
15.0,98.03599,2.0,88.15217,12.0,0.0,0.0
12.0,122.70166,3.0,2.723252,1.0,0.0,1.0
21.0,44.01229,1.0,35.626125,12.0,1.0,1.0
6.0,147.49254,4.0,95.43303,1.0,0.0,0.0
33.0,43.6379,1.0,42.73531,24.0,1.0,0.0
65.0,82.40117,1.0,63.646603,1.0,0.0,0.0
6.0,53.40859,1.0,46.49139,24.0,1.0,0.0
37.0,146.17494,1.0,45.67284,12.0,3.0,0.0
15.0,23.785105,1.0,72.75163,1.0,0.0,0.0
55.0,98.83747,3.0,59.07106,12.0,0.0,0.0
9.0,31.509468,2.0,64.25212,1.0,1.0,0.0
19.0,136.43346,4.0,56.480705,1.0,1.0,1.0
45.0,35.890003,3.0,46.12575,1.0,2.0,0.0
39.0,33.101562,1.0,49.130974,12.0,0.0,0.0
1.0,115.99425,2.0,38.265125,1.0,1.0,0.0
71.0,92.76376,1.0,36.50147,12.0,2.0,0.0
19.0,22.251047,1.0,41.158073,24.0,1.0,0.0
31.0,36.899937,2.0,65.218506,12.0,0.0,0.0
10.0,37.61576,1.0,43.100582,1.0,0.0,0.0
3.0,134.90648,1.0,60.00102,12.0,3.0,0.0
6.0,22.084484,4.0,32.933876,1.0,2.0,1.0
72.0,23.68197,3.0,70.25773,24.0,1.0,0.0
60.0,102.77573,1.0,51.464546,24.0,1.0,0.0
14.0,21.954803,1.0,48.48386,1.0,1.0,0.0
8.0,142.784,3.0,73.14073,1.0,0.0,0.0
49.0,66.62679,3.0,68.89205,24.0,1.0,0.0
63.0,100.58683,3.0,46.814518,12.0,2.0,1.0
26.0,80.662415,0.0,67.641495,1.0,0.0,1.0
20.0,40.106777,2.0,90.602165,1.0,2.0,1.0
64.0,125.49334,2.0,56.811356,12.0,1.0,0.0
32.0,132.02765,0.0,1.0,1.0,1.0,0.0
66.0,50.719242,1.0,52.102943,1.0,0.0,0.0
27.0,80.81158,1.0,40.84885,12.0,3.0,0.0
38.0,27.627459,3.0,30.20894,24.0,1.0,0.0
63.0,27.7671,1.0,32.643913,1.0,2.0,0.0
65.0,74.869225,2.0,73.99738,12.0,0.0,0.0
63.0,44.009357,2.0,46.109684,12.0,2.0,0.0
55.0,50.337307,2.0,71.797386,24.0,1.0,0.0
32.0,45.10308,4.0,43.875072,1.0,1.0,0.0
13.0,61.406578,1.0,53.88832,12.0,0.0,0.0
14.0,148.7563,3.0,88.38412,12.0,0.0,0.0
45.0,147.4905,4.0,64.24328,1.0,0.0,1.0
45.0,90.08995,0.0,41.789078,24.0,1.0,0.0
1.0,139.29843,2.0,74.809265,24.0,0.0,1.0
52.0,120.64881,3.0,60.47681,1.0,3.0,0.0
43.0,76.837395,0.0,76.64201,1.0,1.0,0.0
28.0,36.58958,2.0,63.26427,1.0,1.0,0.0
42.0,69.61049,0.0,77.18648,12.0,0.0,0.0
18.0,27.27969,1.0,47.392365,1.0,0.0,0.0
49.0,131.32596,1.0,76.74581,1.0,0.0,0.0
69.0,20.846386,1.0,89.50717,24.0,1.0,0.0
59.0,122.21103,2.0,70.96763,1.0,1.0,0.0
40.0,51.81213,1.0,44.24242,24.0,3.0,0.0
53.0,123.83009,0.0,44.52746,1.0,1.0,0.0
21.0,79.47435,0.0,65.3329,24.0,1.0,0.0
25.0,62.393627,2.0,45.67724,24.0,1.0,0.0
23.0,126.004486,1.0,70.11903,12.0,0.0,0.0
64.0,70.98437,2.0,51.77284,24.0,3.0,0.0
53.0,40.136868,2.0,36.187172,1.0,1.0,0.0
38.0,44.31285,1.0,70.598305,1.0,0.0,0.0
47.0,49.960167,1.0,42.929596,24.0,0.0,0.0
26.0,26.38454,2.0,60.9682,1.0,2.0,0.0
55.0,81.22898,2.0,52.31343,24.0,0.0,0.0
3.0,119.18568,3.0,37.94018,24.0,1.0,0.0
20.0,67.366905,3.0,38.92788,12.0,0.0,0.0
43.0,95.734924,1.0,21.563078,24.0,0.0,1.0
26.0,55.67122,5.0,46.12281,12.0,1.0,0.0
31.0,107.20883,1.0,49.97722,12.0,2.0,0.0
19.0,85.83656,1.0,61.600567,24.0,2.0,0.0
70.0,88.2803,6.0,80.570404,12.0,1.0,0.0
32.0,22.609554,1.0,12.554267,12.0,2.0,0.0
67.0,93.03594,1.0,34.88012,12.0,2.0,0.0
49.0,78.73292,4.0,73.17286,1.0,0.0,0.0
12.0,96.51192,1.0,69.41369,24.0,0.0,0.0
47.0,94.52025,0.0,72.0019,1.0,3.0,0.0
52.0,107.8564,2.0,15.634059,1.0,0.0,1.0
21.0,85.3146,0.0,68.18094,24.0,2.0,0.0
60.0,128.39684,4.0,56.193253,12.0,2.0,0.0
43.0,71.394615,3.0,54.24546,12.0,0.0,0.0
71.0,118.7206,0.0,32.521442,24.0,2.0,0.0
60.0,109.1672,2.0,64.78156,1.0,0.0,0.0
1.0,76.39069,4.0,42.441795,1.0,0.0,1.0
58.0,83.73123,0.0,34.39429,1.0,3.0,0.0
43.0,135.71143,1.0,67.84043,24.0,1.0,1.0
16.0,127.22572,0.0,23.41582,12.0,0.0,0.0
71.0,145.77505,4.0,46.14033,24.0,1.0,0.0
2.0,57.48662,2.0,33.635593,12.0,1.0,0.0
72.0,36.114254,2.0,47.99814,12.0,2.0,0.0
11.0,145.55774,1.0,61.885254,12.0,2.0,0.0
43.0,74.49987,1.0,42.68274,24.0,1.0,0.0
43.0,122.40089,1.0,39.208164,12.0,1.0,0.0
50.0,107.102066,2.0,61.98253,12.0,1.0,0.0
4.0,97.22478,2.0,65.28581,24.0,1.0,0.0
49.0,83.98378,4.0,58.396587,12.0,0.0,0.0
5.0,28.104273,1.0,71.430595,1.0,0.0,1.0
42.0,59.811665,0.0,56.88502,12.0,2.0,0.0
61.0,89.281105,3.0,44.85718,24.0,1.0,0.0
20.0,128.5118,3.0,67.6206,1.0,0.0,0.0
28.0,131.01201,1.0,69.88129,24.0,2.0,0.0
39.0,93.35955,2.0,72.73592,1.0,0.0,1.0
33.0,91.52388,4.0,75.02861,24.0,1.0,0.0
15.0,90.581795,4.0,23.12604,24.0,2.0,0.0
3.0,118.7704,0.0,72.87257,24.0,1.0,0.0
34.0,101.41263,1.0,55.520588,24.0,3.0,0.0
14.0,25.542873,1.0,80.88068,1.0,1.0,0.0
29.0,31.84233,1.0,42.64094,12.0,0.0,0.0
4.0,123.71805,0.0,30.490767,24.0,1.0,0.0
39.0,124.30404,3.0,60.488308,12.0,0.0,0.0
60.0,131.83298,0.0,58.898712,1.0,3.0,0.0
1.0,86.83092,3.0,47.706192,1.0,1.0,0.0
17.0,83.62714,1.0,38.31903,1.0,0.0,1.0
15.0,88.10128,1.0,52.209614,1.0,1.0,1.0
61.0,59.406372,1.0,81.681274,24.0,0.0,0.0
5.0,141.59824,1.0,54.595566,12.0,0.0,1.0
38.0,118.434525,1.0,45.86671,24.0,0.0,0.0
37.0,71.8224,3.0,29.44402,24.0,0.0,0.0
59.0,135.47725,3.0,36.555042,12.0,0.0,1.0
45.0,32.034004,4.0,41.604843,12.0,1.0,0.0
18.0,23.33262,5.0,32.995487,1.0,0.0,0.0
45.0,112.03036,1.0,13.749646,12.0,0.0,0.0
27.0,55.37599,0.0,17.142927,1.0,1.0,0.0
71.0,68.68107,3.0,28.59394,1.0,0.0,0.0
43.0,34.050743,1.0,61.039894,1.0,0.0,0.0
46.0,35.324417,3.0,63.385994,1.0,0.0,0.0
20.0,110.34706,4.0,59.237217,12.0,1.0,1.0
70.0,83.04098,1.0,59.770077,24.0,0.0,0.0
20.0,73.97042,4.0,48.312656,12.0,0.0,0.0
63.0,59.139828,4.0,41.95752,24.0,0.0,0.0
66.0,98.610146,2.0,48.044098,12.0,2.0,0.0
8.0,32.05906,1.0,69.12696,12.0,0.0,0.0
3.0,106.0046,2.0,72.48279,1.0,2.0,1.0
8.0,109.044426,0.0,69.175835,24.0,0.0,0.0
36.0,130.44136,1.0,64.38758,24.0,1.0,0.0
45.0,40.00519,0.0,42.435955,12.0,1.0,0.0
54.0,122.79318,2.0,33.66053,1.0,1.0,0.0
25.0,69.73537,1.0,48.190254,12.0,1.0,0.0
24.0,104.94862,1.0,75.169525,12.0,1.0,0.0
54.0,129.85606,2.0,48.928947,1.0,2.0,1.0
67.0,131.6601,2.0,68.0968,1.0,2.0,0.0
22.0,33.07277,0.0,63.053192,24.0,0.0,0.0
32.0,124.95046,0.0,75.17375,12.0,0.0,0.0
48.0,49.25679,2.0,39.07336,24.0,2.0,0.0
62.0,72.27492,5.0,56.03261,1.0,2.0,0.0
33.0,137.78798,2.0,85.371666,1.0,1.0,1.0
67.0,78.44002,3.0,31.135202,24.0,0.0,0.0
34.0,115.458405,1.0,75.51278,12.0,0.0,1.0
51.0,121.812874,3.0,49.196857,1.0,0.0,0.0
1.0,63.548107,0.0,54.30597,1.0,0.0,0.0
70.0,117.09772,2.0,29.025648,1.0,1.0,0.0
8.0,128.24968,3.0,69.18365,12.0,0.0,0.0
37.0,99.714455,2.0,34.72284,12.0,1.0,0.0
45.0,126.752594,5.0,61.309715,12.0,1.0,0.0
59.0,82.16259,0.0,67.4302,12.0,2.0,0.0
9.0,109.49567,2.0,66.98045,12.0,0.0,0.0
25.0,66.384735,1.0,39.33823,1.0,0.0,0.0
71.0,20.604206,4.0,41.262497,24.0,1.0,0.0
17.0,108.40956,1.0,74.846405,24.0,0.0,0.0
58.0,49.688004,3.0,38.406372,1.0,1.0,0.0
16.0,125.854996,2.0,70.8224,1.0,2.0,0.0
11.0,39.184483,3.0,31.01471,1.0,2.0,0.0
25.0,84.142876,0.0,6.992231,1.0,3.0,0.0
13.0,87.01663,2.0,81.36317,1.0,2.0,1.0
30.0,129.55765,2.0,62.64519,1.0,2.0,0.0
47.0,147.13264,3.0,50.004574,12.0,1.0,0.0
68.0,124.86652,1.0,57.326614,1.0,1.0,0.0
34.0,81.57485,1.0,43.455147,12.0,1.0,1.0
37.0,129.07045,2.0,50.1794,12.0,1.0,0.0
72.0,81.155334,1.0,22.247425,1.0,2.0,0.0
62.0,42.61609,0.0,49.078884,1.0,0.0,0.0
40.0,117.249405,2.0,33.691,1.0,1.0,0.0
56.0,117.51315,2.0,19.36277,12.0,1.0,0.0
3.0,55.785873,5.0,40.511623,1.0,0.0,1.0
17.0,87.376526,2.0,30.293425,12.0,0.0,0.0
28.0,52.331657,2.0,89.00773,24.0,2.0,0.0
36.0,51.410057,4.0,54.45142,1.0,1.0,0.0
44.0,54.003563,0.0,69.5941,24.0,0.0,0.0
50.0,48.280144,2.0,33.935,24.0,1.0,0.0
44.0,99.71212,2.0,33.526867,24.0,2.0,0.0
15.0,104.43746,1.0,67.74236,1.0,0.0,0.0
41.0,98.53094,2.0,36.05748,12.0,0.0,1.0
36.0,91.19915,2.0,34.39602,1.0,2.0,0.0
28.0,60.65598,4.0,34.759453,12.0,1.0,0.0
13.0,110.61676,0.0,43.012814,1.0,0.0,0.0
17.0,131.9174,4.0,69.12678,1.0,1.0,1.0
59.0,92.0909,1.0,33.614555,1.0,0.0,0.0
11.0,113.04443,1.0,47.360672,24.0,0.0,0.0
34.0,129.4633,2.0,34.609238,12.0,0.0,0.0
7.0,30.484152,0.0,40.22044,1.0,1.0,0.0
19.0,74.327324,5.0,63.554516,12.0,0.0,1.0
67.0,57.10399,1.0,54.831215,1.0,0.0,0.0
3.0,112.47604,0.0,39.388798,24.0,0.0,1.0
72.0,99.14675,1.0,109.2603,12.0,2.0,0.0
43.0,87.81499,1.0,83.24618,12.0,1.0,0.0
2.0,72.45786,3.0,63.498623,12.0,1.0,1.0
66.0,128.86194,2.0,40.37844,1.0,1.0,0.0
28.0,143.00812,2.0,54.556393,24.0,1.0,0.0
59.0,59.843243,2.0,38.69458,1.0,0.0,0.0
50.0,145.71767,0.0,46.899754,24.0,2.0,1.0
62.0,56.117847,1.0,52.708294,1.0,1.0,0.0
23.0,123.334175,4.0,57.947624,24.0,0.0,0.0
36.0,144.56157,1.0,41.28367,12.0,0.0,0.0
71.0,101.06399,2.0,43.042564,1.0,0.0,0.0
19.0,146.41579,0.0,55.147728,1.0,2.0,1.0
14.0,64.66715,0.0,70.36398,24.0,3.0,0.0
59.0,62.206863,4.0,68.60959,24.0,2.0,0.0
70.0,42.056946,1.0,64.76625,12.0,1.0,0.0
66.0,70.17388,1.0,36.07482,1.0,0.0,0.0
65.0,128.36874,3.0,16.147787,1.0,2.0,0.0
12.0,23.849415,3.0,58.77176,1.0,1.0,0.0
52.0,39.317055,2.0,71.82856,12.0,1.0,0.0
55.0,33.501278,1.0,43.348877,1.0,0.0,0.0
27.0,71.26808,2.0,65.577835,1.0,1.0,1.0
63.0,31.698212,2.0,11.950828,1.0,3.0,0.0
9.0,141.18753,1.0,40.328,1.0,1.0,1.0
39.0,92.652824,3.0,65.62721,12.0,1.0,0.0
69.0,121.100105,5.0,55.222908,1.0,1.0,0.0
41.0,90.08228,1.0,53.32497,1.0,1.0,0.0
62.0,25.212578,3.0,40.209835,1.0,2.0,0.0
29.0,104.28006,1.0,89.52695,1.0,2.0,1.0
30.0,38.275677,2.0,69.30819,24.0,0.0,0.0
70.0,103.70213,1.0,75.63958,1.0,1.0,0.0
26.0,33.33488,1.0,28.863195,24.0,0.0,0.0
45.0,110.72613,2.0,49.433136,12.0,0.0,0.0
40.0,119.044754,2.0,31.931372,1.0,1.0,0.0
44.0,87.22107,1.0,42.842445,24.0,0.0,0.0
37.0,75.83762,2.0,60.0009,24.0,1.0,0.0
40.0,135.57878,4.0,57.793278,1.0,1.0,0.0
27.0,103.64064,2.0,33.726833,24.0,1.0,0.0
35.0,139.10995,1.0,1.0,1.0,1.0,0.0
50.0,37.95141,0.0,20.42272,12.0,0.0,0.0
2.0,120.98371,3.0,50.547413,12.0,0.0,0.0
1.0,129.29063,1.0,29.189947,24.0,2.0,1.0
14.0,26.896173,5.0,56.145046,12.0,0.0,0.0
19.0,35.455135,3.0,30.505522,12.0,1.0,0.0
24.0,53.819286,2.0,58.997555,1.0,2.0,0.0
68.0,43.698704,6.0,49.255066,12.0,0.0,0.0
31.0,58.988903,3.0,40.70769,12.0,1.0,0.0
64.0,138.17676,3.0,58.19247,24.0,2.0,0.0
46.0,60.97265,0.0,47.623646,24.0,1.0,0.0
4.0,45.14427,1.0,68.35792,12.0,0.0,0.0
43.0,39.79165,1.0,46.87468,1.0,1.0,0.0
26.0,55.72579,5.0,29.64986,1.0,2.0,1.0
62.0,107.84818,3.0,45.494682,12.0,2.0,0.0
44.0,127.40576,1.0,72.705795,24.0,0.0,0.0
11.0,42.086212,1.0,56.567055,24.0,0.0,0.0
27.0,72.09863,1.0,48.18667,12.0,2.0,0.0
37.0,58.330112,3.0,42.627373,1.0,2.0,0.0
68.0,122.703316,2.0,5.344586,24.0,0.0,0.0
42.0,42.973007,5.0,55.5441,1.0,0.0,0.0
25.0,22.778284,1.0,8.730263,1.0,1.0,0.0
52.0,59.43875,2.0,38.1605,12.0,0.0,0.0
20.0,53.897194,2.0,56.35926,24.0,1.0,0.0
17.0,61.52028,1.0,68.74641,12.0,1.0,0.0
2.0,128.05562,1.0,60.064644,12.0,2.0,0.0
37.0,91.429436,1.0,74.42134,1.0,1.0,0.0
70.0,30.050068,6.0,28.826979,24.0,0.0,0.0
12.0,146.65414,0.0,29.434479,1.0,0.0,0.0
24.0,119.20326,4.0,52.86654,1.0,0.0,0.0
44.0,142.51816,3.0,42.063522,24.0,0.0,0.0
67.0,81.09742,1.0,47.967476,1.0,0.0,0.0
46.0,148.53366,1.0,83.044815,1.0,2.0,1.0
5.0,45.843166,2.0,19.008919,12.0,1.0,1.0
68.0,25.27006,3.0,51.887283,12.0,0.0,1.0
27.0,31.134323,2.0,53.852047,12.0,0.0,0.0
47.0,128.0436,2.0,64.87725,12.0,2.0,1.0
9.0,63.17081,3.0,44.934208,1.0,0.0,0.0
9.0,44.13195,3.0,55.377792,24.0,2.0,0.0
42.0,45.78348,0.0,34.243294,12.0,1.0,0.0
37.0,123.696724,1.0,43.02074,12.0,0.0,0.0
2.0,35.310295,1.0,84.205986,12.0,0.0,0.0
50.0,120.13907,0.0,53.520767,12.0,2.0,0.0
5.0,128.63347,3.0,44.323757,24.0,0.0,0.0
51.0,38.970806,3.0,55.832554,12.0,1.0,0.0
56.0,38.61937,0.0,67.222885,24.0,2.0,0.0
69.0,137.39449,1.0,14.48135,12.0,2.0,0.0
47.0,44.872025,2.0,65.24945,1.0,1.0,0.0
33.0,97.01919,2.0,59.55092,1.0,2.0,0.0
20.0,67.72526,3.0,43.816814,12.0,1.0,0.0
37.0,44.371605,3.0,20.927233,12.0,0.0,0.0
41.0,36.629147,2.0,40.680023,12.0,1.0,0.0
54.0,51.936504,2.0,50.846966,12.0,2.0,0.0
49.0,78.83913,0.0,79.88949,1.0,1.0,0.0
16.0,92.59056,0.0,67.4443,24.0,0.0,0.0
12.0,46.836746,1.0,49.793556,12.0,1.0,0.0
39.0,95.32245,3.0,50.5034,24.0,2.0,0.0
16.0,28.729742,0.0,49.362644,1.0,1.0,0.0
40.0,83.29275,5.0,24.846611,1.0,3.0,0.0
47.0,35.682915,2.0,31.448038,1.0,1.0,0.0
70.0,35.265984,0.0,61.936428,1.0,0.0,0.0
59.0,62.970486,5.0,81.52651,12.0,3.0,0.0
27.0,91.121185,5.0,34.837555,12.0,0.0,1.0
40.0,124.71705,0.0,41.227024,1.0,1.0,0.0
7.0,113.31412,2.0,75.312386,24.0,0.0,0.0
12.0,75.785385,2.0,40.45491,24.0,3.0,0.0
15.0,140.3569,2.0,55.002197,1.0,1.0,0.0
19.0,139.06833,5.0,37.135777,1.0,1.0,0.0
53.0,70.53354,3.0,55.282806,24.0,1.0,1.0
43.0,58.09336,2.0,38.51698,12.0,2.0,0.0
13.0,137.08778,1.0,42.75584,1.0,1.0,0.0
2.0,59.187603,0.0,61.94812,24.0,0.0,0.0
20.0,110.68807,1.0,56.52578,1.0,1.0,1.0
8.0,77.78312,0.0,49.46634,12.0,0.0,0.0
72.0,101.41914,1.0,54.320755,1.0,2.0,0.0
46.0,67.314545,4.0,28.081047,1.0,1.0,0.0
37.0,131.68124,0.0,65.07422,12.0,1.0,0.0
19.0,124.37927,3.0,45.37244,1.0,1.0,0.0
18.0,73.3231,4.0,38.879765,1.0,3.0,1.0
23.0,142.48949,3.0,84.141464,24.0,2.0,0.0
25.0,54.581165,2.0,71.24571,24.0,0.0,0.0
45.0,137.6248,1.0,34.91695,24.0,1.0,0.0
4.0,110.230835,0.0,55.342968,12.0,0.0,0.0
27.0,124.10199,1.0,44.208534,12.0,1.0,0.0
61.0,136.67003,2.0,61.30353,24.0,1.0,0.0
41.0,83.07014,1.0,29.216778,1.0,2.0,0.0
16.0,86.56234,3.0,81.94584,24.0,1.0,0.0
6.0,52.35497,3.0,3.9896865,24.0,1.0,1.0
11.0,35.364876,3.0,77.90606,12.0,1.0,0.0
3.0,24.122978,0.0,50.280678,12.0,2.0,0.0
50.0,20.628168,3.0,69.890465,24.0,1.0,0.0
44.0,96.04756,2.0,42.544632,12.0,1.0,0.0
42.0,138.75699,3.0,56.28065,1.0,2.0,1.0
56.0,80.18708,2.0,29.586342,12.0,0.0,0.0
15.0,106.11134,3.0,38.69161,1.0,0.0,0.0
33.0,46.32174,2.0,47.281113,1.0,2.0,1.0
31.0,136.64467,1.0,51.335407,1.0,1.0,0.0
71.0,41.255836,2.0,40.419155,1.0,1.0,0.0
63.0,42.35582,0.0,48.017426,1.0,0.0,0.0
64.0,59.53898,1.0,66.546814,24.0,0.0,0.0
39.0,72.338394,2.0,55.023476,1.0,0.0,0.0
26.0,53.376945,2.0,55.952396,1.0,0.0,0.0
25.0,41.87918,2.0,34.675716,1.0,3.0,1.0
31.0,86.738396,3.0,73.96543,24.0,0.0,0.0
38.0,68.18805,3.0,57.069843,1.0,1.0,1.0
3.0,61.297558,3.0,64.05056,12.0,4.0,0.0
24.0,91.708595,7.0,46.7819,1.0,3.0,1.0
53.0,86.90496,2.0,96.18206,12.0,0.0,0.0
4.0,137.48839,1.0,40.726353,12.0,1.0,0.0
22.0,90.911606,1.0,63.657772,1.0,0.0,0.0
9.0,68.63032,3.0,83.723045,1.0,0.0,0.0
35.0,58.907917,2.0,72.37962,1.0,3.0,1.0
55.0,114.78199,0.0,46.2226,12.0,0.0,0.0
25.0,62.214542,2.0,67.38041,12.0,3.0,0.0
29.0,115.77866,2.0,48.76525,1.0,2.0,1.0
18.0,144.05002,1.0,32.842957,12.0,1.0,0.0
47.0,90.6437,2.0,55.28971,1.0,0.0,0.0
1.0,100.40649,2.0,1.0,1.0,0.0,0.0
63.0,89.85613,1.0,75.24638,12.0,4.0,1.0
2.0,148.5284,3.0,50.30965,12.0,1.0,0.0
40.0,123.525734,2.0,52.752304,1.0,1.0,0.0
5.0,77.22957,1.0,58.946293,1.0,1.0,1.0
6.0,102.60584,0.0,95.66539,12.0,1.0,1.0
43.0,108.63387,1.0,47.81215,1.0,0.0,0.0
57.0,35.065678,0.0,31.070108,12.0,1.0,0.0
67.0,119.84751,3.0,51.106705,1.0,0.0,1.0
43.0,126.81921,2.0,84.30035,1.0,1.0,1.0
29.0,57.990017,2.0,44.228146,1.0,0.0,0.0
52.0,96.00219,1.0,49.619183,1.0,1.0,0.0
58.0,147.59787,0.0,26.38648,12.0,0.0,0.0
2.0,95.260735,3.0,87.39926,12.0,1.0,0.0
2.0,121.695015,0.0,101.56627,12.0,3.0,0.0
71.0,131.87811,1.0,59.96133,1.0,1.0,0.0
50.0,77.51204,1.0,66.10969,24.0,2.0,0.0
57.0,132.8039,0.0,85.57337,12.0,1.0,0.0
48.0,64.93976,2.0,51.55734,12.0,1.0,0.0
16.0,68.75081,1.0,51.507248,1.0,1.0,0.0
39.0,76.07545,0.0,8.540884,1.0,1.0,0.0
40.0,88.30672,3.0,48.142307,24.0,3.0,0.0
3.0,68.42817,2.0,50.618073,1.0,3.0,1.0
21.0,123.0228,3.0,75.326904,1.0,0.0,0.0
20.0,130.23402,1.0,71.223366,1.0,1.0,1.0
26.0,57.57339,0.0,42.076237,12.0,2.0,0.0
26.0,35.05463,2.0,28.930387,1.0,1.0,0.0
64.0,105.95441,0.0,43.172672,1.0,1.0,0.0
60.0,85.15352,2.0,49.91338,1.0,0.0,0.0
27.0,141.69173,3.0,51.73779,1.0,2.0,1.0
14.0,49.370846,4.0,50.81261,12.0,0.0,0.0
65.0,48.613415,2.0,57.354694,24.0,1.0,0.0
25.0,66.26679,0.0,14.036184,1.0,0.0,0.0
38.0,77.25763,2.0,41.570175,24.0,1.0,0.0
33.0,79.31337,4.0,43.32746,24.0,1.0,0.0
40.0,69.5394,2.0,76.736305,12.0,2.0,0.0
5.0,23.429308,2.0,50.913074,1.0,1.0,1.0
13.0,33.519382,3.0,34.968758,1.0,1.0,0.0
31.0,148.45389,2.0,29.617199,1.0,2.0,0.0
72.0,123.945946,0.0,45.601017,12.0,0.0,0.0
72.0,130.48322,4.0,39.203762,24.0,2.0,0.0
60.0,58.236073,1.0,37.171837,12.0,0.0,0.0
1.0,102.46588,2.0,86.31342,12.0,0.0,0.0
61.0,83.128426,6.0,53.039196,1.0,0.0,1.0
59.0,84.494095,3.0,49.57027,1.0,1.0,0.0
47.0,65.48597,3.0,40.17281,24.0,0.0,1.0
12.0,55.68938,0.0,47.535,12.0,1.0,0.0
25.0,145.53398,2.0,44.682766,24.0,1.0,1.0
56.0,50.003044,1.0,27.475588,1.0,3.0,1.0
15.0,142.93356,1.0,63.02905,12.0,1.0,0.0
54.0,29.778276,3.0,49.269833,12.0,0.0,0.0
20.0,104.669266,3.0,22.302443,12.0,1.0,1.0
32.0,111.278984,0.0,74.188354,12.0,1.0,0.0
68.0,88.435844,1.0,28.390392,1.0,0.0,0.0
48.0,27.350279,1.0,63.568604,1.0,3.0,0.0
58.0,114.79559,3.0,46.963047,1.0,1.0,0.0
49.0,127.38381,4.0,59.59074,1.0,0.0,0.0
33.0,39.084583,3.0,40.710087,1.0,0.0,0.0
2.0,54.873184,1.0,32.297108,12.0,2.0,1.0
55.0,101.58924,1.0,33.69233,12.0,3.0,0.0
60.0,146.09679,1.0,40.066483,1.0,2.0,0.0
17.0,93.14682,4.0,66.62184,12.0,1.0,0.0
46.0,139.34631,4.0,88.84604,12.0,1.0,0.0
59.0,96.99945,3.0,31.326002,24.0,2.0,0.0
56.0,94.368126,3.0,69.712204,12.0,2.0,0.0
42.0,130.75772,0.0,18.069635,12.0,1.0,0.0
8.0,109.48966,3.0,13.473113,24.0,1.0,0.0
64.0,28.98483,1.0,52.931774,1.0,2.0,0.0
38.0,58.07484,0.0,24.3547,24.0,2.0,0.0
42.0,85.696915,1.0,46.50404,1.0,2.0,0.0
69.0,112.44137,1.0,56.682762,1.0,0.0,0.0
60.0,21.037117,2.0,30.948689,24.0,0.0,0.0
38.0,122.23752,3.0,10.132237,24.0,2.0,0.0
34.0,132.8011,2.0,43.415062,1.0,2.0,1.0
5.0,27.604424,1.0,13.84,1.0,3.0,1.0
70.0,39.749306,4.0,82.012726,12.0,0.0,0.0
34.0,92.760284,0.0,14.430377,1.0,0.0,0.0
46.0,39.333275,3.0,42.2249,12.0,3.0,0.0
16.0,144.00783,1.0,45.09282,24.0,0.0,0.0
37.0,25.62895,0.0,64.425476,1.0,1.0,0.0
13.0,34.620953,2.0,47.854992,1.0,0.0,1.0
5.0,74.757744,3.0,62.25768,12.0,1.0,0.0
51.0,111.33289,3.0,73.68565,24.0,0.0,0.0
69.0,142.04732,0.0,103.16306,12.0,2.0,0.0
62.0,81.08615,0.0,42.865826,24.0,0.0,0.0
7.0,72.32786,1.0,40.59349,1.0,1.0,0.0
66.0,108.38762,3.0,63.847656,12.0,0.0,0.0
30.0,78.66432,0.0,26.615152,1.0,1.0,0.0
53.0,149.16023,1.0,69.18679,24.0,0.0,0.0
46.0,124.976105,2.0,41.281235,1.0,1.0,0.0
6.0,84.67084,2.0,54.680344,1.0,1.0,0.0
26.0,130.23785,2.0,29.868952,24.0,0.0,0.0
33.0,99.093704,3.0,53.00883,24.0,2.0,0.0
12.0,136.10085,1.0,31.656433,12.0,2.0,0.0
44.0,30.233631,5.0,29.830454,12.0,0.0,0.0
49.0,112.94677,2.0,92.243614,1.0,1.0,0.0
70.0,73.89827,4.0,44.52651,1.0,0.0,1.0
44.0,43.99859,1.0,44.378532,24.0,0.0,0.0
35.0,148.98872,0.0,75.6381,12.0,1.0,0.0
53.0,131.43646,2.0,51.507732,1.0,1.0,1.0
59.0,112.847145,0.0,49.002987,1.0,1.0,0.0
59.0,95.66679,1.0,17.166986,12.0,0.0,0.0
21.0,91.98758,0.0,24.22947,24.0,1.0,0.0
20.0,109.44393,1.0,23.211882,1.0,1.0,0.0
32.0,33.355175,4.0,70.14804,24.0,0.0,0.0
46.0,34.44764,2.0,60.574642,12.0,2.0,0.0
52.0,43.076584,1.0,17.20573,24.0,0.0,0.0
68.0,30.671219,3.0,62.465405,1.0,1.0,0.0
10.0,29.217413,0.0,68.68167,24.0,0.0,0.0
33.0,133.78773,2.0,32.574024,1.0,0.0,1.0
23.0,87.24545,1.0,52.838768,12.0,0.0,0.0
57.0,86.695595,1.0,22.969912,24.0,1.0,0.0
45.0,78.515945,3.0,24.169216,12.0,0.0,0.0
32.0,72.71146,4.0,31.77639,12.0,1.0,0.0
7.0,74.09811,3.0,48.340416,12.0,2.0,0.0
44.0,23.117126,2.0,42.556858,24.0,0.0,0.0
70.0,107.012314,1.0,51.01995,12.0,3.0,0.0
28.0,131.55103,1.0,34.880016,1.0,1.0,1.0
23.0,146.3224,0.0,34.15076,24.0,0.0,0.0
48.0,97.87224,2.0,51.413086,1.0,0.0,0.0
58.0,83.84511,1.0,44.868366,1.0,0.0,0.0
53.0,141.6655,2.0,85.55355,1.0,2.0,0.0
12.0,131.08948,2.0,59.205944,12.0,0.0,1.0
31.0,73.92569,1.0,34.013683,24.0,1.0,0.0
25.0,137.40102,1.0,46.046253,1.0,1.0,0.0
67.0,99.0115,3.0,24.644093,1.0,2.0,0.0
22.0,125.14943,0.0,37.726215,12.0,0.0,0.0
36.0,93.1076,2.0,41.23852,24.0,1.0,0.0
45.0,98.67919,2.0,38.140125,1.0,1.0,0.0
14.0,103.22308,2.0,41.030174,24.0,1.0,0.0
66.0,22.618925,2.0,57.683743,24.0,1.0,0.0
37.0,55.6759,6.0,34.124302,12.0,1.0,0.0
11.0,41.637043,2.0,71.35912,12.0,1.0,0.0
24.0,22.796638,0.0,40.53203,24.0,3.0,0.0
58.0,54.70254,2.0,40.47625,1.0,0.0,0.0
69.0,74.66067,3.0,62.17417,24.0,5.0,0.0
22.0,52.38938,3.0,64.244026,12.0,3.0,1.0
53.0,115.83296,1.0,28.809853,1.0,0.0,0.0
70.0,145.35385,2.0,45.03769,1.0,0.0,0.0
20.0,98.26728,3.0,38.024723,24.0,3.0,1.0
1.0,23.666979,0.0,29.673876,1.0,0.0,0.0
17.0,67.62789,2.0,47.21612,1.0,1.0,0.0
31.0,118.536,1.0,101.79271,1.0,2.0,1.0
23.0,56.44016,1.0,58.59939,12.0,3.0,1.0
3.0,109.551865,1.0,52.94852,24.0,1.0,0.0
42.0,23.025757,1.0,26.75417,1.0,1.0,0.0
8.0,76.142914,1.0,61.23014,12.0,0.0,0.0
51.0,53.559105,5.0,27.759563,1.0,0.0,0.0
66.0,68.67566,2.0,56.342773,24.0,1.0,0.0
60.0,33.323063,4.0,27.678715,1.0,1.0,0.0
38.0,136.17064,1.0,58.59023,1.0,2.0,0.0
72.0,29.458874,1.0,75.85979,12.0,1.0,0.0
59.0,107.64472,2.0,36.766724,1.0,2.0,0.0
9.0,101.724945,4.0,38.816296,12.0,2.0,0.0
16.0,86.699165,3.0,1.0,12.0,1.0,1.0
5.0,139.77693,3.0,89.26399,24.0,1.0,0.0
55.0,26.740396,1.0,65.07516,24.0,0.0,0.0
54.0,120.49495,1.0,40.329067,24.0,0.0,0.0
14.0,27.828163,1.0,49.987667,24.0,1.0,0.0
7.0,148.5195,2.0,81.12365,12.0,0.0,1.0
33.0,133.82597,8.0,56.784252,1.0,0.0,1.0
16.0,84.30382,0.0,73.257256,24.0,0.0,0.0
36.0,100.795395,2.0,70.8263,1.0,1.0,0.0
66.0,117.83277,4.0,81.88133,24.0,0.0,0.0
4.0,103.259254,4.0,52.582962,1.0,0.0,1.0
41.0,102.02204,1.0,41.8641,1.0,1.0,1.0
21.0,101.20694,1.0,30.70514,1.0,1.0,0.0
3.0,48.56498,3.0,52.11325,24.0,2.0,0.0
42.0,64.200226,1.0,60.68537,12.0,3.0,0.0
2.0,144.42894,1.0,96.63535,24.0,2.0,0.0
66.0,100.99185,3.0,43.381683,24.0,0.0,0.0
58.0,108.30382,2.0,71.234764,1.0,1.0,0.0
18.0,33.644222,3.0,46.653778,1.0,2.0,0.0
38.0,21.268774,3.0,28.34089,1.0,2.0,1.0
18.0,137.26974,1.0,78.89978,1.0,0.0,0.0
59.0,38.450165,5.0,28.76797,12.0,3.0,0.0
58.0,85.48122,4.0,64.02084,1.0,0.0,0.0
14.0,145.4872,2.0,54.495365,1.0,1.0,0.0
46.0,130.84581,2.0,12.630283,1.0,4.0,0.0
67.0,144.5665,1.0,18.439068,1.0,1.0,0.0
16.0,42.34808,1.0,72.50639,24.0,2.0,0.0
13.0,41.23166,1.0,55.65993,1.0,0.0,0.0
36.0,98.54279,0.0,80.29214,1.0,0.0,0.0
68.0,118.35344,2.0,52.34593,1.0,0.0,1.0
4.0,76.273186,3.0,78.30874,24.0,0.0,0.0
53.0,55.39563,2.0,79.49714,1.0,1.0,0.0
31.0,141.81763,1.0,80.6928,12.0,0.0,0.0
54.0,85.74596,2.0,29.868769,12.0,1.0,0.0
19.0,116.86731,3.0,10.697135,12.0,1.0,1.0
53.0,84.78634,3.0,35.48089,1.0,1.0,0.0
10.0,110.466576,5.0,70.83748,12.0,1.0,0.0
42.0,112.89081,1.0,71.78517,12.0,0.0,1.0
24.0,133.30135,2.0,19.950882,12.0,2.0,1.0
24.0,34.29006,2.0,49.883263,12.0,0.0,0.0
67.0,96.2623,3.0,58.525757,24.0,0.0,0.0
29.0,96.59192,1.0,32.696957,1.0,0.0,0.0
47.0,100.75389,3.0,27.354952,12.0,1.0,1.0
60.0,37.955666,2.0,44.133484,1.0,0.0,0.0
21.0,139.13837,1.0,48.62421,1.0,0.0,1.0
38.0,113.53467,0.0,22.459528,1.0,1.0,0.0
1.0,49.09546,1.0,85.73929,1.0,1.0,0.0
36.0,112.82883,1.0,54.743286,12.0,1.0,0.0
15.0,120.12113,3.0,51.931583,1.0,0.0,1.0
20.0,67.32211,0.0,56.420666,1.0,1.0,0.0
18.0,120.822075,3.0,41.33891,12.0,1.0,1.0
21.0,41.862022,5.0,66.43201,1.0,0.0,1.0
40.0,121.72481,1.0,66.48229,12.0,3.0,0.0
69.0,88.7479,2.0,81.73562,1.0,1.0,0.0
54.0,120.94439,0.0,62.83305,1.0,0.0,0.0
54.0,71.570854,2.0,36.815407,24.0,0.0,0.0
31.0,47.41214,5.0,52.707867,24.0,3.0,0.0
26.0,131.20895,3.0,60.76449,1.0,3.0,0.0
68.0,87.74278,2.0,50.633404,1.0,1.0,0.0
62.0,23.460634,4.0,60.25513,12.0,0.0,0.0
25.0,102.53589,4.0,72.08368,24.0,2.0,0.0
71.0,78.47971,2.0,63.11327,24.0,0.0,0.0
71.0,22.29046,2.0,43.261547,12.0,1.0,0.0
72.0,110.58349,1.0,1.0,1.0,1.0,0.0
44.0,54.843285,2.0,60.48781,12.0,1.0,0.0
61.0,98.02003,2.0,64.011314,24.0,2.0,0.0
18.0,37.473778,1.0,38.986256,12.0,0.0,0.0
57.0,26.685013,1.0,66.487335,24.0,0.0,0.0
65.0,143.76642,2.0,73.13009,1.0,0.0,0.0
34.0,98.81646,0.0,28.817955,12.0,1.0,1.0
7.0,62.99887,1.0,46.789204,1.0,0.0,0.0
53.0,131.23386,0.0,75.363174,12.0,0.0,0.0
29.0,137.5006,5.0,48.78377,12.0,2.0,1.0
60.0,114.07553,3.0,18.374176,1.0,0.0,1.0
67.0,31.265598,1.0,59.51676,12.0,0.0,0.0
21.0,89.84562,0.0,62.545933,1.0,2.0,0.0
60.0,34.5698,1.0,39.12782,1.0,0.0,0.0
23.0,28.510035,3.0,44.25462,12.0,0.0,1.0
44.0,120.10747,2.0,61.73773,12.0,1.0,1.0
56.0,134.97455,2.0,72.309265,1.0,2.0,0.0
9.0,48.907368,5.0,59.52666,24.0,1.0,0.0
65.0,44.12576,2.0,78.69925,24.0,0.0,0.0
32.0,38.16579,1.0,48.905163,24.0,1.0,0.0
51.0,37.76176,2.0,72.30072,12.0,0.0,0.0
1.0,44.13482,3.0,41.06952,12.0,0.0,1.0
27.0,141.42496,5.0,81.87849,1.0,2.0,1.0
56.0,58.88613,3.0,33.209927,1.0,1.0,1.0
64.0,28.752577,4.0,56.6963,1.0,2.0,0.0
19.0,55.70178,2.0,63.061073,12.0,0.0,0.0
28.0,114.30805,2.0,50.47281,1.0,1.0,0.0
32.0,81.98718,1.0,81.62535,12.0,0.0,0.0
7.0,94.68939,2.0,65.12439,12.0,1.0,1.0
31.0,137.79594,2.0,100.99051,24.0,3.0,1.0
72.0,75.10231,1.0,45.83123,12.0,2.0,0.0
7.0,121.98638,1.0,78.03405,12.0,1.0,0.0
52.0,58.700226,3.0,25.312231,12.0,3.0,1.0
6.0,141.99748,1.0,63.164085,12.0,0.0,0.0
17.0,40.289402,0.0,71.32121,1.0,1.0,0.0
56.0,86.14961,3.0,31.708397,12.0,1.0,0.0
34.0,107.834,1.0,61.5325,1.0,1.0,0.0
33.0,120.74333,2.0,92.908005,12.0,0.0,0.0
27.0,118.96584,3.0,32.854843,12.0,0.0,0.0
7.0,43.673218,4.0,43.107094,24.0,1.0,0.0
37.0,101.45149,4.0,90.50767,1.0,1.0,0.0
42.0,102.6948,2.0,50.02045,12.0,0.0,0.0
69.0,121.54342,2.0,29.954264,24.0,0.0,0.0
10.0,42.37043,0.0,37.614758,1.0,0.0,0.0
2.0,99.09159,2.0,29.089037,1.0,1.0,1.0
36.0,112.48486,0.0,48.172676,1.0,2.0,0.0
11.0,122.7451,1.0,50.14761,1.0,0.0,1.0
39.0,129.04402,4.0,57.956028,12.0,1.0,0.0
66.0,123.71449,2.0,1.0,12.0,1.0,1.0
51.0,63.54476,3.0,54.730694,12.0,3.0,1.0
71.0,32.88221,0.0,48.34129,1.0,0.0,0.0
46.0,32.461952,5.0,31.110989,12.0,0.0,0.0
62.0,64.68264,4.0,61.81916,12.0,1.0,0.0
49.0,94.97502,4.0,77.28283,1.0,4.0,1.0
22.0,21.544867,1.0,49.8331,24.0,1.0,0.0
3.0,94.771355,2.0,62.335457,1.0,1.0,1.0
14.0,36.65822,1.0,75.88127,12.0,0.0,0.0
18.0,110.68858,2.0,60.07613,12.0,0.0,1.0
12.0,107.58532,1.0,17.143953,12.0,0.0,1.0
54.0,95.24062,5.0,42.709454,24.0,2.0,0.0
58.0,88.20605,1.0,23.792936,24.0,0.0,0.0
29.0,102.86558,2.0,63.55641,1.0,0.0,0.0
52.0,26.19923,2.0,34.971954,24.0,1.0,0.0
26.0,126.333115,1.0,51.33242,1.0,0.0,0.0
37.0,148.29076,0.0,11.941161,12.0,3.0,0.0
54.0,76.02852,1.0,59.41159,1.0,1.0,0.0
10.0,48.95085,3.0,59.02545,12.0,0.0,1.0
69.0,105.71739,1.0,50.90195,1.0,1.0,0.0
28.0,133.30034,0.0,63.921806,1.0,2.0,0.0
23.0,93.71805,4.0,61.154125,24.0,1.0,0.0
39.0,127.80116,4.0,78.77301,24.0,0.0,0.0
57.0,40.419502,3.0,63.337605,24.0,3.0,0.0
26.0,48.654022,0.0,37.400757,24.0,0.0,0.0
50.0,131.07637,2.0,46.958633,24.0,0.0,0.0
11.0,26.652592,0.0,50.775448,12.0,1.0,0.0
21.0,133.75726,1.0,43.52186,12.0,2.0,0.0
52.0,74.2302,2.0,55.79009,1.0,0.0,0.0
40.0,126.35171,3.0,55.084667,1.0,3.0,0.0
18.0,84.37688,5.0,43.428844,24.0,2.0,1.0
38.0,128.21556,1.0,25.540455,1.0,1.0,1.0
65.0,105.10669,4.0,46.152752,12.0,0.0,0.0
39.0,123.929436,2.0,54.86703,1.0,2.0,0.0
72.0,31.279484,2.0,57.13123,12.0,1.0,0.0
6.0,79.64591,1.0,45.629578,24.0,0.0,0.0
71.0,52.188038,2.0,62.1668,12.0,2.0,0.0
21.0,91.618004,1.0,77.08144,12.0,0.0,0.0
10.0,121.43692,1.0,49.071655,24.0,1.0,0.0
72.0,137.94423,0.0,19.329975,1.0,0.0,0.0
9.0,102.939606,4.0,32.812344,1.0,0.0,0.0
4.0,137.20973,2.0,57.61881,1.0,1.0,0.0
16.0,136.3061,6.0,34.937923,1.0,0.0,1.0
46.0,30.803513,1.0,11.250261,24.0,3.0,0.0
25.0,28.100677,2.0,37.20719,1.0,2.0,1.0
60.0,64.741615,2.0,25.57847,1.0,2.0,0.0
3.0,97.97593,3.0,1.0,1.0,0.0,1.0
12.0,40.496994,2.0,71.53209,1.0,1.0,1.0
24.0,118.04966,3.0,71.65463,24.0,1.0,1.0
51.0,126.67176,1.0,57.322598,24.0,0.0,0.0
14.0,31.11029,2.0,48.24845,12.0,2.0,0.0
18.0,34.329517,4.0,93.81577,1.0,1.0,0.0
48.0,50.653774,2.0,62.133266,12.0,0.0,0.0
13.0,145.37016,5.0,14.0179,1.0,2.0,1.0
47.0,67.49351,2.0,27.9395,1.0,1.0,0.0
8.0,76.53516,5.0,30.18934,1.0,1.0,0.0
1.0,54.657883,1.0,52.63788,1.0,0.0,0.0
40.0,106.050156,4.0,47.56455,1.0,0.0,0.0
1.0,36.147842,0.0,53.928463,1.0,1.0,0.0
6.0,24.070906,4.0,13.672842,1.0,3.0,1.0
8.0,22.50141,4.0,55.66231,1.0,2.0,1.0
53.0,102.87501,4.0,88.1061,1.0,0.0,1.0
62.0,28.854372,0.0,18.876156,1.0,3.0,0.0
15.0,57.35706,1.0,32.50509,12.0,1.0,0.0
44.0,130.42989,2.0,48.311466,24.0,1.0,0.0
44.0,142.5226,2.0,67.76756,1.0,0.0,1.0
7.0,116.57576,4.0,38.974846,1.0,0.0,1.0
60.0,115.10814,1.0,58.077065,12.0,0.0,0.0
53.0,20.835697,1.0,37.62535,12.0,3.0,0.0
69.0,118.48758,4.0,63.654293,24.0,0.0,0.0
58.0,110.8215,4.0,70.03155,24.0,1.0,0.0
55.0,85.99303,1.0,67.63851,24.0,2.0,0.0
51.0,59.938957,3.0,73.55014,24.0,0.0,0.0
45.0,31.285479,1.0,55.932526,12.0,0.0,0.0
11.0,31.864906,0.0,69.89807,1.0,1.0,0.0
36.0,141.70735,2.0,29.189451,24.0,0.0,0.0
19.0,115.993256,2.0,41.447887,12.0,0.0,1.0
9.0,67.68358,1.0,61.840492,1.0,0.0,0.0
40.0,29.909447,4.0,85.91176,1.0,1.0,1.0
7.0,70.45297,2.0,63.565876,1.0,1.0,0.0
58.0,43.83836,2.0,38.340744,1.0,4.0,1.0
9.0,80.41709,3.0,31.3833,12.0,4.0,1.0
40.0,34.257244,2.0,22.445894,12.0,2.0,0.0
21.0,133.17975,2.0,1.0,1.0,2.0,0.0
15.0,101.35453,2.0,46.346527,12.0,0.0,1.0
37.0,71.08512,3.0,79.21234,1.0,2.0,0.0
21.0,65.0573,1.0,34.414566,24.0,1.0,0.0
12.0,21.215427,2.0,33.00941,1.0,1.0,1.0
61.0,111.82165,0.0,46.56733,1.0,4.0,0.0
16.0,142.20172,3.0,84.37729,24.0,1.0,0.0
19.0,76.311775,0.0,64.88491,1.0,0.0,0.0
53.0,47.713257,2.0,57.245396,12.0,1.0,0.0
45.0,149.6211,0.0,27.300291,24.0,1.0,0.0
17.0,93.528885,3.0,60.29583,12.0,0.0,1.0
56.0,135.39697,2.0,35.098106,12.0,0.0,0.0
47.0,108.14878,1.0,45.568123,12.0,2.0,0.0
13.0,68.93248,4.0,61.356358,12.0,1.0,1.0
64.0,42.50198,4.0,39.704666,12.0,0.0,1.0
36.0,117.23646,2.0,54.88137,12.0,1.0,0.0
55.0,121.45714,1.0,37.364834,1.0,0.0,0.0
35.0,30.186981,5.0,61.98256,12.0,2.0,0.0
14.0,135.51012,2.0,28.581598,1.0,1.0,0.0
44.0,20.364029,0.0,47.555664,1.0,0.0,0.0
62.0,72.32322,3.0,64.64473,12.0,1.0,0.0
5.0,119.07217,2.0,79.23832,1.0,1.0,1.0
9.0,127.80492,1.0,74.673645,12.0,3.0,1.0
34.0,30.800846,3.0,40.359844,12.0,0.0,1.0
34.0,83.42144,4.0,63.87269,24.0,1.0,0.0
29.0,129.23901,0.0,40.88678,1.0,1.0,0.0
43.0,129.37738,1.0,34.791264,12.0,1.0,0.0
12.0,24.724703,1.0,64.56115,24.0,1.0,0.0
6.0,59.88449,1.0,40.52383,24.0,0.0,0.0
49.0,133.28525,2.0,26.50718,1.0,2.0,1.0
57.0,87.093636,5.0,39.39644,12.0,1.0,1.0
21.0,121.765175,2.0,30.629429,1.0,1.0,0.0
1.0,82.06806,2.0,79.33781,12.0,3.0,1.0
4.0,148.2002,0.0,63.281696,1.0,1.0,1.0
14.0,140.35805,1.0,31.491365,24.0,1.0,1.0
60.0,123.601326,2.0,71.675644,1.0,0.0,0.0
21.0,128.7121,4.0,40.585182,12.0,0.0,0.0
24.0,145.29335,2.0,23.84112,12.0,2.0,0.0
62.0,116.91577,2.0,93.12631,12.0,2.0,0.0
31.0,36.88186,1.0,37.722702,12.0,0.0,0.0
26.0,99.60421,3.0,53.687077,12.0,3.0,1.0
31.0,30.586046,4.0,57.69453,12.0,0.0,0.0
60.0,131.2843,3.0,25.431843,24.0,1.0,0.0
51.0,145.3146,0.0,32.8693,1.0,1.0,0.0
2.0,24.736935,3.0,37.574913,12.0,0.0,0.0
72.0,50.576694,2.0,68.3768,24.0,1.0,0.0
46.0,139.90768,3.0,45.243225,12.0,1.0,1.0
26.0,67.7461,2.0,44.865692,12.0,1.0,0.0
1.0,81.51134,1.0,78.7363,12.0,0.0,0.0
59.0,100.94385,4.0,10.711441,1.0,1.0,1.0
59.0,112.74518,2.0,51.007298,12.0,1.0,0.0
27.0,38.166348,0.0,38.806427,24.0,0.0,0.0
34.0,96.17803,1.0,2.5415065,1.0,0.0,0.0
21.0,30.225965,3.0,48.74195,1.0,2.0,0.0
35.0,79.38203,3.0,1.0,1.0,1.0,1.0
40.0,55.249588,2.0,40.05588,12.0,2.0,0.0
29.0,66.394745,2.0,74.42576,12.0,0.0,0.0
56.0,123.826004,2.0,63.422035,24.0,1.0,0.0
19.0,66.800476,2.0,37.166805,1.0,0.0,1.0
23.0,23.42876,3.0,35.116283,1.0,0.0,0.0
61.0,124.23812,5.0,66.25917,12.0,1.0,1.0
4.0,148.46385,3.0,52.86391,24.0,0.0,0.0
61.0,31.105742,3.0,26.804762,1.0,2.0,0.0
25.0,129.79152,2.0,51.27978,24.0,0.0,1.0
27.0,130.37552,2.0,36.808353,24.0,2.0,0.0
67.0,137.70184,1.0,24.424355,12.0,1.0,0.0
57.0,76.2129,0.0,60.167847,1.0,2.0,0.0
69.0,76.122406,1.0,33.602936,24.0,0.0,0.0
4.0,114.23297,3.0,51.439636,12.0,3.0,1.0
29.0,31.471338,0.0,40.16964,1.0,1.0,0.0
24.0,40.204037,2.0,90.20756,12.0,3.0,1.0
14.0,24.888002,4.0,67.853485,1.0,1.0,0.0
6.0,62.196766,0.0,40.16344,12.0,2.0,0.0
56.0,129.59235,2.0,61.652065,12.0,1.0,0.0
55.0,112.54734,1.0,92.249016,12.0,1.0,0.0
22.0,47.174156,4.0,54.694214,12.0,0.0,0.0
49.0,143.30038,1.0,44.056717,12.0,1.0,0.0
18.0,61.71319,2.0,92.071655,12.0,2.0,0.0
41.0,103.71181,2.0,36.781044,12.0,1.0,0.0
56.0,69.69178,2.0,57.17807,24.0,0.0,0.0
44.0,111.80705,1.0,56.25366,24.0,0.0,1.0
47.0,67.89473,0.0,27.619637,12.0,0.0,0.0
30.0,58.25114,1.0,64.06709,1.0,2.0,1.0
34.0,100.12943,2.0,48.75204,1.0,1.0,1.0
22.0,145.2304,2.0,10.217605,24.0,1.0,0.0
56.0,46.713528,2.0,40.83901,1.0,2.0,0.0
18.0,114.642265,3.0,51.808163,1.0,2.0,1.0
31.0,141.82224,1.0,77.2454,12.0,0.0,0.0
72.0,107.19474,3.0,42.585773,1.0,0.0,0.0
61.0,22.69848,2.0,31.680624,1.0,3.0,0.0
3.0,76.81401,2.0,34.7546,24.0,1.0,1.0
39.0,116.57895,3.0,54.075527,12.0,0.0,0.0
3.0,55.364437,4.0,89.618965,1.0,0.0,0.0
47.0,90.90476,1.0,35.361515,1.0,0.0,1.0
37.0,119.48196,1.0,71.92185,12.0,3.0,0.0
24.0,130.00621,1.0,52.22355,1.0,0.0,0.0
2.0,23.997433,2.0,29.142176,24.0,1.0,0.0
41.0,76.43319,1.0,63.512733,1.0,0.0,0.0
35.0,114.392975,4.0,44.416183,12.0,0.0,0.0
25.0,140.78644,1.0,76.07855,1.0,1.0,1.0
7.0,114.00797,2.0,55.965034,1.0,0.0,1.0
69.0,53.96496,0.0,29.892662,1.0,3.0,0.0
30.0,69.820175,4.0,36.7678,12.0,2.0,0.0
40.0,132.30019,1.0,76.8211,12.0,1.0,1.0
4.0,142.32979,1.0,58.98449,1.0,0.0,1.0
45.0,102.21304,3.0,12.182895,1.0,0.0,0.0
36.0,65.00754,1.0,32.272755,1.0,1.0,0.0
3.0,53.90618,2.0,59.332443,12.0,3.0,1.0
54.0,47.009415,1.0,73.739655,1.0,0.0,0.0
57.0,102.72809,2.0,83.838455,1.0,0.0,0.0
72.0,67.40424,3.0,7.55009,1.0,1.0,1.0
71.0,42.70154,3.0,50.70545,12.0,1.0,0.0
23.0,117.545906,1.0,28.328852,24.0,0.0,0.0
55.0,80.0445,1.0,57.933502,1.0,0.0,0.0
20.0,134.145,3.0,43.060707,1.0,0.0,0.0
38.0,82.60193,2.0,10.801304,1.0,1.0,1.0
43.0,61.057003,2.0,31.870707,12.0,1.0,0.0
47.0,131.85907,1.0,84.26716,1.0,1.0,1.0
16.0,59.142826,2.0,33.02076,12.0,0.0,1.0
10.0,144.8467,3.0,70.700874,1.0,3.0,1.0
61.0,53.197433,4.0,46.750694,24.0,0.0,0.0
17.0,143.96422,1.0,28.373573,1.0,1.0,0.0
49.0,142.27846,2.0,49.44392,1.0,2.0,0.0
40.0,123.35805,4.0,42.673782,12.0,0.0,0.0
5.0,119.8184,3.0,44.16811,24.0,1.0,1.0
1.0,31.839893,4.0,27.328531,1.0,3.0,1.0
63.0,100.58593,1.0,60.06952,24.0,1.0,0.0
23.0,30.357529,4.0,37.312393,24.0,0.0,0.0
59.0,74.346924,2.0,59.827755,1.0,1.0,0.0
60.0,26.442514,2.0,56.394066,24.0,4.0,0.0
48.0,124.19254,2.0,37.718468,24.0,0.0,0.0
3.0,48.802414,2.0,39.405796,24.0,1.0,0.0
69.0,92.74525,0.0,88.970116,24.0,3.0,0.0
12.0,69.42498,4.0,58.264103,24.0,0.0,1.0
12.0,20.439552,3.0,72.4791,1.0,1.0,1.0
39.0,72.731026,2.0,70.64113,12.0,2.0,0.0
34.0,54.376408,2.0,28.223686,12.0,1.0,0.0
72.0,32.74824,2.0,60.85409,24.0,0.0,0.0
24.0,21.923452,1.0,79.22064,12.0,1.0,0.0
31.0,105.58765,1.0,89.57915,1.0,0.0,0.0
56.0,43.48156,2.0,50.171764,24.0,1.0,0.0
21.0,100.85929,0.0,42.25572,1.0,0.0,1.0
14.0,104.32356,2.0,41.56241,12.0,0.0,0.0
41.0,65.33708,3.0,25.313326,24.0,0.0,0.0
20.0,104.18641,1.0,28.596554,1.0,2.0,0.0
59.0,113.31186,1.0,43.591053,12.0,1.0,0.0
63.0,91.04191,1.0,55.332275,12.0,3.0,0.0
41.0,137.71481,3.0,34.41049,1.0,1.0,0.0
38.0,40.51555,0.0,54.17162,1.0,1.0,0.0
61.0,34.961254,2.0,54.20793,12.0,1.0,0.0
19.0,97.66797,1.0,55.843464,12.0,1.0,0.0
49.0,130.99362,1.0,48.810345,12.0,0.0,0.0
52.0,71.997826,2.0,70.21848,12.0,0.0,0.0
46.0,99.23442,1.0,85.75081,24.0,1.0,0.0
35.0,129.54623,3.0,46.138535,12.0,1.0,1.0
37.0,145.74252,1.0,51.716938,12.0,0.0,0.0
70.0,86.13553,2.0,72.15519,24.0,0.0,0.0
21.0,133.79868,2.0,37.45716,12.0,2.0,1.0
59.0,82.47801,1.0,61.25844,24.0,1.0,0.0
36.0,117.36197,1.0,25.633127,24.0,1.0,0.0
8.0,146.93907,1.0,37.90264,1.0,1.0,1.0
43.0,28.122007,2.0,22.485338,1.0,2.0,0.0
44.0,101.75587,1.0,30.149742,24.0,0.0,0.0
17.0,32.671772,2.0,44.68334,12.0,0.0,0.0
9.0,136.60556,1.0,47.09767,1.0,0.0,0.0
30.0,94.324905,0.0,51.799644,1.0,0.0,0.0
32.0,73.908356,2.0,27.398273,1.0,1.0,1.0
26.0,140.9857,3.0,17.09711,24.0,2.0,1.0
47.0,138.24329,2.0,35.945457,12.0,2.0,0.0
25.0,126.84078,2.0,67.23938,12.0,1.0,0.0
42.0,50.33272,1.0,33.22347,1.0,1.0,0.0
30.0,118.61431,2.0,40.991375,24.0,3.0,0.0
66.0,137.47838,0.0,33.50313,24.0,1.0,0.0
5.0,105.87304,2.0,63.55135,1.0,1.0,1.0
64.0,124.57899,0.0,46.422455,1.0,0.0,0.0
46.0,109.435104,3.0,22.768023,24.0,1.0,0.0
39.0,93.113205,0.0,43.34989,1.0,1.0,0.0
37.0,55.382812,1.0,64.27258,24.0,1.0,0.0
71.0,85.48805,3.0,75.26713,12.0,0.0,0.0
37.0,51.687717,4.0,28.868963,12.0,2.0,1.0
20.0,46.648453,1.0,34.943737,12.0,0.0,0.0
67.0,51.550213,0.0,51.97018,24.0,1.0,0.0
51.0,120.355125,2.0,23.488825,12.0,3.0,0.0
53.0,145.6387,4.0,39.773376,12.0,1.0,0.0
19.0,21.852907,2.0,46.1396,12.0,1.0,0.0
43.0,62.45369,3.0,97.653725,12.0,1.0,0.0
48.0,126.87164,0.0,28.408018,24.0,0.0,0.0
36.0,145.00984,2.0,59.343803,1.0,0.0,1.0
45.0,77.317535,3.0,25.820816,12.0,0.0,0.0
63.0,79.75129,2.0,75.399414,1.0,1.0,1.0
29.0,78.096794,3.0,1.0,1.0,2.0,1.0
57.0,77.08489,0.0,62.786545,1.0,0.0,0.0
53.0,69.12153,0.0,66.10363,1.0,1.0,0.0
7.0,44.730152,1.0,64.63387,1.0,0.0,0.0
18.0,72.3421,0.0,41.815647,12.0,0.0,0.0
27.0,39.16259,1.0,90.053696,1.0,0.0,0.0
39.0,32.51774,5.0,42.453056,1.0,0.0,0.0
46.0,20.282694,1.0,32.219265,1.0,2.0,0.0
65.0,96.98791,0.0,62.041058,12.0,0.0,0.0
53.0,65.98366,4.0,44.559814,12.0,3.0,0.0
40.0,108.868034,0.0,43.460423,1.0,1.0,0.0
33.0,146.88332,3.0,35.095867,12.0,1.0,1.0
46.0,75.49801,0.0,25.370218,12.0,2.0,0.0
11.0,116.71967,0.0,43.059376,12.0,0.0,0.0
17.0,68.09218,1.0,62.436253,24.0,2.0,0.0
58.0,69.40699,3.0,27.365587,24.0,4.0,1.0
19.0,89.61322,4.0,68.21083,24.0,1.0,0.0
19.0,106.81596,4.0,42.19841,1.0,2.0,1.0
39.0,74.38026,4.0,73.35871,12.0,0.0,0.0
50.0,149.04991,4.0,53.13414,24.0,1.0,0.0
14.0,125.559525,4.0,63.9672,24.0,0.0,0.0
4.0,33.36525,0.0,19.88658,1.0,0.0,0.0
67.0,29.833353,2.0,82.52549,12.0,2.0,0.0
66.0,64.726776,2.0,57.0094,1.0,0.0,0.0
52.0,72.43348,3.0,42.985405,24.0,0.0,0.0
21.0,72.33191,1.0,47.472412,1.0,0.0,0.0
11.0,67.48692,1.0,22.58119,24.0,1.0,0.0
54.0,37.671394,1.0,36.77246,1.0,1.0,0.0
28.0,56.073288,0.0,51.56246,1.0,3.0,0.0
51.0,58.4251,2.0,41.027176,24.0,0.0,0.0
10.0,98.04454,2.0,45.86654,12.0,0.0,1.0
25.0,27.259264,2.0,61.23926,1.0,1.0,0.0
53.0,114.92157,1.0,44.54299,1.0,1.0,0.0
69.0,58.045532,1.0,47.848,24.0,0.0,0.0
36.0,122.74841,2.0,51.07033,24.0,0.0,0.0
33.0,82.89069,1.0,64.80227,12.0,0.0,0.0
69.0,120.64012,1.0,22.421696,1.0,1.0,0.0
40.0,146.37941,2.0,64.1395,12.0,0.0,0.0
14.0,125.08968,1.0,57.189175,12.0,2.0,0.0
2.0,124.88097,1.0,64.0989,12.0,2.0,0.0
42.0,20.946722,6.0,54.89315,12.0,1.0,0.0
2.0,29.172735,2.0,72.09065,12.0,1.0,1.0
27.0,94.755936,1.0,55.34809,12.0,2.0,0.0
51.0,100.79502,1.0,61.828568,24.0,1.0,0.0
51.0,59.122166,4.0,47.95567,12.0,2.0,0.0
20.0,107.20625,2.0,64.90115,12.0,1.0,0.0
41.0,114.52987,0.0,78.30674,1.0,0.0,0.0
65.0,34.295097,1.0,81.33513,24.0,2.0,0.0
55.0,60.75373,0.0,83.70371,1.0,1.0,0.0
70.0,99.85248,2.0,34.424545,24.0,2.0,0.0
67.0,22.219343,2.0,34.14297,1.0,3.0,0.0
14.0,30.372665,1.0,29.973112,12.0,0.0,0.0
35.0,84.9965,3.0,59.645294,1.0,0.0,0.0
63.0,47.539326,2.0,70.20679,24.0,2.0,0.0
52.0,127.04058,1.0,24.156887,24.0,0.0,1.0
46.0,62.421486,1.0,50.82937,24.0,1.0,0.0
38.0,34.347443,5.0,47.73893,12.0,2.0,0.0
57.0,58.30852,4.0,26.8076,12.0,1.0,0.0
60.0,28.010485,5.0,85.58339,24.0,0.0,0.0
27.0,124.71019,1.0,28.74243,24.0,0.0,0.0
16.0,83.52647,1.0,48.307915,24.0,1.0,0.0
3.0,61.356712,0.0,62.791996,1.0,0.0,0.0
4.0,43.98328,4.0,45.361378,12.0,1.0,0.0
68.0,98.10743,1.0,34.971127,24.0,0.0,0.0
34.0,119.65616,1.0,85.127785,12.0,1.0,0.0
58.0,72.031975,1.0,48.228462,1.0,1.0,0.0
61.0,143.42435,2.0,68.563484,12.0,2.0,1.0
49.0,49.98763,1.0,100.61016,24.0,1.0,0.0
52.0,124.31789,1.0,85.48543,12.0,1.0,0.0
13.0,122.7419,1.0,42.54684,12.0,2.0,1.0
65.0,106.53159,3.0,57.449444,12.0,0.0,0.0
14.0,69.567604,3.0,31.071224,12.0,0.0,1.0
67.0,142.68042,3.0,38.579494,1.0,4.0,0.0
60.0,26.150518,2.0,37.468266,12.0,2.0,0.0
40.0,43.660946,3.0,51.623623,12.0,0.0,0.0
50.0,43.005154,4.0,71.38223,24.0,3.0,0.0
2.0,107.26596,3.0,54.23449,1.0,1.0,0.0
8.0,98.63214,6.0,88.6084,1.0,2.0,0.0
29.0,86.76721,3.0,20.462223,24.0,2.0,1.0
35.0,86.32855,0.0,39.745674,12.0,2.0,1.0
38.0,21.405062,4.0,60.149876,12.0,2.0,1.0
29.0,115.84813,1.0,62.48715,24.0,0.0,0.0
30.0,116.13609,0.0,34.277557,24.0,0.0,0.0
39.0,94.69438,1.0,47.6001,12.0,1.0,1.0
22.0,115.7279,1.0,70.63636,12.0,1.0,0.0
13.0,75.837715,1.0,12.545062,12.0,2.0,0.0
38.0,44.83979,2.0,40.81094,1.0,1.0,1.0
20.0,94.14239,1.0,53.47594,24.0,1.0,1.0
43.0,62.855415,0.0,53.65638,1.0,2.0,0.0
29.0,131.03577,2.0,61.5298,1.0,0.0,0.0
55.0,109.43318,2.0,68.22895,12.0,1.0,0.0
13.0,148.8068,2.0,58.07004,12.0,1.0,0.0
1.0,22.066113,0.0,67.01098,12.0,2.0,1.0
29.0,50.240414,1.0,59.76372,1.0,0.0,0.0
56.0,120.9489,0.0,83.05425,24.0,2.0,0.0
24.0,119.58925,4.0,63.150024,12.0,0.0,1.0
27.0,112.02424,2.0,8.52233,1.0,0.0,0.0
72.0,100.406425,1.0,75.22586,12.0,1.0,0.0
46.0,99.523674,0.0,43.53243,12.0,0.0,0.0
11.0,93.54931,0.0,78.21894,24.0,1.0,0.0
33.0,62.688118,1.0,67.68182,1.0,1.0,0.0
67.0,81.012596,0.0,70.41906,1.0,2.0,0.0
37.0,138.36876,1.0,46.711456,1.0,0.0,1.0
41.0,100.33334,1.0,34.513706,12.0,1.0,0.0
7.0,67.61865,1.0,93.17284,12.0,0.0,0.0
44.0,54.665012,5.0,79.02144,1.0,1.0,1.0
46.0,31.65009,3.0,99.08358,1.0,1.0,0.0
44.0,111.09237,1.0,47.328217,24.0,3.0,0.0
48.0,69.28409,0.0,67.78423,1.0,0.0,0.0
12.0,56.45653,1.0,45.6698,1.0,0.0,0.0
63.0,68.09106,2.0,56.074867,12.0,0.0,0.0
63.0,41.88147,1.0,43.92675,12.0,3.0,0.0
17.0,46.619095,1.0,84.80089,1.0,2.0,0.0
26.0,71.27385,1.0,36.636726,1.0,1.0,0.0
52.0,36.586098,3.0,44.640617,24.0,1.0,0.0
34.0,122.64637,0.0,10.847656,12.0,1.0,1.0
1.0,119.868286,0.0,48.421925,24.0,0.0,0.0
11.0,104.03309,0.0,15.651318,24.0,1.0,0.0
26.0,46.067642,0.0,38.469513,1.0,0.0,0.0
3.0,141.36139,2.0,57.32038,24.0,0.0,0.0
23.0,107.32093,2.0,49.610516,1.0,1.0,0.0
7.0,107.932144,3.0,46.00783,1.0,0.0,0.0
59.0,81.814,1.0,47.85693,24.0,2.0,0.0
10.0,121.754395,0.0,41.63226,1.0,2.0,0.0
30.0,71.5913,4.0,79.90503,1.0,2.0,0.0
65.0,124.237366,1.0,53.094856,24.0,0.0,0.0
13.0,110.00616,1.0,67.1487,1.0,2.0,0.0
72.0,60.164272,3.0,22.840605,12.0,0.0,0.0
9.0,31.24336,3.0,51.223907,1.0,2.0,1.0
51.0,88.05325,2.0,25.892254,12.0,2.0,1.0
28.0,51.033466,0.0,53.384907,24.0,1.0,0.0
71.0,106.54363,1.0,57.10384,1.0,1.0,0.0
33.0,47.814785,1.0,31.658085,24.0,1.0,0.0
64.0,77.984,1.0,69.53298,1.0,0.0,0.0
20.0,20.941494,4.0,90.38001,1.0,3.0,0.0
68.0,131.82599,0.0,38.840885,1.0,3.0,1.0
2.0,138.19266,2.0,48.299442,12.0,3.0,0.0
38.0,111.918686,1.0,75.52445,12.0,0.0,0.0
29.0,52.117523,1.0,32.984505,1.0,2.0,0.0
66.0,41.67635,2.0,62.09381,12.0,3.0,1.0
11.0,63.593266,2.0,73.93295,12.0,4.0,0.0
4.0,92.89782,1.0,52.894928,24.0,1.0,0.0
44.0,114.558426,2.0,24.451508,12.0,1.0,0.0
13.0,100.01042,2.0,63.948296,24.0,0.0,1.0
17.0,145.06622,1.0,75.011734,24.0,3.0,0.0
57.0,20.996275,2.0,31.390121,24.0,0.0,0.0
42.0,114.238174,2.0,67.877975,1.0,1.0,0.0
10.0,108.17064,2.0,30.653961,12.0,2.0,1.0
32.0,143.50351,2.0,36.690384,12.0,3.0,0.0
63.0,108.43691,1.0,56.183086,24.0,1.0,0.0
2.0,94.41654,0.0,49.148354,24.0,1.0,0.0
37.0,33.372112,2.0,42.595013,1.0,0.0,0.0
34.0,37.67915,2.0,74.74455,1.0,0.0,0.0
21.0,43.741093,5.0,49.563168,1.0,1.0,1.0
44.0,87.218285,0.0,49.20355,24.0,0.0,0.0
47.0,88.847115,2.0,72.60627,24.0,2.0,0.0
28.0,61.75529,2.0,40.38053,12.0,3.0,0.0
67.0,103.77052,6.0,53.935966,12.0,2.0,0.0
11.0,34.482754,4.0,63.666508,1.0,1.0,1.0
25.0,125.70033,3.0,49.592907,12.0,1.0,0.0
10.0,100.94459,2.0,52.47444,1.0,0.0,0.0
10.0,39.065678,3.0,51.34401,12.0,0.0,0.0
7.0,89.78109,2.0,47.41732,12.0,1.0,0.0
6.0,34.748028,2.0,24.121311,1.0,1.0,1.0
59.0,148.16966,0.0,52.809063,1.0,0.0,0.0
16.0,143.0141,3.0,13.288261,1.0,4.0,1.0
5.0,20.054443,3.0,50.781418,12.0,4.0,0.0
5.0,119.84039,3.0,40.28111,24.0,0.0,1.0
9.0,94.62618,0.0,58.793716,12.0,2.0,0.0
51.0,144.4409,3.0,45.651054,12.0,1.0,1.0
21.0,87.65863,5.0,41.348408,24.0,3.0,0.0
42.0,54.272293,4.0,74.63064,12.0,0.0,0.0
45.0,89.26135,2.0,35.17937,12.0,2.0,0.0
46.0,77.62734,1.0,61.78731,24.0,1.0,0.0
66.0,81.0358,4.0,32.317112,1.0,1.0,0.0
52.0,80.88897,2.0,60.26576,24.0,1.0,0.0
29.0,111.918175,2.0,68.73967,24.0,0.0,0.0
62.0,89.81445,1.0,62.20706,12.0,0.0,0.0
1.0,25.012478,2.0,48.141094,12.0,0.0,0.0
21.0,93.72755,2.0,61.702343,24.0,1.0,0.0
55.0,136.36519,3.0,21.51172,24.0,0.0,0.0
64.0,135.41205,2.0,8.263052,1.0,0.0,1.0
53.0,73.52524,6.0,58.783447,24.0,1.0,0.0
14.0,136.59062,2.0,24.99114,1.0,1.0,1.0
18.0,136.70305,4.0,76.34224,24.0,3.0,0.0
30.0,145.10251,1.0,47.219578,24.0,0.0,0.0
23.0,59.34055,0.0,86.399796,12.0,2.0,1.0
55.0,114.06141,3.0,45.56074,12.0,3.0,0.0
44.0,34.11227,2.0,68.0189,1.0,1.0,0.0
11.0,59.620903,2.0,45.153687,1.0,0.0,0.0
1.0,95.25239,2.0,42.356606,1.0,1.0,0.0
2.0,36.239044,3.0,33.302097,12.0,1.0,1.0
38.0,71.16819,1.0,49.07394,24.0,0.0,0.0
11.0,134.6369,4.0,6.3716006,1.0,1.0,1.0
55.0,27.077463,1.0,25.59016,24.0,1.0,0.0
62.0,74.74674,5.0,37.64783,12.0,1.0,0.0
44.0,95.14142,2.0,28.674978,12.0,2.0,0.0
35.0,64.47089,1.0,48.914013,24.0,1.0,0.0
46.0,110.88643,3.0,26.118113,12.0,3.0,0.0
10.0,31.130033,1.0,67.898186,12.0,1.0,0.0
62.0,113.74713,2.0,38.00604,1.0,2.0,0.0
71.0,31.407955,0.0,79.19757,1.0,1.0,0.0
27.0,21.815681,3.0,64.04928,24.0,1.0,0.0
33.0,145.87639,1.0,37.01293,24.0,2.0,0.0
20.0,125.47,0.0,86.66496,24.0,1.0,0.0
49.0,89.88771,1.0,13.73377,12.0,3.0,0.0
47.0,118.421,3.0,64.49041,12.0,1.0,0.0
69.0,108.76999,4.0,72.02952,1.0,1.0,0.0
71.0,81.25525,2.0,56.055496,1.0,0.0,0.0
33.0,68.573296,5.0,48.627235,1.0,1.0,0.0
42.0,101.12061,4.0,33.89429,12.0,1.0,0.0
45.0,140.86092,1.0,66.26087,1.0,1.0,0.0
8.0,86.81669,0.0,31.987446,12.0,0.0,0.0
17.0,71.170586,3.0,47.346844,12.0,2.0,1.0
39.0,60.05829,4.0,53.501076,1.0,0.0,0.0
49.0,131.99733,2.0,42.875225,12.0,0.0,0.0
63.0,97.17393,1.0,1.0,12.0,2.0,0.0
66.0,27.222637,0.0,55.211346,12.0,1.0,0.0
20.0,80.87515,2.0,34.359005,12.0,0.0,0.0
48.0,74.3656,1.0,65.847404,1.0,0.0,0.0
20.0,68.28179,1.0,34.964478,12.0,0.0,0.0
40.0,88.951614,2.0,48.06884,1.0,1.0,0.0
8.0,108.57703,2.0,54.48102,12.0,1.0,1.0
63.0,48.206795,0.0,63.326035,1.0,1.0,0.0
38.0,34.89339,0.0,90.9238,12.0,0.0,0.0
40.0,105.27993,1.0,1.0,1.0,3.0,0.0
20.0,80.76967,2.0,27.782331,1.0,1.0,0.0
23.0,113.04843,0.0,32.057846,12.0,4.0,1.0
70.0,137.20586,4.0,63.382057,1.0,5.0,1.0
68.0,84.564705,3.0,78.98429,12.0,2.0,0.0
51.0,142.96005,4.0,82.48166,1.0,3.0,0.0
41.0,120.41875,1.0,63.40067,1.0,1.0,1.0
2.0,90.62816,4.0,50.89727,12.0,4.0,1.0
59.0,20.91813,0.0,19.522476,24.0,2.0,0.0
22.0,35.983128,3.0,26.91507,12.0,1.0,1.0
20.0,58.863323,2.0,58.878994,12.0,1.0,1.0
46.0,37.394386,4.0,26.560623,1.0,0.0,0.0
36.0,108.21794,0.0,70.7832,1.0,0.0,0.0
9.0,71.246445,1.0,90.51501,12.0,0.0,0.0
6.0,30.639656,4.0,52.986965,12.0,1.0,1.0
29.0,115.50021,2.0,50.879578,1.0,0.0,0.0
72.0,118.70455,4.0,67.86213,1.0,0.0,0.0
54.0,36.1098,2.0,57.508705,12.0,2.0,0.0
51.0,146.21881,5.0,83.97819,24.0,0.0,0.0
70.0,52.800323,4.0,31.848389,1.0,0.0,0.0
57.0,56.586372,4.0,40.062378,24.0,0.0,0.0
50.0,106.25394,2.0,75.79604,1.0,4.0,0.0
68.0,123.25035,1.0,55.207752,1.0,1.0,0.0
50.0,119.58573,1.0,54.849003,12.0,0.0,0.0
39.0,109.258804,2.0,30.5129,24.0,3.0,0.0
15.0,140.18202,2.0,30.557083,24.0,1.0,1.0
62.0,64.2737,2.0,26.165993,12.0,0.0,0.0
23.0,30.107937,1.0,39.829853,12.0,1.0,0.0
24.0,139.16245,3.0,20.911022,12.0,1.0,0.0
48.0,129.96844,2.0,40.120857,1.0,1.0,0.0
65.0,85.62353,4.0,25.748446,1.0,0.0,0.0
67.0,113.777176,2.0,48.974434,12.0,1.0,1.0
21.0,108.40639,6.0,55.749367,12.0,0.0,1.0
3.0,136.61812,2.0,34.107445,24.0,1.0,0.0
65.0,38.85445,1.0,69.38455,1.0,2.0,0.0
10.0,63.83255,3.0,50.880898,1.0,1.0,1.0
11.0,136.52855,1.0,75.92947,12.0,1.0,0.0
19.0,143.22621,2.0,30.577183,1.0,0.0,1.0
29.0,122.05496,0.0,59.697006,1.0,0.0,1.0
58.0,29.49063,4.0,1.0,24.0,1.0,0.0
66.0,32.961597,3.0,68.02122,12.0,2.0,1.0
4.0,139.808,0.0,55.72588,24.0,1.0,0.0
57.0,71.947586,2.0,50.409588,24.0,3.0,0.0
52.0,147.08005,3.0,90.13527,1.0,0.0,0.0
60.0,31.110205,4.0,46.292435,24.0,0.0,0.0
11.0,27.555977,3.0,51.92895,24.0,1.0,1.0
5.0,26.578367,1.0,58.055553,1.0,1.0,0.0
66.0,88.55678,1.0,65.03393,24.0,0.0,0.0
69.0,95.423615,1.0,39.22641,12.0,3.0,0.0
36.0,97.311516,0.0,62.581123,24.0,1.0,0.0
39.0,137.18616,3.0,61.226448,12.0,0.0,1.0
40.0,118.14583,2.0,51.687477,12.0,1.0,1.0
68.0,55.60311,1.0,26.48692,24.0,2.0,0.0
50.0,29.72172,0.0,42.158054,12.0,0.0,0.0
12.0,78.22698,2.0,33.24893,12.0,0.0,0.0
20.0,42.392433,3.0,52.61366,1.0,2.0,1.0
4.0,41.919376,2.0,40.731674,1.0,0.0,1.0
5.0,90.29083,1.0,66.2459,1.0,2.0,0.0
26.0,92.335,3.0,72.63112,1.0,1.0,0.0
18.0,144.77773,2.0,45.09233,1.0,2.0,1.0
47.0,86.67938,1.0,58.7129,12.0,1.0,0.0
33.0,74.14259,5.0,82.397156,24.0,1.0,0.0
48.0,64.885826,2.0,41.850643,24.0,0.0,0.0
50.0,75.8847,0.0,12.39691,24.0,1.0,0.0
52.0,52.49924,4.0,67.81083,12.0,0.0,0.0
12.0,33.265152,1.0,46.22057,1.0,3.0,0.0
52.0,110.98988,2.0,62.531174,12.0,3.0,0.0
15.0,87.02262,3.0,70.01161,24.0,1.0,0.0
46.0,33.363506,3.0,42.935898,12.0,3.0,1.0
69.0,67.53656,0.0,53.482265,12.0,0.0,0.0
35.0,117.85577,3.0,40.340137,24.0,0.0,0.0
32.0,68.08339,4.0,24.96582,12.0,2.0,0.0
51.0,69.95075,2.0,42.992245,12.0,0.0,0.0
33.0,65.48424,0.0,43.168266,1.0,3.0,0.0
62.0,106.692764,0.0,89.52981,1.0,2.0,0.0
47.0,42.20258,2.0,47.94679,12.0,0.0,0.0
25.0,147.71669,1.0,64.00405,1.0,1.0,1.0
7.0,73.45032,4.0,50.40697,12.0,0.0,1.0
41.0,59.383488,2.0,62.103115,1.0,2.0,1.0
1.0,107.5122,2.0,70.89361,12.0,1.0,1.0
32.0,142.29883,0.0,40.294308,1.0,1.0,0.0
8.0,116.679634,0.0,68.00622,1.0,0.0,1.0
21.0,35.830082,4.0,42.577984,1.0,1.0,1.0
53.0,110.44486,2.0,12.511957,24.0,1.0,0.0
24.0,27.953539,0.0,31.068684,12.0,0.0,0.0
26.0,57.950718,0.0,1.0,24.0,1.0,0.0
38.0,47.917534,2.0,69.74985,1.0,0.0,0.0
47.0,137.46458,8.0,63.363274,1.0,0.0,1.0
59.0,34.444588,2.0,66.75689,1.0,0.0,0.0
56.0,115.71633,3.0,16.621317,1.0,1.0,1.0
60.0,45.4366,2.0,46.928234,12.0,0.0,0.0
70.0,88.4525,2.0,63.32606,1.0,1.0,0.0
59.0,112.67971,2.0,47.419357,1.0,1.0,0.0
7.0,119.84688,4.0,42.674065,24.0,0.0,1.0
4.0,70.039856,3.0,51.553417,24.0,0.0,1.0
72.0,50.42479,4.0,35.89501,24.0,0.0,0.0
54.0,95.72597,0.0,91.168785,1.0,0.0,0.0
70.0,61.606747,1.0,32.90058,1.0,1.0,0.0
44.0,86.932175,4.0,41.467495,1.0,0.0,1.0
41.0,71.65057,2.0,46.118263,12.0,1.0,0.0
57.0,139.12154,1.0,36.829,12.0,2.0,0.0
54.0,100.09626,1.0,53.115154,12.0,2.0,1.0
1.0,38.567684,1.0,38.831707,24.0,0.0,0.0
19.0,91.34722,1.0,32.629723,24.0,0.0,0.0
48.0,35.581257,1.0,62.23716,1.0,1.0,0.0
26.0,102.41229,1.0,98.58727,1.0,4.0,0.0
44.0,110.4291,4.0,68.838875,24.0,1.0,0.0
67.0,56.51701,3.0,62.105186,24.0,2.0,0.0
11.0,20.569258,2.0,49.615017,24.0,2.0,0.0
11.0,84.70312,0.0,82.09012,1.0,0.0,0.0
55.0,128.66243,2.0,41.420933,12.0,0.0,0.0
51.0,107.42884,2.0,26.02078,24.0,0.0,0.0
40.0,59.63498,3.0,62.947906,1.0,1.0,0.0
22.0,134.26668,2.0,40.840496,12.0,2.0,1.0
16.0,109.81058,0.0,47.917328,24.0,0.0,0.0
61.0,70.13331,2.0,42.047432,12.0,3.0,0.0
63.0,59.541508,1.0,73.56654,12.0,1.0,0.0
19.0,70.86716,3.0,33.63797,24.0,0.0,0.0
49.0,33.407337,2.0,35.444958,1.0,1.0,0.0
7.0,72.586914,2.0,66.829155,24.0,2.0,0.0
30.0,40.497276,0.0,26.355648,1.0,1.0,0.0
63.0,39.166794,3.0,44.509888,1.0,0.0,0.0
23.0,105.4721,4.0,51.4787,12.0,1.0,1.0
40.0,42.9415,2.0,57.42492,12.0,0.0,0.0
47.0,105.94552,4.0,32.946316,12.0,0.0,0.0
20.0,54.788242,2.0,80.20198,24.0,1.0,0.0
1.0,33.415062,3.0,57.4284,12.0,0.0,0.0
7.0,27.932392,4.0,46.096466,24.0,0.0,1.0
9.0,131.97757,1.0,54.347717,24.0,1.0,0.0
44.0,25.617743,2.0,46.880825,24.0,0.0,0.0
41.0,107.135666,2.0,67.20819,12.0,0.0,0.0
34.0,69.931274,3.0,76.33762,12.0,1.0,0.0
69.0,138.16722,5.0,38.461823,24.0,2.0,0.0
23.0,139.15858,1.0,63.754093,12.0,3.0,0.0
53.0,95.71283,1.0,27.266226,1.0,2.0,1.0
71.0,62.23177,1.0,60.41999,12.0,1.0,0.0
17.0,69.436165,2.0,29.53516,1.0,2.0,1.0
26.0,131.76118,0.0,73.21354,1.0,2.0,0.0
11.0,92.37635,3.0,56.975193,1.0,1.0,0.0
43.0,132.7136,5.0,73.91477,1.0,2.0,0.0
54.0,42.26808,2.0,54.743095,1.0,0.0,0.0
58.0,123.69786,2.0,64.41083,1.0,0.0,0.0
25.0,81.895546,0.0,47.581425,24.0,1.0,0.0
72.0,74.21713,0.0,65.593956,24.0,2.0,0.0
6.0,132.87854,5.0,33.143044,12.0,2.0,1.0
56.0,26.68815,2.0,40.175816,12.0,2.0,0.0
35.0,107.35919,1.0,46.075577,12.0,1.0,0.0
72.0,58.2752,4.0,64.60167,1.0,0.0,0.0
51.0,31.840017,1.0,77.82094,24.0,2.0,0.0
33.0,107.07041,4.0,71.47336,12.0,1.0,0.0
44.0,73.903,4.0,60.36316,1.0,1.0,1.0
42.0,35.341763,3.0,54.592716,1.0,1.0,0.0
59.0,115.3073,0.0,48.85866,24.0,1.0,0.0
46.0,103.6557,2.0,66.58438,12.0,1.0,0.0
69.0,133.44243,1.0,37.844967,1.0,1.0,0.0
39.0,119.61554,3.0,51.851036,12.0,0.0,0.0
35.0,21.569601,4.0,49.16541,1.0,0.0,0.0
10.0,119.52325,2.0,42.225647,1.0,2.0,1.0
33.0,142.92564,1.0,41.600567,24.0,0.0,0.0
13.0,83.508644,3.0,99.682236,12.0,0.0,0.0
42.0,88.62599,1.0,76.46317,1.0,1.0,1.0
69.0,54.830135,0.0,13.513381,12.0,1.0,0.0
4.0,73.76933,3.0,26.88747,1.0,0.0,1.0
26.0,58.10355,0.0,59.99,24.0,1.0,0.0
25.0,84.29373,2.0,40.462215,24.0,0.0,0.0
40.0,81.499565,1.0,46.97811,12.0,0.0,0.0
46.0,21.19652,3.0,31.95749,24.0,2.0,0.0
69.0,55.69666,0.0,82.19046,1.0,1.0,0.0
44.0,95.836586,3.0,63.86744,1.0,0.0,0.0
65.0,128.64941,2.0,59.93046,24.0,0.0,0.0
47.0,100.83439,1.0,40.392826,1.0,2.0,0.0
10.0,99.41474,3.0,64.99969,1.0,0.0,0.0
36.0,25.18396,2.0,64.13463,12.0,0.0,0.0
43.0,69.02637,0.0,39.277855,24.0,3.0,0.0
28.0,134.19073,2.0,43.41122,1.0,0.0,0.0
70.0,62.73709,2.0,77.21606,1.0,0.0,0.0
2.0,115.05029,1.0,74.50227,1.0,4.0,0.0
45.0,48.723423,4.0,38.23283,1.0,0.0,1.0
12.0,43.049347,0.0,58.171986,1.0,1.0,1.0
60.0,99.44692,0.0,42.595047,1.0,1.0,0.0
26.0,101.05841,1.0,77.47934,24.0,1.0,0.0
40.0,80.48204,2.0,55.487846,12.0,0.0,0.0
11.0,36.55159,2.0,38.296394,1.0,1.0,0.0
54.0,33.813408,0.0,46.10978,12.0,0.0,0.0
51.0,42.54479,2.0,89.147095,1.0,0.0,0.0
67.0,63.938927,3.0,53.100773,1.0,0.0,0.0
27.0,133.07684,3.0,78.96577,1.0,0.0,0.0
64.0,135.58174,1.0,70.54186,24.0,1.0,1.0
6.0,135.30713,0.0,46.725574,12.0,2.0,1.0
15.0,54.36103,5.0,51.407986,12.0,1.0,1.0
28.0,85.92606,3.0,30.517279,24.0,1.0,1.0
45.0,108.1533,5.0,33.910645,1.0,1.0,1.0
37.0,25.03659,0.0,64.38207,1.0,0.0,0.0
1.0,105.53281,2.0,69.29999,24.0,2.0,0.0
7.0,35.62149,3.0,58.82577,24.0,0.0,0.0
11.0,108.91498,0.0,29.291069,12.0,1.0,0.0
1.0,119.552635,2.0,80.96521,12.0,2.0,1.0
8.0,37.12275,1.0,32.848495,12.0,3.0,0.0
71.0,122.95831,2.0,1.0,12.0,0.0,0.0
5.0,50.07225,1.0,59.309837,1.0,0.0,0.0
25.0,106.489,3.0,64.86429,12.0,1.0,0.0
38.0,140.11017,2.0,27.722597,12.0,0.0,1.0
6.0,99.41194,1.0,51.322346,1.0,1.0,0.0
1.0,125.35971,0.0,38.33466,1.0,1.0,1.0
29.0,93.34866,1.0,52.462578,12.0,2.0,0.0
49.0,72.06559,0.0,39.39167,24.0,1.0,0.0
23.0,72.72217,2.0,61.425495,1.0,0.0,0.0
67.0,99.51921,3.0,69.59852,24.0,2.0,0.0
53.0,46.67125,0.0,35.619843,1.0,0.0,0.0
52.0,23.94269,1.0,72.603165,12.0,1.0,0.0
8.0,103.3678,3.0,43.727276,1.0,1.0,0.0
7.0,63.377144,0.0,41.470135,12.0,2.0,0.0
28.0,48.6224,2.0,73.31666,12.0,1.0,1.0
37.0,144.61557,3.0,77.056435,24.0,2.0,1.0
4.0,58.424004,3.0,43.15056,24.0,2.0,1.0
31.0,97.857735,4.0,1.0,12.0,1.0,1.0
1.0,37.338936,2.0,66.12075,12.0,0.0,0.0
63.0,54.840485,1.0,44.24169,24.0,1.0,0.0
26.0,46.219868,4.0,60.9901,24.0,0.0,0.0
9.0,102.48208,5.0,48.93522,12.0,1.0,1.0
9.0,127.33675,1.0,77.60757,24.0,2.0,0.0
62.0,142.34764,0.0,56.207233,24.0,1.0,0.0
66.0,148.21231,2.0,60.033318,24.0,2.0,0.0
38.0,116.98973,1.0,73.13835,12.0,0.0,0.0
1.0,59.172253,3.0,80.94701,24.0,1.0,0.0
1.0,33.332764,2.0,26.817652,1.0,3.0,0.0
17.0,138.31242,1.0,77.413025,12.0,2.0,0.0
67.0,67.42896,4.0,5.771688,1.0,2.0,0.0
68.0,141.7807,2.0,40.064243,1.0,1.0,0.0
54.0,24.139498,1.0,28.016512,1.0,1.0,0.0
51.0,62.09516,4.0,51.788322,1.0,1.0,0.0
13.0,110.2547,1.0,90.43249,12.0,0.0,1.0
22.0,124.57711,3.0,92.39113,12.0,1.0,1.0
18.0,82.057594,2.0,24.006937,12.0,1.0,0.0
28.0,134.8713,1.0,44.011837,1.0,0.0,0.0
63.0,99.96745,2.0,17.418247,24.0,1.0,0.0
17.0,41.55825,2.0,22.615032,24.0,0.0,0.0
26.0,128.55168,3.0,50.86634,12.0,1.0,0.0
29.0,43.019707,1.0,61.327137,12.0,2.0,0.0
38.0,51.289246,0.0,72.09219,12.0,0.0,0.0
65.0,98.19505,2.0,40.797245,1.0,2.0,0.0
60.0,48.117287,2.0,72.29052,12.0,3.0,0.0
24.0,65.415886,0.0,42.145424,1.0,1.0,1.0
26.0,90.837395,2.0,51.831207,12.0,1.0,0.0
52.0,101.80793,0.0,28.191673,12.0,3.0,0.0
57.0,137.40634,3.0,18.32037,24.0,1.0,1.0
24.0,135.17148,2.0,26.003817,12.0,0.0,0.0
57.0,90.20406,2.0,48.55344,24.0,0.0,0.0
57.0,99.43426,6.0,72.75483,12.0,1.0,0.0
37.0,55.737106,1.0,63.01033,1.0,2.0,0.0
65.0,93.0009,3.0,40.42146,24.0,1.0,0.0
15.0,45.52149,2.0,18.869507,12.0,1.0,0.0
21.0,149.65254,2.0,58.517124,12.0,1.0,0.0
60.0,55.990234,3.0,31.827044,1.0,3.0,1.0
55.0,126.705086,3.0,20.76596,12.0,0.0,0.0
4.0,61.447323,2.0,60.55088,24.0,2.0,0.0
24.0,123.691734,2.0,44.775253,1.0,0.0,1.0
9.0,44.846912,4.0,74.727196,1.0,1.0,1.0
37.0,33.07058,0.0,56.058376,12.0,1.0,0.0
1.0,49.219353,1.0,32.488785,24.0,0.0,0.0
13.0,74.87467,2.0,29.808285,1.0,0.0,1.0
5.0,114.83023,3.0,68.66657,24.0,1.0,1.0
15.0,145.63875,3.0,44.632328,1.0,1.0,0.0
7.0,77.74346,1.0,20.28942,12.0,0.0,0.0
56.0,143.01164,3.0,84.76134,1.0,0.0,0.0
35.0,27.5467,3.0,65.81338,1.0,1.0,0.0
20.0,121.54135,3.0,32.429256,24.0,1.0,0.0
50.0,69.25513,2.0,16.459534,24.0,0.0,0.0
26.0,89.09522,3.0,1.0,1.0,1.0,1.0
18.0,96.29838,2.0,45.275932,12.0,1.0,0.0
15.0,103.1983,0.0,53.00377,1.0,0.0,1.0
71.0,110.77399,0.0,78.84769,1.0,0.0,0.0
10.0,105.5705,1.0,77.6672,24.0,3.0,1.0
7.0,90.16719,2.0,1.0,1.0,3.0,0.0
51.0,142.73828,2.0,30.069622,24.0,1.0,0.0
17.0,121.09997,1.0,81.650246,24.0,1.0,0.0
72.0,84.57879,5.0,66.466415,1.0,4.0,0.0
23.0,62.769657,1.0,50.129623,1.0,2.0,0.0
35.0,48.313778,1.0,50.2584,12.0,0.0,0.0
36.0,46.3,2.0,68.59099,12.0,1.0,0.0
24.0,122.87303,3.0,76.09437,1.0,2.0,1.0
9.0,61.425488,3.0,39.63718,1.0,2.0,1.0
51.0,46.69951,1.0,67.7832,12.0,1.0,0.0
39.0,35.956764,2.0,22.302624,12.0,1.0,0.0
66.0,145.34596,5.0,70.56118,12.0,1.0,1.0
36.0,116.46541,3.0,66.899315,1.0,0.0,0.0
7.0,140.71898,1.0,65.833664,24.0,1.0,0.0
31.0,20.120697,2.0,65.84811,1.0,3.0,1.0
37.0,37.439938,0.0,72.0141,12.0,1.0,0.0
53.0,30.408695,2.0,35.23406,12.0,3.0,0.0
26.0,116.34309,2.0,55.326008,1.0,1.0,1.0
12.0,83.22216,2.0,63.171852,1.0,0.0,1.0
18.0,25.1787,5.0,54.212494,12.0,1.0,0.0
24.0,142.61418,1.0,30.215382,12.0,2.0,0.0
2.0,131.30428,2.0,26.639788,24.0,1.0,0.0
32.0,65.923874,3.0,54.86058,1.0,3.0,1.0
11.0,80.49621,2.0,27.155802,1.0,0.0,0.0
33.0,81.82113,1.0,28.51674,1.0,1.0,1.0
35.0,139.91722,1.0,58.535393,1.0,0.0,0.0
65.0,55.499023,6.0,73.709946,1.0,1.0,0.0
72.0,116.51924,0.0,37.24679,12.0,2.0,0.0
38.0,85.92229,3.0,62.131184,1.0,0.0,0.0
24.0,142.6269,3.0,64.61321,12.0,0.0,0.0
43.0,107.70624,2.0,42.75777,1.0,0.0,0.0
22.0,53.800747,3.0,41.659092,24.0,4.0,0.0
12.0,61.24321,1.0,58.93956,12.0,2.0,0.0
40.0,116.31852,1.0,48.93302,12.0,2.0,0.0
34.0,96.534424,2.0,43.770214,12.0,0.0,0.0
58.0,125.47321,0.0,82.76413,24.0,1.0,0.0
38.0,116.3385,1.0,76.18343,12.0,4.0,0.0
56.0,146.4098,0.0,73.29436,24.0,0.0,0.0
28.0,96.4881,1.0,58.065342,1.0,1.0,0.0
48.0,34.439236,4.0,46.783146,12.0,4.0,0.0
72.0,84.77321,4.0,54.415565,12.0,0.0,0.0
8.0,123.31085,2.0,80.877365,12.0,1.0,0.0
27.0,118.038376,2.0,65.189606,1.0,1.0,0.0
38.0,99.16218,3.0,53.085224,24.0,1.0,0.0
46.0,100.63575,0.0,29.747131,1.0,1.0,0.0
63.0,60.80369,4.0,42.71274,12.0,1.0,0.0
67.0,25.235239,0.0,16.332514,1.0,0.0,0.0
2.0,78.507645,3.0,35.276855,1.0,0.0,0.0
19.0,32.07241,2.0,48.236164,1.0,3.0,0.0
64.0,100.55135,3.0,34.40541,1.0,0.0,0.0
43.0,70.06043,3.0,79.8639,1.0,0.0,0.0
6.0,136.1129,3.0,52.230957,1.0,0.0,1.0
70.0,98.13887,2.0,52.61094,12.0,1.0,0.0
16.0,66.418205,4.0,33.577663,24.0,1.0,0.0
6.0,102.69881,1.0,50.613705,12.0,0.0,0.0
57.0,101.1276,0.0,46.079544,1.0,1.0,0.0
46.0,54.191696,2.0,42.996452,12.0,0.0,0.0
38.0,142.33774,2.0,27.238098,1.0,0.0,0.0
62.0,67.814896,3.0,76.311615,1.0,0.0,0.0
44.0,44.867096,0.0,1.0,1.0,2.0,0.0
60.0,98.549385,3.0,47.368782,1.0,2.0,0.0
47.0,39.325817,3.0,46.09141,12.0,0.0,1.0
58.0,24.450562,1.0,43.939156,12.0,2.0,0.0
2.0,73.46932,1.0,43.95494,1.0,2.0,0.0
49.0,67.53403,6.0,5.233642,1.0,1.0,1.0
49.0,142.72754,4.0,70.43965,1.0,1.0,0.0
42.0,120.767555,0.0,51.94417,1.0,0.0,0.0
38.0,40.880383,0.0,88.32899,12.0,2.0,1.0
10.0,110.16755,1.0,81.45428,12.0,3.0,0.0
11.0,68.961975,3.0,38.57495,24.0,0.0,0.0
8.0,105.03927,2.0,25.364613,1.0,1.0,1.0
2.0,62.185352,1.0,47.390083,1.0,2.0,0.0
22.0,30.170446,2.0,51.17572,12.0,0.0,0.0
57.0,85.06231,1.0,44.234955,1.0,2.0,0.0
54.0,33.25106,2.0,70.58642,1.0,3.0,0.0
17.0,102.77487,1.0,43.989727,12.0,1.0,0.0
55.0,112.631355,4.0,58.646816,1.0,0.0,1.0
26.0,123.06271,0.0,48.087296,24.0,1.0,0.0
69.0,47.21577,2.0,40.59349,12.0,1.0,0.0
1.0,98.43437,3.0,33.830414,12.0,1.0,0.0
31.0,28.454208,1.0,66.20525,12.0,0.0,0.0
26.0,110.54364,4.0,25.12788,12.0,0.0,1.0
69.0,53.23248,1.0,45.7751,1.0,2.0,0.0
64.0,130.32103,3.0,50.531914,24.0,5.0,0.0
30.0,57.504658,2.0,65.07464,1.0,0.0,0.0
39.0,76.184715,3.0,32.344616,1.0,0.0,0.0
30.0,148.63452,1.0,57.631786,12.0,3.0,0.0
52.0,105.03059,1.0,72.676575,1.0,0.0,0.0
21.0,45.763702,3.0,30.230625,1.0,1.0,0.0
23.0,52.904896,5.0,47.50103,1.0,2.0,1.0
51.0,113.840034,2.0,37.89716,24.0,1.0,0.0
4.0,27.367975,4.0,64.63836,1.0,1.0,1.0
42.0,75.410355,3.0,51.610268,24.0,2.0,0.0
8.0,94.77813,2.0,73.114716,1.0,1.0,1.0
32.0,149.79381,3.0,57.349518,12.0,1.0,0.0
56.0,143.37,3.0,66.80209,24.0,1.0,0.0
11.0,27.03615,1.0,38.738632,1.0,1.0,0.0
57.0,25.149353,1.0,69.86326,1.0,2.0,0.0
21.0,146.14864,7.0,51.55763,12.0,0.0,0.0
16.0,79.72498,1.0,43.350163,24.0,0.0,1.0
45.0,146.50858,1.0,60.246468,1.0,0.0,0.0
38.0,70.86084,3.0,70.980675,1.0,2.0,0.0
7.0,121.14111,3.0,37.770638,12.0,1.0,0.0
40.0,139.29257,0.0,22.885244,1.0,0.0,0.0
6.0,43.020676,0.0,58.12133,1.0,0.0,0.0
23.0,117.40565,0.0,60.72866,12.0,1.0,0.0
35.0,52.419884,0.0,27.87917,12.0,1.0,0.0
26.0,141.40242,3.0,56.713432,1.0,1.0,0.0
30.0,96.50914,3.0,27.853941,12.0,0.0,0.0
52.0,94.94608,2.0,33.625835,1.0,1.0,0.0
49.0,75.46806,0.0,32.508984,12.0,0.0,0.0
56.0,76.55862,4.0,58.640617,12.0,1.0,0.0
24.0,29.735003,0.0,41.079903,12.0,2.0,0.0
6.0,139.03464,3.0,91.84962,1.0,4.0,1.0
51.0,106.94328,3.0,75.0739,1.0,1.0,0.0
26.0,137.96754,3.0,51.095455,24.0,1.0,0.0
9.0,49.90546,6.0,65.25747,12.0,1.0,0.0
1.0,72.91752,3.0,7.980934,24.0,3.0,1.0
72.0,83.51284,2.0,52.440144,1.0,0.0,0.0
19.0,124.30836,0.0,51.283775,24.0,0.0,0.0
50.0,135.7035,2.0,66.903984,1.0,2.0,1.0
31.0,74.86709,1.0,38.99977,12.0,3.0,0.0
24.0,62.430065,4.0,68.97458,24.0,1.0,0.0
16.0,129.65422,1.0,12.847967,12.0,2.0,1.0
62.0,63.35478,3.0,60.29444,1.0,3.0,0.0
14.0,68.15755,1.0,54.049435,24.0,1.0,0.0
15.0,135.98555,3.0,43.796925,1.0,2.0,0.0
1.0,38.510284,4.0,65.01971,1.0,0.0,0.0
68.0,51.839386,5.0,27.212078,1.0,0.0,0.0
8.0,100.73664,0.0,84.97514,24.0,2.0,0.0
41.0,43.301285,0.0,40.542645,12.0,0.0,0.0
2.0,76.48317,1.0,57.83291,12.0,6.0,0.0
2.0,86.05153,3.0,33.98853,24.0,0.0,0.0
9.0,71.29371,2.0,54.733986,24.0,0.0,0.0
41.0,57.69154,4.0,53.371754,24.0,0.0,0.0
30.0,131.65833,1.0,65.68216,12.0,0.0,0.0
27.0,132.14462,1.0,48.484383,1.0,1.0,0.0
12.0,44.78979,2.0,79.89664,24.0,1.0,0.0
54.0,149.12747,4.0,33.725086,1.0,0.0,0.0
12.0,35.649185,3.0,29.761105,24.0,0.0,0.0
27.0,74.3119,2.0,71.065025,12.0,1.0,1.0
9.0,111.610664,1.0,61.76791,12.0,1.0,0.0
26.0,30.336842,2.0,79.06525,24.0,2.0,0.0
26.0,47.2931,1.0,69.29751,1.0,0.0,0.0
32.0,132.42427,0.0,24.850863,1.0,0.0,1.0
20.0,23.768318,1.0,43.760593,1.0,3.0,0.0
64.0,76.11248,2.0,68.884674,1.0,0.0,0.0
47.0,75.99337,0.0,70.1213,1.0,1.0,1.0
18.0,29.118992,2.0,33.263992,12.0,1.0,0.0
67.0,56.91918,3.0,75.43976,1.0,0.0,0.0
25.0,129.28922,2.0,17.72879,1.0,2.0,0.0
70.0,120.80197,4.0,30.965546,12.0,1.0,0.0
20.0,58.98555,3.0,35.418533,12.0,1.0,0.0
34.0,116.8498,1.0,37.571896,1.0,1.0,0.0
23.0,74.25645,3.0,38.39369,24.0,1.0,1.0
26.0,40.88898,3.0,47.595215,12.0,0.0,1.0
56.0,116.579025,1.0,22.549782,24.0,0.0,0.0
6.0,59.87562,2.0,44.5264,1.0,1.0,0.0
43.0,53.76418,3.0,53.08429,24.0,0.0,0.0
38.0,107.04517,1.0,64.435715,1.0,2.0,0.0
63.0,106.63262,1.0,71.71977,1.0,2.0,0.0
16.0,114.90531,2.0,45.45475,1.0,2.0,0.0
65.0,92.06638,2.0,9.874915,24.0,0.0,0.0
40.0,81.185616,0.0,59.859447,1.0,1.0,0.0
38.0,74.668655,2.0,74.235916,1.0,0.0,0.0
50.0,101.54282,0.0,57.280453,1.0,3.0,0.0
2.0,58.411133,4.0,44.28038,12.0,1.0,0.0
5.0,147.34688,2.0,66.22185,24.0,0.0,0.0
25.0,117.03665,4.0,73.997955,24.0,4.0,1.0
11.0,128.13474,4.0,41.522816,12.0,2.0,1.0
36.0,120.1626,4.0,39.23525,1.0,0.0,0.0
21.0,45.474586,7.0,40.890297,1.0,2.0,1.0
67.0,106.46475,5.0,50.213284,12.0,3.0,1.0
34.0,34.623013,1.0,49.54829,24.0,0.0,0.0
51.0,80.78616,3.0,60.607147,12.0,1.0,0.0
13.0,42.081707,4.0,58.016525,12.0,2.0,1.0
27.0,140.92148,4.0,54.320366,12.0,0.0,0.0
40.0,55.14378,3.0,68.98145,24.0,1.0,1.0
30.0,47.428497,1.0,38.01914,12.0,1.0,0.0
18.0,93.911934,1.0,21.967628,24.0,0.0,0.0
3.0,76.86246,3.0,20.194319,12.0,2.0,0.0
9.0,68.05318,2.0,62.098503,12.0,1.0,0.0
21.0,56.13829,6.0,27.47979,12.0,0.0,0.0
49.0,92.93139,3.0,54.214615,12.0,0.0,0.0
65.0,120.550896,0.0,67.49653,24.0,1.0,0.0
17.0,72.72985,3.0,46.3819,1.0,1.0,0.0
47.0,58.48564,2.0,29.042425,1.0,0.0,0.0
10.0,23.377863,3.0,56.30193,12.0,1.0,0.0
46.0,104.52078,4.0,56.546867,12.0,0.0,1.0
47.0,119.81403,2.0,21.718555,24.0,1.0,1.0
38.0,44.768307,2.0,73.0831,1.0,0.0,0.0
34.0,24.80512,2.0,8.208081,24.0,0.0,0.0
4.0,94.49862,3.0,14.633303,24.0,0.0,1.0
26.0,50.57121,0.0,39.947994,24.0,1.0,0.0
61.0,38.474007,2.0,47.154987,12.0,1.0,0.0
14.0,111.5113,0.0,55.540333,1.0,3.0,0.0
33.0,95.74013,2.0,37.959267,12.0,1.0,1.0
38.0,57.456615,3.0,46.26605,1.0,0.0,0.0
24.0,140.63702,1.0,1.0,12.0,0.0,0.0
62.0,116.31838,1.0,36.56157,24.0,1.0,0.0
68.0,32.871925,1.0,58.347553,24.0,3.0,0.0
13.0,116.08946,2.0,36.698845,12.0,1.0,0.0
52.0,63.55946,1.0,6.213113,1.0,1.0,0.0
19.0,86.57383,0.0,55.49891,1.0,0.0,0.0
1.0,69.82733,1.0,30.665651,1.0,3.0,1.0
3.0,148.42052,3.0,95.21487,12.0,1.0,0.0
41.0,101.33518,4.0,74.67464,1.0,2.0,1.0
61.0,52.368237,2.0,53.569363,12.0,2.0,0.0
60.0,131.14977,1.0,36.316692,12.0,1.0,0.0
24.0,126.091835,4.0,51.21304,12.0,0.0,0.0
66.0,140.87436,1.0,58.542465,12.0,1.0,0.0
70.0,84.62661,4.0,61.541294,1.0,0.0,1.0
56.0,98.54718,4.0,72.00357,24.0,1.0,0.0
5.0,35.602417,2.0,53.09772,12.0,3.0,0.0
11.0,95.28849,2.0,19.898447,12.0,1.0,0.0
43.0,107.07119,3.0,80.108055,24.0,2.0,0.0
19.0,43.29975,1.0,48.784027,12.0,0.0,0.0
17.0,76.74384,2.0,43.72142,1.0,0.0,0.0
26.0,115.55853,1.0,39.120117,1.0,0.0,0.0
12.0,82.169556,4.0,79.30861,24.0,0.0,0.0
1.0,88.4794,1.0,44.580135,24.0,0.0,0.0
37.0,69.846756,4.0,42.565395,1.0,2.0,0.0
36.0,75.95698,3.0,63.58235,1.0,0.0,0.0
27.0,89.95009,2.0,1.0,12.0,0.0,0.0
32.0,102.81677,3.0,56.565475,12.0,1.0,0.0
5.0,140.93173,3.0,42.888145,12.0,2.0,0.0
41.0,39.568966,0.0,35.096413,1.0,0.0,0.0
37.0,100.63906,2.0,34.02543,12.0,1.0,0.0
66.0,99.63018,0.0,59.85429,12.0,1.0,0.0
16.0,104.57798,0.0,30.539774,1.0,0.0,1.0
68.0,109.96049,3.0,80.52617,1.0,1.0,0.0
29.0,93.60318,1.0,47.440662,12.0,2.0,0.0
69.0,146.36093,1.0,59.880314,12.0,1.0,0.0
58.0,148.1568,3.0,62.560905,1.0,2.0,0.0
40.0,92.74164,0.0,25.174753,1.0,0.0,0.0
60.0,78.04021,2.0,39.292534,24.0,2.0,0.0
67.0,31.511644,1.0,28.53062,1.0,0.0,0.0
17.0,67.13691,1.0,71.58903,24.0,1.0,0.0
25.0,92.965576,3.0,30.269747,12.0,2.0,0.0
62.0,110.755356,1.0,40.371346,24.0,0.0,0.0
50.0,22.78,0.0,53.33532,12.0,3.0,0.0
7.0,43.555065,3.0,64.54914,1.0,1.0,1.0
11.0,91.14985,0.0,19.019835,1.0,1.0,0.0
53.0,63.361,4.0,29.286205,1.0,1.0,0.0
47.0,51.121258,4.0,80.0635,12.0,0.0,0.0
55.0,63.555164,2.0,35.542137,24.0,2.0,0.0
35.0,84.50441,4.0,66.94693,24.0,1.0,0.0
64.0,109.314445,3.0,37.683685,1.0,1.0,1.0
60.0,47.47328,1.0,67.72419,12.0,2.0,0.0
10.0,149.42508,2.0,34.451687,12.0,1.0,1.0
41.0,89.11771,0.0,46.057453,12.0,1.0,0.0
40.0,85.812546,2.0,52.89664,1.0,0.0,0.0
7.0,129.46457,2.0,69.845634,1.0,1.0,1.0
18.0,106.99017,1.0,46.733776,1.0,1.0,0.0
24.0,116.739136,4.0,19.138266,12.0,3.0,1.0
51.0,68.73493,1.0,84.36116,1.0,0.0,0.0
36.0,73.86755,7.0,56.646587,24.0,1.0,0.0
4.0,56.02178,5.0,90.2149,24.0,1.0,0.0
67.0,143.56712,2.0,42.074883,12.0,0.0,1.0
29.0,22.770996,1.0,72.3958,24.0,2.0,0.0
24.0,142.67747,2.0,63.37418,12.0,1.0,1.0
27.0,89.39708,1.0,45.73779,1.0,1.0,0.0
38.0,100.74569,1.0,85.66118,1.0,0.0,1.0
31.0,95.96537,4.0,72.50944,24.0,1.0,0.0
63.0,133.35214,0.0,73.35474,24.0,2.0,0.0
47.0,54.672256,2.0,50.022987,1.0,2.0,1.0
41.0,94.74388,2.0,43.305355,12.0,0.0,1.0
54.0,147.58958,1.0,51.336674,1.0,0.0,0.0
44.0,111.86117,2.0,88.20073,1.0,1.0,0.0
63.0,62.873215,2.0,100.40132,1.0,1.0,0.0
66.0,104.76641,1.0,55.41272,24.0,1.0,0.0
1.0,139.40074,3.0,66.86043,12.0,0.0,1.0
57.0,132.22888,2.0,42.794968,24.0,2.0,0.0
34.0,96.00043,0.0,48.808624,1.0,0.0,0.0
18.0,140.5166,2.0,38.417404,12.0,0.0,0.0
20.0,88.70577,2.0,53.440025,1.0,1.0,1.0
49.0,84.89389,3.0,39.34651,1.0,1.0,0.0
42.0,146.49976,1.0,69.03698,1.0,0.0,0.0
9.0,112.59066,1.0,43.446907,1.0,3.0,0.0
13.0,24.347445,4.0,105.46508,1.0,0.0,0.0
14.0,137.65927,2.0,67.62459,1.0,1.0,0.0
38.0,42.16495,1.0,54.961666,12.0,2.0,0.0
62.0,148.66814,3.0,92.2379,12.0,0.0,0.0
38.0,31.166416,2.0,76.04784,1.0,1.0,0.0
15.0,101.0524,5.0,73.65872,1.0,1.0,1.0
38.0,22.67388,4.0,59.752193,1.0,0.0,0.0
40.0,59.833096,3.0,26.245409,12.0,0.0,0.0
42.0,119.48146,3.0,71.25217,12.0,1.0,0.0
43.0,65.60884,0.0,81.501755,12.0,1.0,0.0
12.0,105.27026,0.0,44.786484,24.0,1.0,0.0
48.0,109.34485,0.0,82.91289,1.0,0.0,0.0
61.0,130.9239,3.0,89.85868,12.0,2.0,0.0
49.0,139.56314,1.0,29.798359,1.0,2.0,1.0
8.0,100.37043,2.0,74.084854,24.0,2.0,0.0
37.0,46.73739,2.0,32.742214,12.0,1.0,0.0
21.0,29.276142,2.0,42.65447,1.0,2.0,0.0
39.0,73.875305,2.0,72.355225,1.0,1.0,0.0
65.0,97.180984,5.0,54.62489,12.0,0.0,0.0
59.0,113.896935,2.0,35.250187,1.0,1.0,1.0
8.0,138.7429,3.0,57.41252,1.0,1.0,1.0
51.0,140.2178,3.0,52.864876,12.0,1.0,1.0
19.0,69.18942,3.0,61.191154,1.0,0.0,1.0
25.0,144.2506,2.0,48.562016,1.0,0.0,0.0
9.0,132.73532,2.0,45.164333,24.0,1.0,0.0
66.0,143.87543,2.0,63.195885,24.0,1.0,0.0
2.0,114.623726,3.0,92.03589,24.0,0.0,0.0
9.0,64.45765,3.0,58.418602,24.0,0.0,0.0
43.0,38.815372,5.0,55.660786,1.0,1.0,1.0
47.0,90.58652,0.0,25.464046,1.0,3.0,0.0
54.0,133.55434,4.0,56.833916,12.0,1.0,0.0
22.0,76.19043,1.0,50.022217,1.0,3.0,1.0
8.0,31.684217,0.0,71.63945,24.0,1.0,0.0
41.0,57.50849,1.0,59.917282,1.0,0.0,0.0
48.0,93.07258,2.0,28.072823,12.0,1.0,0.0
47.0,43.15522,1.0,60.676304,24.0,0.0,0.0
68.0,125.94323,2.0,48.677162,1.0,1.0,0.0
68.0,23.095642,3.0,62.12841,1.0,0.0,0.0
18.0,133.09319,2.0,41.673054,1.0,0.0,0.0
9.0,142.20038,2.0,60.351772,12.0,0.0,0.0
25.0,101.289185,3.0,42.373966,1.0,0.0,0.0
1.0,83.21825,4.0,62.9165,1.0,0.0,1.0
17.0,119.58046,0.0,45.634212,1.0,1.0,0.0
48.0,51.6687,2.0,40.846638,1.0,1.0,1.0
67.0,78.42571,3.0,80.28029,24.0,0.0,0.0
36.0,125.80074,0.0,54.11516,24.0,3.0,0.0
30.0,96.264046,2.0,57.235428,12.0,0.0,0.0
36.0,109.95397,5.0,68.022736,24.0,1.0,0.0
63.0,58.986584,6.0,39.253246,1.0,2.0,1.0
3.0,102.95276,1.0,36.646152,24.0,0.0,0.0
59.0,60.116207,3.0,56.052734,12.0,0.0,0.0
33.0,138.82991,1.0,33.311237,24.0,2.0,0.0
29.0,114.33608,1.0,30.190762,24.0,0.0,0.0
57.0,31.896498,5.0,41.913513,12.0,2.0,1.0
54.0,107.17104,3.0,63.07164,1.0,1.0,0.0
71.0,63.355743,6.0,60.964447,12.0,0.0,0.0
41.0,146.85423,5.0,68.685265,24.0,0.0,0.0
31.0,144.37985,4.0,71.06747,12.0,0.0,0.0
15.0,41.996395,2.0,56.486496,1.0,1.0,0.0
48.0,92.73261,0.0,65.51396,24.0,1.0,0.0
39.0,102.60453,1.0,87.61975,24.0,1.0,0.0
63.0,79.24902,5.0,47.44692,1.0,1.0,0.0
36.0,55.12384,0.0,54.047264,12.0,0.0,0.0
13.0,102.49733,3.0,27.254112,12.0,2.0,0.0
20.0,74.80457,2.0,64.43791,12.0,2.0,0.0
15.0,65.29289,2.0,28.909843,12.0,1.0,0.0
59.0,94.35849,2.0,61.75808,1.0,0.0,0.0
16.0,68.549774,2.0,73.81628,1.0,1.0,0.0
64.0,88.24959,1.0,65.16433,1.0,0.0,0.0
35.0,79.82557,5.0,44.767902,12.0,2.0,0.0
22.0,95.85728,1.0,69.87428,1.0,0.0,0.0
43.0,72.43287,2.0,25.498087,1.0,0.0,0.0
36.0,47.978497,3.0,72.875984,1.0,1.0,1.0
19.0,32.877537,2.0,34.52352,12.0,1.0,0.0
29.0,125.556755,6.0,64.767685,12.0,0.0,0.0
39.0,86.34753,3.0,56.53332,12.0,1.0,0.0
56.0,22.310987,3.0,47.75708,24.0,1.0,0.0
1.0,68.6583,2.0,29.513311,24.0,1.0,0.0
67.0,149.22063,1.0,84.97054,1.0,0.0,0.0
61.0,64.03025,5.0,77.35701,1.0,1.0,0.0
71.0,68.5788,4.0,34.698196,1.0,1.0,0.0
40.0,91.074615,2.0,72.33736,1.0,1.0,0.0
42.0,132.9718,5.0,29.11051,1.0,4.0,1.0
66.0,105.937195,1.0,59.35506,12.0,2.0,1.0
69.0,49.24297,1.0,61.642338,24.0,2.0,0.0
17.0,28.087122,2.0,70.959175,1.0,0.0,0.0
18.0,137.71222,3.0,56.482,1.0,1.0,1.0
12.0,47.067856,0.0,52.773594,12.0,1.0,0.0
57.0,69.7452,4.0,87.92857,1.0,1.0,0.0
27.0,48.315464,2.0,16.927885,1.0,1.0,0.0
4.0,113.87215,0.0,61.234947,12.0,1.0,0.0
51.0,76.37371,0.0,1.0,12.0,0.0,0.0
17.0,147.01007,3.0,27.11307,1.0,2.0,1.0
54.0,47.625435,2.0,57.52556,1.0,2.0,0.0
40.0,122.402695,4.0,43.0196,1.0,0.0,0.0
31.0,122.824776,1.0,81.99226,1.0,1.0,1.0
26.0,136.5348,3.0,38.896095,12.0,0.0,0.0
8.0,35.716972,2.0,82.52367,1.0,0.0,0.0
59.0,112.93292,3.0,77.55305,1.0,0.0,0.0
43.0,88.19841,2.0,1.0,12.0,0.0,0.0
45.0,85.539764,5.0,75.24031,24.0,0.0,0.0
45.0,36.534794,1.0,78.351974,12.0,0.0,0.0
44.0,58.293053,2.0,43.321064,24.0,2.0,0.0
46.0,123.08098,3.0,70.583046,1.0,0.0,0.0
69.0,30.725939,1.0,60.884678,12.0,2.0,0.0
63.0,118.9626,1.0,55.482914,1.0,1.0,0.0
15.0,93.05972,0.0,53.357502,1.0,1.0,0.0
53.0,87.88522,6.0,57.29309,12.0,1.0,1.0
20.0,92.60926,3.0,78.97489,24.0,0.0,1.0
50.0,121.97237,3.0,52.339138,1.0,1.0,1.0
46.0,82.87622,1.0,62.20956,12.0,1.0,0.0
29.0,35.62606,0.0,77.39384,12.0,0.0,0.0
59.0,42.861755,1.0,44.30373,1.0,0.0,0.0
49.0,87.726006,3.0,54.031487,1.0,0.0,0.0
58.0,122.66572,2.0,64.23461,12.0,1.0,0.0
27.0,70.73739,0.0,64.17668,1.0,1.0,0.0
37.0,36.069263,3.0,7.5059423,1.0,2.0,0.0
54.0,45.20832,2.0,73.89901,12.0,1.0,0.0
70.0,75.494865,5.0,39.88739,1.0,1.0,0.0
43.0,39.645866,1.0,69.481606,1.0,4.0,0.0
27.0,139.06923,3.0,53.94259,1.0,0.0,0.0
44.0,113.40137,0.0,29.5258,12.0,1.0,0.0
1.0,129.22359,2.0,110.66347,1.0,0.0,0.0
29.0,36.589203,3.0,70.66901,12.0,0.0,0.0
54.0,145.46745,2.0,52.731213,24.0,0.0,0.0
23.0,73.16734,3.0,45.543552,12.0,2.0,0.0
11.0,34.802746,4.0,35.806503,24.0,0.0,0.0
49.0,26.1318,1.0,96.13446,1.0,1.0,0.0
64.0,116.047806,3.0,48.330544,1.0,3.0,1.0
1.0,120.41292,4.0,89.22336,24.0,1.0,1.0
56.0,139.13948,1.0,46.920837,1.0,2.0,1.0
4.0,107.45641,3.0,54.085323,12.0,0.0,0.0
29.0,129.37715,2.0,29.025705,1.0,3.0,1.0
2.0,123.582085,1.0,28.272385,1.0,0.0,1.0
61.0,56.874516,2.0,15.222525,12.0,1.0,0.0
57.0,25.616499,3.0,30.91373,1.0,2.0,0.0
31.0,44.70068,3.0,44.61266,24.0,0.0,0.0
69.0,107.95962,1.0,11.454628,12.0,1.0,0.0
40.0,62.692223,1.0,73.38448,24.0,0.0,0.0
53.0,138.90591,1.0,32.73669,1.0,0.0,0.0
4.0,117.88497,3.0,77.84435,12.0,2.0,0.0
27.0,53.85406,3.0,43.95122,24.0,1.0,0.0
65.0,121.99455,0.0,75.86016,12.0,2.0,0.0
43.0,84.33629,5.0,69.945274,24.0,1.0,1.0
33.0,51.785984,2.0,59.418423,12.0,0.0,0.0
71.0,41.199806,2.0,89.310875,12.0,0.0,0.0
55.0,139.61792,3.0,83.412796,12.0,0.0,0.0
49.0,91.68904,1.0,53.969723,1.0,0.0,0.0
71.0,46.079464,4.0,54.018898,1.0,0.0,0.0
53.0,86.90639,0.0,49.7369,12.0,0.0,0.0
37.0,137.65953,0.0,116.43817,12.0,2.0,0.0
10.0,109.33843,4.0,44.84879,12.0,0.0,0.0
31.0,94.135735,1.0,50.142937,24.0,1.0,1.0
57.0,125.99853,1.0,55.02472,24.0,0.0,0.0
59.0,37.210167,3.0,47.869892,24.0,0.0,0.0
26.0,137.86879,4.0,58.3,12.0,0.0,0.0
61.0,109.2577,0.0,29.047039,12.0,0.0,0.0
46.0,79.798805,0.0,48.18634,24.0,0.0,0.0
17.0,111.06211,3.0,31.680183,24.0,1.0,1.0
41.0,24.279306,1.0,58.873337,24.0,1.0,0.0
45.0,146.48358,0.0,39.978382,12.0,0.0,1.0
13.0,143.88922,2.0,47.670807,24.0,1.0,1.0
21.0,54.616974,2.0,68.84165,24.0,0.0,0.0
47.0,36.938446,2.0,44.678577,24.0,1.0,0.0
14.0,93.05759,3.0,30.145689,24.0,0.0,0.0
50.0,62.26743,2.0,58.434982,12.0,1.0,0.0
64.0,54.094574,3.0,51.278103,12.0,1.0,0.0
