tenure_months,monthly_spend,support_calls,usage_hours,contract_months,late_payments,churn
7.0,24.404114,2.0,54.304405,12.0,1.0,0.0
56.0,108.79195,5.0,84.30191,12.0,0.0,0.0
48.0,143.56451,3.0,55.087307,1.0,2.0,0.0
32.0,127.789566,5.0,71.29926,12.0,1.0,0.0
32.0,56.03576,0.0,50.579678,1.0,0.0,0.0
62.0,26.93226,0.0,29.483936,24.0,3.0,0.0
7.0,142.24568,2.0,36.335266,12.0,1.0,1.0
51.0,141.81816,1.0,27.643957,24.0,0.0,0.0
15.0,89.21399,3.0,54.355732,1.0,0.0,0.0
7.0,103.50127,0.0,74.477776,24.0,1.0,0.0
38.0,80.13801,0.0,53.22022,1.0,0.0,1.0
71.0,74.569496,1.0,43.844364,1.0,1.0,0.0
53.0,35.528297,3.0,34.207207,24.0,0.0,0.0
55.0,32.577877,0.0,57.108917,12.0,1.0,0.0
52.0,50.25518,2.0,25.237358,24.0,0.0,0.0
57.0,128.76329,3.0,27.317978,12.0,0.0,0.0
37.0,38.9582,1.0,68.003265,1.0,2.0,0.0
10.0,49.470825,0.0,44.445297,1.0,1.0,0.0
61.0,91.319824,0.0,44.050915,24.0,1.0,0.0
33.0,47.96706,3.0,46.61868,12.0,3.0,1.0
37.0,41.21687,3.0,64.51742,12.0,1.0,0.0
27.0,93.23111,4.0,53.310055,1.0,2.0,0.0
14.0,67.85213,1.0,35.13837,1.0,3.0,1.0
67.0,101.4007,1.0,35.858154,24.0,1.0,0.0
57.0,138.5867,5.0,46.097782,24.0,2.0,1.0
47.0,39.62911,1.0,56.044395,1.0,1.0,0.0
29.0,138.74637,2.0,49.289803,1.0,1.0,1.0
60.0,137.3237,0.0,47.510197,1.0,0.0,0.0
40.0,127.78139,1.0,50.92567,1.0,0.0,0.0
32.0,102.06717,2.0,49.275513,24.0,1.0,0.0
33.0,100.619064,2.0,34.39234,12.0,1.0,0.0
17.0,103.09765,3.0,72.14102,1.0,3.0,0.0
7.0,109.76442,5.0,40.35377,24.0,1.0,0.0
40.0,22.142687,5.0,52.58441,24.0,0.0,0.0
64.0,144.55203,4.0,8.793295,1.0,2.0,1.0
5.0,96.12849,4.0,45.696514,24.0,1.0,0.0
62.0,121.59056,3.0,28.008217,12.0,0.0,0.0
60.0,69.04664,3.0,30.419565,1.0,0.0,0.0
20.0,21.611637,1.0,98.44372,24.0,3.0,0.0
46.0,86.2655,1.0,54.990517,1.0,0.0,0.0
12.0,85.934715,0.0,74.52045,24.0,1.0,0.0
55.0,76.80861,2.0,67.10607,12.0,1.0,0.0
51.0,64.163216,5.0,69.664856,24.0,2.0,0.0
26.0,52.47739,0.0,46.018566,1.0,1.0,1.0
5.0,88.58083,3.0,82.12804,1.0,2.0,1.0
70.0,68.786156,0.0,66.93375,24.0,1.0,0.0
33.0,146.09114,4.0,50.8267,24.0,2.0,0.0
65.0,42.48055,0.0,55.265793,24.0,2.0,0.0
49.0,61.556522,1.0,47.26535,1.0,0.0,0.0
57.0,58.214863,2.0,51.044785,12.0,2.0,0.0
55.0,90.630196,1.0,49.127987,1.0,2.0,0.0
15.0,84.90643,2.0,57.630672,1.0,1.0,1.0
27.0,103.686264,1.0,84.79948,12.0,0.0,0.0
34.0,143.50023,5.0,25.895718,12.0,0.0,0.0
36.0,57.078743,2.0,72.84709,12.0,1.0,0.0
4.0,110.0603,3.0,42.63531,1.0,2.0,1.0
40.0,23.255226,3.0,75.393265,24.0,1.0,0.0
12.0,54.1105,6.0,43.331093,24.0,1.0,0.0
54.0,80.28356,1.0,58.255074,1.0,2.0,0.0
50.0,24.029322,3.0,46.823116,24.0,3.0,0.0
67.0,100.29703,1.0,15.388158,24.0,0.0,0.0
54.0,108.18038,2.0,84.77954,1.0,3.0,0.0
27.0,117.07513,2.0,31.144928,12.0,0.0,1.0
70.0,87.154686,1.0,51.677658,24.0,2.0,0.0
30.0,98.51281,1.0,28.951565,12.0,0.0,1.0
24.0,71.48848,3.0,23.259968,1.0,0.0,0.0
66.0,25.362894,1.0,45.901203,12.0,1.0,0.0
27.0,32.99374,2.0,38.129776,24.0,1.0,0.0
6.0,105.14947,3.0,26.6237,12.0,2.0,1.0
34.0,149.4222,1.0,49.291348,1.0,2.0,1.0
58.0,22.05442,4.0,20.361866,1.0,0.0,0.0
14.0,92.485855,1.0,52.509476,24.0,1.0,0.0
34.0,117.63114,2.0,47.453465,12.0,0.0,0.0
10.0,127.48073,0.0,1.0,24.0,2.0,0.0
50.0,90.87664,2.0,39.537804,12.0,1.0,0.0
35.0,100.58908,2.0,59.3682,24.0,1.0,0.0
24.0,110.57424,2.0,28.729082,1.0,0.0,1.0
17.0,131.66562,2.0,60.235844,24.0,1.0,0.0
41.0,35.89764,2.0,58.653584,24.0,0.0,0.0
49.0,140.40369,5.0,29.64557,1.0,0.0,0.0
68.0,23.382263,3.0,49.754353,1.0,0.0,0.0
32.0,128.70596,4.0,66.499825,24.0,0.0,0.0
12.0,29.976255,0.0,32.471554,24.0,1.0,0.0
60.0,45.301666,2.0,45.88379,12.0,1.0,0.0
46.0,20.506239,2.0,73.00478,12.0,0.0,0.0
51.0,77.88337,1.0,32.84736,24.0,2.0,1.0
8.0,63.466698,4.0,59.183167,12.0,1.0,0.0
23.0,41.57908,0.0,28.416178,12.0,2.0,0.0
56.0,78.64172,0.0,46.78076,12.0,1.0,0.0
60.0,72.30821,3.0,58.934536,1.0,1.0,1.0
32.0,119.79594,2.0,1.9094642,24.0,1.0,0.0
58.0,136.10693,2.0,39.313538,24.0,3.0,0.0
61.0,104.83374,1.0,58.58664,1.0,1.0,0.0
28.0,36.17335,4.0,54.516884,1.0,1.0,1.0
65.0,58.400803,2.0,39.552433,1.0,0.0,0.0
21.0,138.73138,3.0,27.90836,1.0,0.0,1.0
18.0,31.535484,2.0,62.569298,24.0,1.0,0.0
50.0,72.89126,2.0,43.551865,24.0,2.0,0.0
46.0,142.5256,1.0,60.906944,12.0,0.0,0.0
11.0,143.58643,4.0,57.60446,1.0,3.0,1.0
60.0,73.45641,0.0,41.051636,1.0,2.0,1.0
15.0,106.7616,2.0,71.45123,12.0,1.0,0.0
58.0,79.37693,2.0,38.11445,1.0,2.0,0.0
1.0,117.94987,4.0,73.80908,1.0,0.0,1.0
58.0,24.105574,1.0,76.42585,24.0,1.0,1.0
57.0,38.74043,3.0,71.0023,12.0,1.0,0.0
57.0,99.84585,3.0,46.38878,24.0,1.0,0.0
48.0,50.231792,0.0,100.94158,1.0,0.0,0.0
34.0,106.5868,3.0,53.03689,1.0,0.0,0.0
51.0,65.65898,4.0,54.82113,24.0,4.0,0.0
20.0,135.26392,0.0,49.558773,24.0,0.0,0.0
57.0,126.50372,1.0,27.40467,12.0,1.0,0.0
41.0,84.06892,2.0,75.90147,12.0,1.0,0.0
34.0,120.476364,2.0,38.551933,1.0,1.0,1.0
37.0,55.247925,3.0,68.39222,12.0,0.0,0.0
41.0,84.25377,2.0,73.19106,1.0,1.0,0.0
3.0,45.67267,3.0,62.06643,1.0,1.0,0.0
11.0,131.9152,0.0,36.160614,12.0,2.0,0.0
18.0,126.99879,3.0,43.178436,1.0,0.0,1.0
9.0,137.27945,1.0,1.0,1.0,0.0,1.0
32.0,134.072,1.0,47.670647,1.0,1.0,0.0
49.0,144.74751,0.0,66.05421,1.0,0.0,1.0
48.0,49.683712,1.0,45.249897,24.0,2.0,0.0
34.0,141.13716,1.0,38.198395,24.0,0.0,0.0
62.0,94.25771,4.0,44.045063,1.0,1.0,0.0
41.0,74.92436,0.0,74.30732,1.0,1.0,0.0
6.0,92.84861,2.0,48.912685,24.0,2.0,0.0
56.0,64.53831,1.0,87.158325,1.0,4.0,1.0
42.0,57.51189,2.0,38.58533,12.0,0.0,0.0
46.0,51.370865,2.0,54.344635,1.0,2.0,0.0
41.0,30.71564,1.0,41.331963,12.0,4.0,0.0
40.0,84.55344,2.0,91.48973,1.0,0.0,0.0
7.0,135.40901,2.0,53.594105,12.0,0.0,0.0
41.0,101.919754,4.0,92.56152,12.0,1.0,1.0
58.0,87.72683,3.0,41.59745,1.0,2.0,0.0
22.0,75.71708,2.0,80.55158,12.0,3.0,0.0
44.0,80.37221,4.0,52.36007,12.0,1.0,0.0
3.0,47.206055,3.0,66.73311,24.0,3.0,0.0
26.0,126.98167,3.0,25.60578,12.0,1.0,1.0
32.0,45.789783,1.0,56.96828,1.0,0.0,0.0
71.0,113.16096,0.0,28.617592,12.0,4.0,0.0
16.0,118.79805,2.0,55.14193,1.0,1.0,1.0
20.0,94.73298,0.0,19.632198,24.0,2.0,1.0
30.0,132.18044,1.0,48.11834,24.0,1.0,0.0
72.0,57.836544,1.0,71.91224,1.0,2.0,0.0
62.0,134.61024,1.0,60.951077,12.0,0.0,0.0
3.0,114.82336,1.0,25.321,12.0,1.0,1.0
17.0,123.83748,2.0,12.032272,1.0,0.0,1.0
60.0,106.39536,3.0,59.938892,12.0,0.0,0.0
5.0,130.0246,3.0,81.62398,12.0,1.0,0.0
62.0,149.10286,1.0,30.721079,12.0,0.0,0.0
21.0,74.62117,3.0,91.94808,12.0,2.0,0.0
67.0,125.80904,0.0,49.870132,12.0,0.0,0.0
22.0,116.79537,1.0,10.826129,12.0,1.0,1.0
32.0,78.87312,2.0,18.782393,12.0,1.0,0.0
48.0,140.50337,1.0,65.39898,12.0,0.0,0.0
10.0,71.27537,2.0,52.591362,12.0,0.0,0.0
41.0,93.51057,0.0,79.64442,12.0,0.0,0.0
37.0,33.772507,1.0,26.037504,1.0,0.0,0.0
57.0,49.350777,1.0,52.369896,12.0,0.0,0.0
72.0,129.2905,6.0,50.13522,12.0,1.0,0.0
48.0,71.55186,4.0,47.13971,1.0,0.0,0.0
30.0,71.230934,6.0,42.347855,1.0,0.0,1.0
30.0,51.97753,1.0,42.746014,12.0,3.0,0.0
31.0,83.90934,1.0,53.492916,1.0,0.0,0.0
59.0,124.7562,1.0,56.05162,1.0,0.0,1.0
24.0,136.37134,3.0,55.051456,1.0,2.0,1.0
13.0,29.114876,0.0,74.11975,12.0,1.0,0.0
25.0,94.72669,5.0,25.97443,24.0,0.0,0.0
2.0,80.74554,4.0,13.76633,24.0,0.0,0.0
8.0,99.85664,2.0,70.3393,24.0,1.0,0.0
7.0,78.145836,2.0,31.1295,24.0,0.0,0.0
56.0,71.82383,2.0,42.410484,1.0,1.0,1.0
53.0,81.34449,1.0,37.758007,1.0,1.0,1.0
51.0,95.65989,4.0,37.329754,1.0,1.0,0.0
34.0,85.127815,2.0,20.834719,1.0,0.0,1.0
52.0,81.37878,0.0,38.609447,24.0,2.0,0.0
12.0,126.31859,3.0,62.98662,24.0,0.0,0.0
65.0,116.93424,2.0,49.92137,12.0,1.0,0.0
37.0,64.3792,3.0,60.09014,24.0,3.0,1.0
68.0,124.07503,4.0,40.07836,12.0,1.0,1.0
11.0,130.9746,6.0,68.05692,12.0,0.0,1.0
36.0,39.953987,3.0,39.832764,1.0,1.0,0.0
51.0,95.74872,3.0,7.828854,24.0,1.0,0.0
36.0,57.09056,0.0,56.332478,12.0,4.0,0.0
33.0,116.0924,1.0,65.347694,1.0,1.0,1.0
12.0,51.04209,3.0,38.81522,1.0,1.0,0.0
28.0,107.282455,3.0,73.98412,24.0,2.0,0.0
18.0,53.166206,3.0,32.986156,24.0,0.0,0.0
22.0,86.44869,1.0,63.414536,12.0,1.0,0.0
50.0,143.32404,1.0,84.895515,24.0,1.0,0.0
46.0,69.56998,2.0,50.73462,1.0,1.0,1.0
44.0,133.84601,1.0,45.470337,24.0,1.0,0.0
27.0,148.3028,1.0,47.886566,12.0,1.0,0.0
70.0,133.7306,2.0,82.56591,12.0,1.0,0.0
7.0,41.562584,1.0,58.055653,24.0,1.0,0.0
25.0,126.555565,3.0,92.884056,24.0,0.0,0.0
9.0,24.17942,1.0,55.58503,1.0,1.0,0.0
25.0,71.12924,2.0,36.92407,24.0,2.0,0.0
70.0,133.19534,2.0,38.32986,12.0,1.0,0.0
27.0,109.53779,2.0,51.232147,1.0,1.0,1.0
66.0,89.256256,2.0,9.173548,12.0,2.0,0.0
36.0,70.422325,3.0,40.500202,12.0,1.0,0.0
51.0,125.5986,3.0,40.944042,12.0,1.0,1.0
33.0,112.24259,2.0,54.795795,12.0,0.0,0.0
20.0,80.89269,3.0,88.836365,1.0,0.0,0.0
56.0,136.02296,4.0,51.09633,1.0,5.0,1.0
70.0,49.89324,2.0,11.546819,24.0,1.0,0.0
19.0,42.150898,2.0,31.721848,1.0,1.0,0.0
57.0,103.56449,1.0,55.245758,12.0,1.0,0.0
19.0,146.35927,2.0,51.859894,12.0,0.0,1.0
52.0,52.143356,1.0,82.48911,1.0,1.0,0.0
57.0,52.45715,1.0,69.201546,1.0,4.0,1.0
33.0,38.13485,4.0,68.60231,1.0,2.0,0.0
54.0,131.87326,3.0,45.657337,24.0,0.0,0.0
20.0,49.43168,1.0,71.98242,24.0,0.0,0.0
6.0,85.41321,1.0,32.08154,1.0,2.0,1.0
7.0,148.81342,1.0,69.36588,1.0,0.0,1.0
33.0,21.578318,3.0,44.351624,12.0,1.0,0.0
65.0,92.34319,4.0,21.040133,12.0,0.0,0.0
10.0,86.59757,0.0,61.864735,12.0,0.0,0.0
33.0,124.96816,4.0,77.950874,12.0,1.0,1.0
51.0,66.1866,2.0,41.86796,12.0,0.0,0.0
15.0,73.344376,0.0,81.25523,1.0,1.0,0.0
52.0,41.831936,3.0,16.881182,24.0,3.0,0.0
23.0,116.30598,4.0,26.064135,12.0,0.0,1.0
59.0,122.01216,4.0,47.06548,1.0,1.0,0.0
42.0,37.76623,1.0,42.58472,24.0,1.0,0.0
40.0,71.14942,0.0,36.657333,1.0,1.0,0.0
13.0,136.07765,3.0,52.673553,1.0,1.0,1.0
34.0,20.351946,2.0,39.428192,1.0,0.0,0.0
62.0,58.83868,5.0,42.820507,12.0,1.0,0.0
2.0,92.155495,1.0,55.5685,12.0,1.0,0.0
55.0,63.4322,4.0,36.64926,12.0,0.0,0.0
36.0,55.365875,3.0,47.87964,1.0,1.0,0.0
52.0,79.80487,1.0,37.08922,1.0,1.0,0.0
48.0,43.598003,2.0,25.887592,1.0,2.0,0.0
32.0,88.85128,1.0,65.27404,12.0,1.0,0.0
23.0,111.87047,3.0,84.15589,1.0,1.0,0.0
46.0,94.788345,3.0,71.29144,12.0,2.0,0.0
11.0,32.104214,0.0,56.634323,12.0,2.0,0.0
43.0,129.77312,4.0,37.16943,12.0,1.0,0.0
7.0,42.74712,1.0,44.261627,12.0,0.0,0.0
47.0,119.42556,1.0,71.14043,12.0,0.0,0.0
46.0,66.87347,1.0,4.3702645,1.0,1.0,0.0
7.0,121.75897,3.0,42.734795,12.0,0.0,1.0
55.0,46.81548,3.0,64.68232,1.0,1.0,0.0
30.0,44.266075,1.0,27.234392,12.0,0.0,0.0
57.0,84.61336,5.0,58.467766,12.0,0.0,0.0
3.0,24.281681,2.0,57.539787,12.0,1.0,0.0
13.0,49.288654,2.0,20.913351,24.0,0.0,0.0
36.0,114.12159,1.0,51.739563,1.0,1.0,0.0
14.0,128.85985,3.0,37.651096,1.0,1.0,1.0
24.0,30.502098,2.0,58.32197,24.0,1.0,0.0
48.0,134.6701,1.0,63.395775,1.0,0.0,0.0
11.0,123.67724,1.0,57.97878,12.0,1.0,0.0
49.0,133.05896,2.0,51.451847,1.0,2.0,0.0
8.0,110.795715,3.0,55.777424,12.0,0.0,1.0
13.0,107.6399,3.0,26.478699,12.0,1.0,0.0
43.0,88.26212,0.0,49.384964,24.0,1.0,0.0
58.0,104.86234,2.0,34.070335,12.0,1.0,0.0
13.0,139.48425,1.0,70.630775,12.0,0.0,1.0
22.0,33.06786,1.0,63.664764,24.0,0.0,0.0
67.0,61.04938,5.0,63.60803,24.0,0.0,0.0
72.0,29.419147,0.0,84.26983,1.0,0.0,0.0
42.0,142.82468,1.0,43.40045,12.0,1.0,0.0
33.0,77.884514,3.0,39.01985,1.0,0.0,0.0
25.0,107.794785,1.0,42.927944,1.0,0.0,1.0
45.0,129.34561,1.0,17.955273,24.0,1.0,0.0
43.0,148.83003,3.0,19.528337,24.0,0.0,1.0
22.0,41.03172,3.0,62.422062,24.0,1.0,0.0
2.0,123.93664,1.0,22.097197,12.0,0.0,0.0
11.0,135.36497,1.0,28.501749,1.0,0.0,1.0
70.0,26.3538,2.0,47.965603,1.0,2.0,0.0
31.0,118.03178,2.0,41.755447,1.0,2.0,0.0
35.0,66.11429,2.0,67.71305,1.0,1.0,0.0
34.0,104.31758,3.0,51.209225,12.0,1.0,1.0
57.0,86.82626,0.0,34.03063,12.0,0.0,0.0
5.0,53.76649,0.0,69.43266,1.0,0.0,0.0
6.0,37.578777,3.0,64.57583,1.0,1.0,0.0
20.0,35.20314,3.0,21.78033,1.0,2.0,0.0
36.0,33.431973,2.0,55.045334,24.0,2.0,0.0
49.0,102.912704,3.0,35.698463,1.0,1.0,1.0
36.0,65.68341,1.0,35.171246,1.0,0.0,0.0
32.0,48.162346,2.0,87.3903,12.0,2.0,0.0
68.0,109.94506,2.0,52.485428,1.0,2.0,0.0
12.0,109.29044,3.0,45.64923,1.0,2.0,1.0
42.0,90.09188,3.0,51.699024,24.0,3.0,0.0
40.0,141.54451,1.0,67.4848,1.0,0.0,0.0
35.0,70.10385,1.0,35.96791,1.0,2.0,0.0
59.0,128.66219,3.0,39.383,1.0,0.0,0.0
20.0,29.768124,3.0,63.13343,1.0,1.0,0.0
69.0,116.17804,1.0,19.672215,24.0,2.0,0.0
24.0,148.49817,5.0,69.81544,12.0,2.0,0.0
40.0,130.05777,1.0,17.896406,12.0,1.0,0.0
38.0,95.356415,3.0,45.084663,12.0,3.0,0.0
62.0,101.47959,5.0,18.023342,1.0,2.0,1.0
32.0,65.92764,1.0,28.874968,12.0,0.0,0.0
21.0,108.33308,4.0,75.95334,1.0,0.0,0.0
2.0,120.1514,4.0,70.88916,24.0,2.0,1.0
27.0,149.7697,2.0,73.02644,12.0,0.0,0.0
60.0,84.02018,2.0,21.020235,1.0,0.0,0.0
1.0,27.969528,0.0,28.978876,24.0,2.0,0.0
65.0,97.46153,5.0,56.79745,1.0,0.0,0.0
40.0,35.47314,2.0,64.30635,1.0,0.0,0.0
11.0,51.819454,1.0,34.009727,1.0,0.0,0.0
22.0,62.74139,2.0,38.421574,1.0,1.0,0.0
40.0,115.03388,2.0,27.373047,1.0,0.0,1.0
23.0,43.895058,2.0,83.16491,24.0,1.0,1.0
8.0,41.547882,2.0,40.500885,1.0,2.0,0.0
48.0,25.845352,0.0,50.625847,1.0,0.0,0.0
49.0,133.5212,6.0,51.672894,1.0,2.0,1.0
9.0,110.15571,3.0,72.11241,1.0,2.0,0.0
21.0,25.19304,2.0,30.950668,1.0,0.0,1.0
18.0,23.678,3.0,73.36522,1.0,0.0,1.0
48.0,92.627655,1.0,24.425585,1.0,1.0,0.0
53.0,56.729473,2.0,73.31441,1.0,1.0,0.0
53.0,97.574425,1.0,15.694008,1.0,0.0,0.0
68.0,76.49854,2.0,47.908886,12.0,2.0,0.0
56.0,140.03064,3.0,82.50874,24.0,2.0,0.0
24.0,57.415173,2.0,63.94512,1.0,0.0,0.0
8.0,108.288895,4.0,58.424847,12.0,2.0,1.0
45.0,27.027061,2.0,29.031696,12.0,0.0,0.0
66.0,144.26187,0.0,35.303974,12.0,1.0,0.0
71.0,147.49847,0.0,76.88792,12.0,1.0,0.0
17.0,116.079704,1.0,59.44679,12.0,2.0,0.0
18.0,80.47762,2.0,67.804985,24.0,1.0,0.0
3.0,48.599148,2.0,51.475876,1.0,3.0,1.0
11.0,125.62712,2.0,44.36537,12.0,2.0,1.0
40.0,115.726036,3.0,65.33323,12.0,1.0,0.0
40.0,48.854027,2.0,55.18706,24.0,3.0,0.0
27.0,78.65799,0.0,46.6008,12.0,1.0,0.0
23.0,80.163864,3.0,21.719858,24.0,1.0,0.0
60.0,127.43337,1.0,69.07816,12.0,1.0,0.0
34.0,108.89981,3.0,58.800526,12.0,0.0,0.0
59.0,103.61178,1.0,37.87476,24.0,3.0,0.0
70.0,104.47756,3.0,73.58505,12.0,1.0,0.0
23.0,55.16111,0.0,54.87625,12.0,2.0,0.0
15.0,68.322464,1.0,55.26798,24.0,2.0,0.0
69.0,25.936096,1.0,67.67791,1.0,2.0,0.0
46.0,122.302345,0.0,63.374134,24.0,0.0,0.0
21.0,76.289764,2.0,55.87349,24.0,2.0,0.0
45.0,76.970985,4.0,46.2283,12.0,1.0,0.0
38.0,51.896313,5.0,89.67329,1.0,1.0,0.0
66.0,47.225548,3.0,35.323982,1.0,0.0,0.0
19.0,96.41685,1.0,64.91943,1.0,1.0,0.0
72.0,50.23189,2.0,48.322815,1.0,4.0,0.0
68.0,28.34715,3.0,59.094273,12.0,1.0,0.0
14.0,119.77596,6.0,74.668465,24.0,0.0,0.0
12.0,68.941025,0.0,43.768433,12.0,1.0,0.0
39.0,69.430626,2.0,62.036728,1.0,0.0,0.0
4.0,76.07137,2.0,55.311146,24.0,0.0,0.0
22.0,125.955826,0.0,37.17397,24.0,1.0,0.0
32.0,61.708797,2.0,75.16198,12.0,1.0,0.0
70.0,118.54471,3.0,64.223755,1.0,0.0,0.0
72.0,142.14082,0.0,41.309002,12.0,1.0,0.0
11.0,105.912865,2.0,72.07188,12.0,2.0,1.0
65.0,76.11854,4.0,33.37161,1.0,1.0,0.0
7.0,117.21266,1.0,49.421314,12.0,1.0,1.0
54.0,79.52666,3.0,41.415524,12.0,1.0,0.0
61.0,73.87554,2.0,65.02624,1.0,1.0,0.0
65.0,88.28681,1.0,40.406334,24.0,0.0,0.0
17.0,61.3039,2.0,65.16966,24.0,1.0,0.0
65.0,33.55253,0.0,61.889202,12.0,0.0,0.0
9.0,73.93076,3.0,42.495018,1.0,3.0,1.0
38.0,36.101395,3.0,86.59435,1.0,1.0,0.0
34.0,73.35739,2.0,35.095306,12.0,1.0,0.0
23.0,92.40138,2.0,21.819717,24.0,0.0,0.0
2.0,140.99245,3.0,67.12199,12.0,2.0,1.0
56.0,24.708902,1.0,7.0118413,1.0,0.0,0.0
25.0,100.7896,1.0,79.836334,1.0,0.0,0.0
48.0,79.50558,2.0,52.035076,1.0,1.0,0.0
30.0,22.633947,2.0,21.460299,12.0,1.0,0.0
27.0,52.44126,1.0,31.03071,12.0,2.0,0.0
64.0,35.403084,2.0,17.318226,1.0,3.0,0.0
7.0,48.18324,2.0,57.657658,12.0,1.0,0.0
54.0,55.69413,2.0,23.461716,24.0,3.0,0.0
54.0,72.16982,1.0,60.041782,12.0,0.0,0.0
28.0,88.77512,1.0,43.90352,1.0,2.0,1.0
19.0,20.128698,2.0,40.492718,12.0,0.0,0.0
1.0,41.04302,3.0,60.18692,24.0,1.0,0.0
68.0,32.16363,3.0,62.470226,1.0,1.0,0.0
69.0,91.45754,1.0,72.91605,1.0,2.0,0.0
18.0,62.77973,2.0,37.324432,12.0,0.0,1.0
3.0,91.2917,0.0,49.403812,1.0,0.0,0.0
9.0,48.83703,5.0,37.293457,24.0,1.0,0.0
5.0,23.149817,3.0,53.25975,12.0,0.0,0.0
60.0,142.3777,0.0,34.434208,1.0,2.0,0.0
65.0,34.080055,2.0,41.518066,24.0,2.0,0.0
12.0,36.49164,3.0,41.61999,12.0,3.0,1.0
54.0,39.051086,0.0,55.867218,12.0,0.0,0.0
13.0,147.56595,2.0,50.0591,1.0,1.0,0.0
27.0,100.29583,1.0,60.126034,12.0,0.0,0.0
44.0,99.33769,0.0,47.86007,24.0,1.0,0.0
52.0,148.27077,2.0,38.404945,1.0,0.0,0.0
63.0,31.49704,2.0,53.825657,1.0,1.0,0.0
4.0,146.68512,0.0,31.65632,24.0,0.0,0.0
15.0,46.52171,0.0,61.383156,1.0,1.0,0.0
21.0,100.9993,0.0,44.290695,1.0,1.0,0.0
23.0,74.61086,2.0,54.09039,1.0,2.0,1.0
72.0,69.913734,2.0,54.40048,12.0,0.0,0.0
56.0,141.06163,0.0,82.03091,12.0,0.0,0.0
24.0,39.399605,1.0,57.631676,1.0,0.0,0.0
70.0,149.61897,1.0,51.46438,1.0,2.0,0.0
36.0,69.286255,4.0,36.152584,12.0,2.0,0.0
37.0,104.34074,3.0,66.04771,12.0,1.0,0.0
32.0,145.82788,1.0,44.59589,1.0,1.0,0.0
11.0,27.488136,2.0,19.490396,12.0,0.0,0.0
68.0,139.97237,2.0,46.098236,12.0,0.0,0.0
2.0,93.81548,3.0,53.829796,1.0,0.0,1.0
13.0,111.571594,1.0,33.629887,1.0,1.0,1.0
17.0,39.393944,3.0,47.636395,24.0,2.0,0.0
21.0,89.34036,4.0,48.570343,24.0,1.0,1.0
10.0,107.556786,2.0,48.881844,1.0,0.0,0.0
2.0,79.31215,1.0,74.69284,24.0,0.0,1.0
49.0,40.14807,1.0,23.768843,12.0,0.0,0.0
70.0,51.73548,1.0,90.67605,24.0,0.0,0.0
9.0,131.07106,0.0,49.343292,24.0,1.0,0.0
22.0,24.48123,2.0,61.604225,12.0,0.0,0.0
37.0,112.15207,4.0,52.556725,12.0,0.0,0.0
67.0,149.9207,0.0,15.479528,1.0,1.0,0.0
50.0,20.97279,4.0,28.868446,12.0,0.0,0.0
56.0,40.93594,3.0,39.51448,1.0,0.0,0.0
42.0,107.638756,1.0,69.8744,12.0,2.0,0.0
31.0,27.79881,3.0,22.313578,1.0,1.0,1.0
15.0,96.6727,2.0,32.88525,24.0,1.0,0.0
63.0,108.92001,5.0,53.297016,24.0,1.0,0.0
58.0,96.45902,3.0,59.45713,1.0,1.0,0.0
2.0,67.474014,1.0,58.854416,12.0,3.0,0.0
52.0,110.6467,1.0,30.319899,24.0,0.0,0.0
7.0,97.25828,2.0,18.040173,12.0,0.0,1.0
54.0,46.992832,0.0,60.781193,24.0,1.0,0.0
60.0,93.20762,8.0,78.662476,12.0,2.0,1.0
10.0,134.64793,5.0,43.093967,1.0,1.0,0.0
32.0,106.688324,6.0,27.10627,12.0,0.0,1.0
9.0,81.33289,1.0,41.402393,12.0,0.0,0.0
41.0,61.805935,1.0,57.881252,1.0,1.0,0.0
67.0,31.165207,2.0,45.337135,24.0,0.0,0.0
6.0,51.80153,2.0,78.143875,12.0,0.0,1.0
29.0,21.454277,1.0,68.49941,1.0,3.0,0.0
71.0,148.26137,1.0,53.68676,12.0,1.0,0.0
22.0,48.92269,4.0,10.913542,1.0,1.0,1.0
10.0,125.933876,3.0,36.154728,12.0,0.0,1.0
36.0,41.923836,1.0,39.039555,12.0,1.0,1.0
37.0,56.86815,1.0,35.06768,1.0,1.0,1.0
48.0,74.37605,3.0,53.816425,24.0,1.0,0.0
23.0,62.172737,1.0,54.22884,24.0,0.0,0.0
69.0,123.78561,2.0,16.518503,12.0,2.0,0.0
38.0,144.50014,1.0,66.091965,12.0,1.0,0.0
21.0,133.78828,2.0,50.322475,24.0,0.0,0.0
70.0,39.965122,2.0,57.15283,1.0,3.0,0.0
67.0,120.96953,1.0,64.89653,1.0,0.0,0.0
36.0,39.233097,3.0,34.660606,1.0,2.0,1.0
2.0,138.73955,4.0,75.178116,12.0,1.0,1.0
43.0,87.32421,1.0,47.164127,1.0,2.0,0.0
40.0,63.72954,0.0,80.250946,12.0,1.0,0.0
11.0,40.413315,2.0,32.121353,12.0,2.0,0.0
46.0,21.535181,3.0,78.76493,1.0,0.0,0.0
61.0,52.23311,1.0,31.920319,1.0,0.0,0.0
8.0,138.8226,1.0,100.975624,1.0,4.0,0.0
53.0,123.64409,1.0,30.963326,12.0,2.0,0.0
11.0,146.07318,2.0,71.13174,1.0,1.0,0.0
54.0,33.099,2.0,42.752117,1.0,0.0,1.0
31.0,96.98324,3.0,64.300446,1.0,1.0,1.0
1.0,53.42956,2.0,49.1895,12.0,1.0,0.0
70.0,90.58242,2.0,28.175392,1.0,1.0,0.0
12.0,61.659134,1.0,1.0,12.0,3.0,0.0
43.0,56.85052,4.0,100.151665,24.0,0.0,0.0
14.0,94.59989,2.0,51.460484,12.0,1.0,0.0
68.0,43.83136,3.0,1.0,1.0,1.0,0.0
54.0,80.98735,2.0,56.052174,12.0,2.0,0.0
58.0,104.60559,4.0,63.791733,1.0,1.0,0.0
32.0,36.66367,2.0,35.698383,24.0,3.0,0.0
34.0,140.97725,0.0,35.83291,24.0,3.0,1.0
46.0,85.74421,0.0,49.603165,12.0,1.0,0.0
57.0,126.538635,3.0,74.05189,1.0,1.0,0.0
61.0,105.007706,2.0,51.999203,12.0,3.0,0.0
2.0,112.300125,2.0,79.2645,12.0,0.0,0.0
48.0,113.09702,3.0,72.62438,1.0,0.0,0.0
8.0,133.76299,1.0,45.424305,24.0,1.0,1.0
21.0,99.76871,2.0,18.589525,1.0,0.0,0.0
60.0,56.16823,3.0,45.466583,24.0,2.0,0.0
19.0,32.936253,3.0,60.529648,24.0,0.0,0.0
58.0,98.812584,3.0,51.19787,1.0,1.0,0.0
34.0,28.625864,1.0,62.688496,1.0,2.0,0.0
17.0,51.36815,0.0,67.2684,1.0,1.0,0.0
25.0,27.891933,4.0,60.617172,24.0,1.0,0.0
39.0,91.355385,4.0,44.493427,1.0,2.0,0.0
56.0,40.843956,1.0,60.39767,1.0,1.0,0.0
44.0,99.35295,2.0,94.70969,12.0,0.0,0.0
68.0,122.81247,1.0,20.202408,1.0,1.0,1.0
63.0,126.84449,5.0,59.74575,1.0,1.0,0.0
55.0,60.240658,2.0,86.64007,24.0,2.0,0.0
44.0,91.36409,0.0,26.5082,12.0,2.0,0.0
21.0,93.1914,0.0,70.022,12.0,2.0,0.0
30.0,81.475334,1.0,72.69434,1.0,0.0,0.0
9.0,105.1648,2.0,20.463078,12.0,1.0,0.0
27.0,47.311325,3.0,64.24723,12.0,0.0,0.0
67.0,147.30162,5.0,44.57368,12.0,0.0,0.0
31.0,32.750378,3.0,48.791084,24.0,1.0,0.0
9.0,127.79875,4.0,43.500904,1.0,1.0,1.0
47.0,97.232475,0.0,76.253784,12.0,1.0,0.0
70.0,51.831116,2.0,47.75758,24.0,0.0,0.0
63.0,116.93775,2.0,40.73373,1.0,1.0,0.0
20.0,30.982517,3.0,41.07249,24.0,2.0,1.0
33.0,120.67432,0.0,43.180202,12.0,2.0,1.0
39.0,96.69808,1.0,28.40929,1.0,1.0,0.0
18.0,34.39754,2.0,40.55732,1.0,2.0,0.0
20.0,30.335724,1.0,52.353394,1.0,3.0,1.0
18.0,117.60873,2.0,58.087627,24.0,1.0,1.0
72.0,58.08167,7.0,74.08078,24.0,0.0,0.0
54.0,135.60924,5.0,54.819576,12.0,3.0,0.0
61.0,119.069496,2.0,40.510605,1.0,2.0,0.0
59.0,110.76473,2.0,29.7792,12.0,2.0,0.0
70.0,56.21879,3.0,55.889736,12.0,1.0,0.0
8.0,112.16279,0.0,47.652584,1.0,1.0,0.0
64.0,143.2592,2.0,48.313656,1.0,3.0,1.0
5.0,31.902779,2.0,55.25059,1.0,2.0,0.0
35.0,62.401142,0.0,60.387783,1.0,1.0,0.0
43.0,50.507393,1.0,55.394703,12.0,0.0,0.0
26.0,71.12252,0.0,46.589638,1.0,1.0,1.0
11.0,116.50324,2.0,33.972363,1.0,1.0,1.0
14.0,81.651535,3.0,37.744305,1.0,0.0,1.0
60.0,94.19498,1.0,66.965195,12.0,5.0,0.0
23.0,60.840134,2.0,41.528275,12.0,1.0,0.0
23.0,38.367603,3.0,23.079144,1.0,1.0,1.0
67.0,54.701374,4.0,73.19149,24.0,1.0,0.0
11.0,131.75844,4.0,31.15243,12.0,1.0,1.0
66.0,98.3142,2.0,50.70494,1.0,2.0,0.0
67.0,69.13853,1.0,59.82326,1.0,1.0,1.0
44.0,122.687775,6.0,50.06437,24.0,1.0,1.0
12.0,28.379467,3.0,1.0,12.0,1.0,0.0
12.0,53.00584,2.0,57.80976,1.0,2.0,0.0
21.0,49.91341,3.0,76.52927,12.0,0.0,0.0
42.0,148.0974,3.0,65.730644,1.0,0.0,0.0
12.0,111.792816,1.0,7.52012,24.0,0.0,0.0
33.0,100.31217,3.0,92.54488,24.0,2.0,0.0
9.0,20.648045,2.0,23.48297,24.0,1.0,0.0
39.0,43.9603,1.0,28.43161,12.0,2.0,0.0
2.0,102.62037,1.0,65.63755,12.0,0.0,1.0
52.0,69.36351,4.0,59.056828,1.0,4.0,0.0
4.0,140.15645,0.0,51.6067,24.0,1.0,0.0
15.0,119.41415,1.0,38.611874,1.0,1.0,0.0
13.0,78.15993,3.0,76.617134,1.0,1.0,0.0
60.0,117.43695,2.0,49.21348,24.0,3.0,0.0
4.0,146.80257,0.0,18.68366,24.0,1.0,0.0
31.0,79.927505,1.0,74.645996,12.0,0.0,0.0
43.0,103.528366,1.0,54.3857,12.0,3.0,0.0
38.0,139.4264,0.0,72.30013,1.0,1.0,0.0
50.0,52.327705,3.0,61.450974,12.0,0.0,0.0
58.0,135.25253,2.0,97.83246,1.0,3.0,0.0
29.0,32.680813,1.0,43.800594,1.0,0.0,0.0
60.0,104.29826,5.0,50.321865,12.0,0.0,0.0
23.0,121.76896,3.0,64.396614,24.0,1.0,1.0
71.0,99.89881,1.0,43.924156,24.0,1.0,0.0
37.0,84.419525,1.0,66.05276,24.0,0.0,0.0
53.0,100.25512,2.0,1.0,24.0,0.0,1.0
64.0,39.71628,1.0,48.544334,1.0,1.0,0.0
58.0,48.024193,3.0,47.94015,1.0,2.0,0.0
62.0,55.086914,3.0,47.215694,12.0,0.0,0.0
39.0,97.71131,3.0,32.46146,1.0,3.0,0.0
4.0,77.447136,0.0,68.12246,12.0,2.0,0.0
36.0,51.78186,0.0,39.911102,1.0,1.0,0.0
14.0,134.76521,4.0,54.00549,24.0,0.0,1.0
65.0,68.60984,2.0,49.256725,1.0,0.0,0.0
18.0,77.98412,1.0,60.007282,1.0,0.0,0.0
17.0,73.26114,5.0,78.61922,24.0,1.0,0.0
18.0,43.652584,3.0,53.902077,12.0,0.0,0.0
47.0,115.11151,1.0,66.82794,1.0,0.0,0.0
42.0,78.299576,4.0,52.897404,12.0,2.0,0.0
69.0,22.113424,0.0,39.879837,12.0,3.0,0.0
30.0,145.32178,1.0,47.16885,1.0,1.0,0.0
21.0,126.04927,2.0,44.32915,12.0,3.0,0.0
4.0,114.06271,2.0,61.363243,24.0,1.0,0.0
1.0,132.98195,4.0,52.13304,1.0,2.0,0.0
27.0,137.88495,3.0,34.114708,12.0,0.0,0.0
67.0,63.87366,1.0,45.560753,1.0,1.0,1.0
38.0,99.42463,2.0,19.481667,12.0,0.0,1.0
65.0,99.14501,5.0,46.307938,24.0,0.0,0.0
8.0,54.74896,4.0,50.02612,1.0,0.0,1.0
7.0,48.853794,1.0,86.16896,24.0,1.0,0.0
61.0,34.80794,4.0,76.96904,24.0,0.0,0.0
8.0,105.710846,1.0,29.318508,1.0,0.0,1.0
4.0,121.51947,0.0,54.03539,24.0,0.0,0.0
30.0,118.92389,3.0,54.386208,24.0,2.0,1.0
67.0,61.1158,3.0,45.391254,24.0,1.0,0.0
50.0,46.68378,1.0,46.66623,12.0,1.0,0.0
8.0,78.96984,0.0,42.921005,1.0,1.0,1.0
61.0,91.08575,2.0,87.45417,1.0,0.0,0.0
61.0,139.48132,2.0,41.676315,1.0,2.0,0.0
58.0,133.727,1.0,56.818745,12.0,0.0,0.0
65.0,139.08759,3.0,1.0,1.0,1.0,1.0
18.0,130.5341,2.0,66.47137,12.0,0.0,0.0
71.0,145.39555,2.0,73.6851,24.0,0.0,0.0
24.0,80.515,4.0,28.9594,1.0,0.0,0.0
58.0,26.171555,2.0,39.762264,24.0,1.0,0.0
42.0,30.863064,3.0,59.03007,1.0,1.0,0.0
57.0,70.7359,0.0,50.389214,1.0,2.0,0.0
46.0,53.49932,0.0,59.327393,24.0,0.0,0.0
47.0,42.092278,2.0,44.25518,1.0,2.0,0.0
45.0,143.91649,3.0,87.265305,1.0,0.0,0.0
57.0,45.404545,2.0,36.605198,24.0,1.0,0.0
54.0,144.7193,1.0,103.8315,24.0,0.0,0.0
10.0,118.90905,0.0,74.83848,24.0,0.0,0.0
60.0,103.32294,2.0,66.6423,1.0,1.0,0.0
39.0,107.88246,3.0,29.190447,1.0,0.0,1.0
24.0,63.091663,0.0,68.19365,1.0,0.0,0.0
38.0,104.035515,3.0,62.07877,1.0,1.0,1.0
70.0,44.269974,4.0,7.607792,24.0,2.0,0.0
62.0,141.9017,0.0,21.907993,1.0,3.0,0.0
61.0,59.233135,1.0,57.152557,12.0,1.0,0.0
34.0,53.174248,3.0,47.334007,1.0,0.0,0.0
57.0,112.451164,5.0,39.670437,12.0,0.0,0.0
28.0,105.33833,3.0,71.57899,1.0,3.0,0.0
50.0,78.66886,2.0,32.324413,1.0,0.0,0.0
47.0,102.21801,1.0,40.89518,1.0,1.0,0.0
18.0,40.7341,3.0,37.059402,24.0,1.0,0.0
20.0,107.53268,3.0,60.203384,12.0,0.0,0.0
5.0,55.17939,0.0,15.610836,12.0,1.0,0.0
11.0,55.468678,3.0,40.046562,1.0,0.0,0.0
32.0,41.083393,5.0,15.544696,12.0,2.0,0.0
35.0,63.209026,3.0,43.74249,12.0,1.0,0.0
12.0,63.062637,3.0,64.46098,12.0,0.0,0.0
31.0,79.043274,3.0,64.81793,12.0,1.0,0.0
44.0,44.754536,3.0,35.448032,24.0,2.0,0.0
17.0,45.09098,4.0,60.66644,24.0,1.0,0.0
25.0,90.42602,0.0,46.29673,24.0,2.0,0.0
27.0,36.754063,1.0,77.2217,12.0,2.0,0.0
37.0,109.55661,2.0,47.40074,1.0,1.0,0.0
27.0,142.71312,3.0,1.0,1.0,1.0,0.0
54.0,75.48343,1.0,67.89362,1.0,1.0,0.0
24.0,137.14369,3.0,40.818016,1.0,1.0,1.0
32.0,32.78116,2.0,44.516003,1.0,1.0,0.0
28.0,25.584492,3.0,56.718468,12.0,1.0,0.0
14.0,113.777954,2.0,21.505842,12.0,2.0,1.0
50.0,118.93281,1.0,51.493073,12.0,1.0,0.0
17.0,129.59756,2.0,60.68994,24.0,1.0,0.0
22.0,27.3863,3.0,57.281284,1.0,1.0,0.0
58.0,120.99792,1.0,38.021374,1.0,2.0,0.0
69.0,68.950035,3.0,69.83864,12.0,0.0,0.0
49.0,59.43389,1.0,30.050081,12.0,1.0,0.0
66.0,42.49311,2.0,37.489567,12.0,2.0,0.0
62.0,149.48206,2.0,47.279972,24.0,0.0,1.0
35.0,28.276266,1.0,55.909367,1.0,1.0,0.0
56.0,127.51104,0.0,43.509132,12.0,2.0,0.0
24.0,103.13428,0.0,74.57174,24.0,0.0,0.0
34.0,115.560455,4.0,55.905724,12.0,0.0,0.0
39.0,112.523224,5.0,51.51316,12.0,1.0,1.0
70.0,131.59648,2.0,55.202724,1.0,2.0,0.0
62.0,43.892967,6.0,64.65812,1.0,0.0,0.0
36.0,20.1072,1.0,54.8155,1.0,2.0,0.0
47.0,97.8087,0.0,13.809664,12.0,1.0,0.0
15.0,66.001625,3.0,71.79018,12.0,3.0,0.0
58.0,36.092354,1.0,52.393505,24.0,3.0,0.0
40.0,44.198036,3.0,63.697056,12.0,0.0,0.0
39.0,63.12741,1.0,41.88113,1.0,3.0,0.0
56.0,29.130339,2.0,13.465669,24.0,1.0,0.0
46.0,27.398716,2.0,4.421808,1.0,0.0,0.0
6.0,139.08342,2.0,31.112644,12.0,1.0,0.0
21.0,60.573357,1.0,60.345886,1.0,0.0,0.0
13.0,147.68999,1.0,75.95782,24.0,2.0,1.0
53.0,145.3677,1.0,56.039425,24.0,0.0,0.0
3.0,38.534267,2.0,28.955452,1.0,3.0,1.0
15.0,112.94016,2.0,34.317516,12.0,2.0,1.0
44.0,98.10464,4.0,77.21566,12.0,1.0,0.0
51.0,109.78412,3.0,23.784382,1.0,1.0,0.0
37.0,32.50483,4.0,92.03546,1.0,0.0,1.0
62.0,44.51281,2.0,87.52075,12.0,0.0,0.0
67.0,29.963026,1.0,92.69444,1.0,1.0,0.0
10.0,98.537445,1.0,57.61403,1.0,1.0,0.0
69.0,148.25684,1.0,43.169502,24.0,0.0,0.0
45.0,107.35799,1.0,57.126926,12.0,0.0,1.0
46.0,112.399,2.0,68.1717,1.0,0.0,0.0
7.0,147.99605,2.0,36.98448,24.0,1.0,0.0
45.0,108.1415,0.0,27.975935,24.0,1.0,0.0
53.0,25.223604,3.0,44.32127,24.0,0.0,0.0
42.0,132.71072,1.0,34.553844,12.0,2.0,0.0
7.0,67.40818,1.0,74.817726,1.0,0.0,0.0
38.0,20.56727,3.0,37.67141,1.0,0.0,0.0
68.0,85.940445,1.0,51.91283,24.0,0.0,0.0
53.0,141.81195,1.0,69.66081,24.0,2.0,0.0
10.0,53.452988,0.0,75.59685,12.0,0.0,0.0
70.0,83.89671,1.0,54.171185,12.0,0.0,0.0
70.0,42.590996,3.0,57.685925,1.0,1.0,0.0
13.0,27.500048,2.0,29.660187,12.0,0.0,0.0
58.0,30.470842,1.0,70.461136,1.0,2.0,1.0
30.0,114.51142,0.0,75.27046,12.0,0.0,0.0
43.0,132.32968,4.0,12.592938,12.0,1.0,0.0
33.0,38.62885,3.0,85.25892,24.0,2.0,0.0
57.0,57.481415,1.0,35.98681,12.0,1.0,0.0
72.0,45.353832,1.0,61.892616,12.0,0.0,0.0
58.0,23.491251,4.0,51.551235,1.0,1.0,0.0
68.0,91.946075,3.0,48.792484,1.0,0.0,0.0
69.0,110.98988,0.0,45.86964,1.0,2.0,0.0
7.0,104.224075,1.0,30.148733,1.0,1.0,0.0
19.0,70.44696,0.0,60.47656,1.0,1.0,0.0
52.0,92.15133,2.0,44.279106,1.0,1.0,0.0
43.0,32.23291,5.0,23.811554,12.0,0.0,0.0
4.0,40.059483,5.0,29.299906,12.0,1.0,0.0
7.0,141.1333,2.0,24.151075,12.0,1.0,1.0
38.0,118.99601,3.0,39.50819,24.0,0.0,0.0
45.0,139.95609,1.0,59.701984,1.0,0.0,1.0
13.0,139.16844,1.0,35.777637,1.0,1.0,0.0
13.0,104.42104,3.0,69.508835,1.0,2.0,1.0
10.0,140.67102,1.0,47.61571,1.0,1.0,1.0
41.0,74.17153,2.0,44.211903,12.0,2.0,1.0
1.0,20.470112,4.0,50.335308,24.0,0.0,0.0
42.0,28.134245,2.0,77.9031,1.0,0.0,0.0
35.0,34.233353,3.0,22.573227,12.0,0.0,0.0
34.0,32.39595,8.0,83.12734,1.0,1.0,1.0
49.0,65.72131,1.0,69.2032,1.0,1.0,0.0
38.0,111.16521,3.0,49.56687,24.0,0.0,0.0
53.0,122.78435,1.0,73.660515,12.0,0.0,0.0
56.0,96.72772,2.0,43.550545,12.0,1.0,0.0
67.0,39.0367,0.0,55.713566,24.0,2.0,1.0
58.0,117.22721,2.0,39.17171,12.0,2.0,0.0
38.0,66.12425,1.0,69.329506,1.0,1.0,0.0
36.0,21.689135,2.0,35.85489,12.0,0.0,0.0
17.0,56.47652,2.0,48.972645,12.0,0.0,0.0
44.0,62.978073,1.0,63.582775,12.0,1.0,0.0
11.0,55.65192,1.0,70.96379,12.0,0.0,1.0
68.0,125.54312,0.0,33.5769,12.0,0.0,0.0
61.0,118.79043,2.0,65.06277,1.0,0.0,0.0
9.0,110.42176,0.0,30.360298,12.0,1.0,0.0
57.0,38.07066,5.0,6.9933834,1.0,2.0,0.0
9.0,125.01841,2.0,35.038727,1.0,0.0,1.0
52.0,108.032875,1.0,66.6932,12.0,0.0,0.0
7.0,45.3289,0.0,49.75566,12.0,0.0,0.0
36.0,104.25221,1.0,39.30004,24.0,0.0,0.0
48.0,82.856514,3.0,51.109566,12.0,1.0,0.0
53.0,77.11551,2.0,50.447994,12.0,2.0,0.0
31.0,34.57601,3.0,62.43797,1.0,0.0,0.0
67.0,87.379555,2.0,17.765802,12.0,0.0,0.0
56.0,32.991135,0.0,47.95294,1.0,0.0,0.0
15.0,41.35294,1.0,52.485546,12.0,1.0,0.0
49.0,37.23102,1.0,22.692596,12.0,0.0,0.0
53.0,144.03407,2.0,22.418352,1.0,0.0,0.0
25.0,57.03241,6.0,42.705833,24.0,0.0,1.0
54.0,66.17656,0.0,50.170486,12.0,1.0,0.0
65.0,61.87048,3.0,50.24092,12.0,2.0,0.0
59.0,136.77255,3.0,38.87303,12.0,1.0,0.0
55.0,93.18557,0.0,38.053307,12.0,1.0,0.0
46.0,139.49078,2.0,42.096474,12.0,1.0,0.0
20.0,58.99024,2.0,55.970436,1.0,2.0,1.0
58.0,34.92851,1.0,74.89242,24.0,1.0,0.0
27.0,92.308395,2.0,5.5920625,12.0,0.0,0.0
39.0,64.91981,3.0,62.46004,12.0,0.0,0.0
23.0,124.24789,1.0,47.776966,12.0,1.0,0.0
23.0,134.32504,0.0,60.514446,1.0,2.0,0.0
12.0,81.434555,3.0,73.71087,24.0,1.0,0.0
70.0,146.27667,2.0,34.89748,12.0,1.0,1.0
11.0,91.89169,2.0,68.88609,24.0,0.0,0.0
7.0,55.21965,1.0,24.919142,1.0,1.0,1.0
68.0,83.56682,2.0,52.551983,24.0,4.0,0.0
40.0,24.850338,0.0,45.149666,24.0,1.0,0.0
32.0,124.52015,0.0,50.92559,24.0,1.0,0.0
54.0,33.186558,1.0,30.219315,24.0,2.0,0.0
28.0,60.137302,0.0,58.73767,12.0,1.0,0.0
10.0,93.49115,1.0,81.725746,12.0,0.0,0.0
53.0,25.586767,1.0,30.562862,1.0,1.0,0.0
13.0,30.311197,3.0,53.79291,12.0,1.0,0.0
40.0,110.495125,2.0,67.11746,12.0,0.0,0.0
69.0,29.331022,2.0,44.065186,1.0,2.0,0.0
68.0,82.020775,2.0,77.207855,12.0,0.0,0.0
26.0,64.03043,2.0,41.406235,1.0,3.0,0.0
57.0,49.650322,0.0,47.674107,12.0,3.0,0.0
45.0,44.541256,5.0,30.136915,12.0,1.0,0.0
35.0,119.24347,1.0,52.531807,24.0,2.0,1.0
11.0,143.70049,3.0,50.06046,1.0,2.0,1.0
28.0,38.223366,2.0,62.718025,1.0,0.0,0.0
47.0,144.75856,2.0,37.27588,12.0,1.0,0.0
72.0,97.31912,1.0,36.36009,12.0,0.0,0.0
1.0,103.415855,3.0,59.249844,1.0,1.0,1.0
52.0,112.29043,1.0,77.94381,12.0,0.0,0.0
61.0,111.53545,1.0,62.580204,24.0,1.0,0.0
69.0,126.57545,2.0,86.94824,12.0,1.0,0.0
31.0,82.85092,0.0,61.106148,1.0,1.0,0.0
9.0,89.33662,2.0,60.385857,1.0,1.0,1.0
20.0,62.09751,1.0,63.585857,12.0,1.0,0.0
62.0,33.683487,0.0,79.76341,12.0,0.0,0.0
64.0,106.40322,3.0,74.7514,24.0,1.0,0.0
46.0,24.369295,1.0,28.302435,1.0,1.0,0.0
9.0,55.832558,0.0,66.011635,12.0,1.0,0.0
9.0,32.24988,1.0,55.30713,24.0,1.0,0.0
35.0,44.79453,1.0,46.1193,1.0,2.0,1.0
43.0,103.03502,1.0,14.541417,24.0,0.0,1.0
3.0,101.701965,1.0,19.196781,12.0,1.0,0.0
50.0,74.73714,2.0,42.710655,12.0,1.0,1.0
40.0,31.722357,1.0,20.70817,12.0,2.0,0.0
1.0,76.33861,2.0,43.124863,24.0,2.0,0.0
7.0,65.856834,1.0,64.28683,24.0,0.0,0.0
33.0,113.65969,0.0,38.380875,1.0,1.0,1.0
53.0,95.27346,2.0,51.66925,12.0,0.0,0.0
60.0,83.90355,3.0,28.600962,1.0,1.0,0.0
32.0,83.30767,3.0,55.975346,1.0,2.0,0.0
22.0,145.61859,6.0,60.16271,12.0,2.0,1.0
70.0,118.31825,1.0,21.541315,12.0,0.0,0.0
34.0,84.607346,4.0,34.962273,1.0,1.0,0.0
23.0,82.29894,3.0,24.656595,1.0,0.0,0.0
32.0,23.442284,3.0,60.184296,1.0,0.0,0.0
1.0,142.5262,2.0,53.280132,1.0,0.0,1.0
22.0,61.492615,0.0,49.005764,1.0,0.0,0.0
38.0,53.27208,2.0,47.43437,1.0,0.0,0.0
67.0,149.92316,1.0,56.456707,24.0,0.0,0.0
54.0,113.42966,0.0,56.85703,1.0,1.0,0.0
57.0,26.157291,2.0,40.08845,24.0,0.0,1.0
40.0,28.045113,2.0,37.288063,1.0,4.0,0.0
8.0,23.315203,2.0,48.820095,12.0,1.0,0.0
29.0,97.950455,2.0,46.205303,1.0,2.0,1.0
72.0,29.303385,3.0,91.213646,1.0,0.0,0.0
4.0,141.34048,2.0,42.322105,12.0,2.0,0.0
64.0,141.79785,1.0,55.793304,1.0,2.0,0.0
50.0,90.98703,2.0,59.31853,1.0,1.0,0.0
21.0,100.16306,1.0,78.01048,12.0,1.0,0.0
57.0,57.946274,4.0,33.77631,24.0,2.0,0.0
61.0,28.316431,1.0,76.79295,1.0,0.0,0.0
4.0,115.86986,2.0,47.05209,1.0,2.0,1.0
8.0,33.232178,1.0,100.0269,1.0,1.0,0.0
48.0,31.122494,1.0,57.252045,12.0,2.0,0.0
72.0,60.459003,0.0,25.421417,24.0,0.0,0.0
2.0,21.620535,2.0,46.056828,1.0,1.0,0.0
48.0,76.42463,2.0,76.72539,1.0,1.0,0.0
10.0,111.99852,3.0,51.63082,12.0,1.0,1.0
47.0,124.17536,2.0,48.80749,24.0,0.0,0.0
45.0,98.55995,0.0,64.379944,1.0,0.0,0.0
7.0,130.09364,1.0,43.100048,24.0,0.0,1.0
50.0,72.84528,6.0,45.785336,12.0,3.0,0.0
65.0,130.34038,1.0,31.10651,1.0,1.0,0.0
63.0,85.84153,1.0,84.576416,24.0,0.0,0.0
3.0,48.994698,1.0,25.547775,12.0,1.0,0.0
18.0,142.73894,2.0,53.38933,1.0,1.0,0.0
18.0,55.746212,2.0,59.59769,1.0,1.0,0.0
33.0,23.406193,2.0,49.72698,1.0,0.0,0.0
11.0,51.547626,1.0,24.922745,1.0,0.0,0.0
62.0,67.66938,2.0,30.02472,12.0,1.0,0.0
56.0,65.67546,2.0,60.45034,12.0,1.0,0.0
59.0,88.20678,0.0,34.402412,24.0,0.0,0.0
15.0,134.80649,2.0,8.559655,12.0,1.0,1.0
2.0,58.00397,2.0,57.739567,1.0,1.0,0.0
66.0,87.70018,1.0,32.55009,1.0,2.0,0.0
21.0,64.21806,1.0,62.624386,24.0,5.0,0.0
48.0,126.8305,2.0,45.967575,1.0,0.0,0.0
66.0,40.488197,2.0,45.003754,1.0,2.0,0.0
3.0,33.456333,4.0,51.044765,12.0,1.0,1.0
1.0,85.38938,6.0,27.230133,24.0,0.0,0.0
1.0,107.34538,3.0,33.49094,1.0,1.0,1.0
12.0,123.418274,2.0,44.801517,12.0,1.0,0.0
4.0,96.65123,2.0,27.113142,1.0,1.0,0.0
60.0,120.60047,0.0,64.27635,24.0,1.0,0.0
44.0,71.05231,3.0,43.85242,12.0,0.0,0.0
71.0,24.272797,0.0,21.011269,12.0,2.0,1.0
58.0,35.09291,4.0,38.81942,1.0,2.0,0.0
70.0,25.033937,1.0,52.02405,12.0,0.0,0.0
18.0,62.762676,4.0,41.07819,1.0,2.0,1.0
21.0,84.41387,0.0,57.99632,12.0,1.0,1.0
62.0,66.32127,3.0,61.48073,24.0,2.0,0.0
18.0,92.87793,1.0,98.034004,1.0,2.0,0.0
5.0,82.47919,1.0,73.012886,12.0,2.0,0.0
49.0,108.13256,3.0,17.272593,1.0,0.0,0.0
58.0,106.70508,0.0,42.79535,12.0,0.0,0.0
70.0,61.34834,5.0,44.667175,12.0,2.0,0.0
67.0,65.00788,2.0,61.50142,12.0,1.0,0.0
9.0,96.069214,1.0,31.32828,12.0,0.0,0.0
56.0,97.536224,2.0,39.374958,24.0,0.0,0.0
61.0,60.910988,2.0,25.111763,24.0,0.0,1.0
51.0,62.941326,5.0,37.954685,24.0,1.0,0.0
60.0,110.22585,3.0,38.700687,1.0,0.0,0.0
61.0,104.16341,1.0,43.739883,24.0,2.0,0.0
33.0,37.556606,2.0,26.269745,1.0,0.0,1.0
3.0,77.33544,3.0,69.64052,1.0,2.0,1.0
33.0,136.05179,1.0,59.44428,12.0,0.0,0.0
15.0,24.719738,1.0,21.023405,1.0,4.0,0.0
9.0,131.17131,0.0,50.51946,24.0,0.0,1.0
9.0,41.21316,1.0,18.694902,1.0,2.0,0.0
51.0,85.94232,0.0,76.845116,12.0,0.0,0.0
37.0,75.163734,1.0,82.282166,1.0,0.0,0.0
39.0,21.316814,2.0,48.885254,1.0,4.0,0.0
54.0,139.0016,3.0,32.947098,24.0,1.0,0.0
40.0,79.14028,3.0,36.714615,12.0,0.0,0.0
46.0,144.05487,0.0,40.92516,1.0,4.0,0.0
7.0,57.276707,2.0,47.863457,12.0,0.0,0.0
62.0,132.61584,2.0,77.40939,24.0,0.0,0.0
33.0,139.91064,0.0,69.11204,12.0,1.0,0.0
12.0,92.388214,2.0,69.42009,1.0,1.0,0.0
59.0,46.348114,1.0,53.411564,24.0,2.0,0.0
53.0,109.08217,1.0,26.927765,1.0,1.0,0.0
4.0,91.36715,2.0,34.598866,1.0,2.0,1.0
14.0,142.78886,2.0,51.214424,1.0,2.0,0.0
2.0,77.10537,2.0,25.977999,1.0,2.0,1.0
20.0,54.906773,0.0,56.07966,24.0,0.0,0.0
8.0,37.97731,4.0,66.10247,24.0,1.0,0.0
52.0,110.822365,3.0,60.906906,12.0,0.0,1.0
38.0,146.63425,2.0,60.10379,12.0,2.0,0.0
71.0,23.68469,2.0,12.674347,24.0,2.0,0.0
54.0,116.2579,2.0,76.667114,12.0,1.0,0.0
45.0,140.50095,0.0,18.652294,12.0,1.0,0.0
37.0,29.7216,0.0,46.945015,24.0,0.0,0.0
4.0,34.322105,0.0,62.370872,1.0,1.0,1.0
6.0,109.95442,2.0,57.17195,1.0,0.0,0.0
45.0,104.23524,2.0,24.443274,24.0,0.0,0.0
1.0,28.947563,2.0,28.033487,12.0,0.0,0.0
4.0,128.47496,1.0,55.741432,1.0,1.0,0.0
16.0,88.0451,5.0,60.2169,1.0,0.0,1.0
64.0,137.93565,3.0,27.855923,12.0,4.0,0.0
34.0,134.13881,1.0,57.851852,12.0,1.0,0.0
52.0,125.62601,1.0,19.69453,24.0,0.0,0.0
30.0,87.06686,1.0,62.487785,24.0,3.0,0.0
13.0,52.72238,4.0,32.323162,12.0,0.0,0.0
27.0,85.77682,0.0,51.610268,12.0,0.0,0.0
7.0,33.10548,6.0,48.252045,12.0,1.0,1.0
56.0,105.65,1.0,73.21315,1.0,2.0,0.0
14.0,37.417038,0.0,54.8426,12.0,1.0,0.0
28.0,86.452484,3.0,38.017963,12.0,1.0,1.0
71.0,27.069656,2.0,57.191853,24.0,2.0,0.0
43.0,58.936623,2.0,92.84827,24.0,0.0,0.0
34.0,50.17046,1.0,64.80246,1.0,1.0,0.0
40.0,100.6041,0.0,48.816658,24.0,1.0,0.0
57.0,122.28227,1.0,33.32774,12.0,0.0,0.0
19.0,27.449385,2.0,37.67017,1.0,1.0,1.0
46.0,130.53688,1.0,63.599857,1.0,0.0,0.0
63.0,131.8998,6.0,32.283947,24.0,2.0,0.0
42.0,64.49498,3.0,50.053776,1.0,0.0,0.0
33.0,105.67053,2.0,78.75238,12.0,0.0,0.0
11.0,72.33969,1.0,53.007847,12.0,0.0,0.0
18.0,40.044815,2.0,28.417364,12.0,2.0,0.0
69.0,88.72611,2.0,93.55695,12.0,0.0,0.0
39.0,31.226757,3.0,85.24896,12.0,2.0,0.0
22.0,134.20139,0.0,60.023533,24.0,1.0,0.0
31.0,140.15767,2.0,75.51511,12.0,0.0,0.0
42.0,126.80971,5.0,44.660408,1.0,2.0,1.0
39.0,93.128654,3.0,64.48909,12.0,2.0,0.0
51.0,92.487816,0.0,41.529205,12.0,3.0,0.0
19.0,147.99896,3.0,22.891699,12.0,0.0,1.0
47.0,52.22722,0.0,101.838455,12.0,1.0,0.0
32.0,29.873287,3.0,21.869238,1.0,2.0,0.0
68.0,93.05232,3.0,55.951164,12.0,3.0,0.0
12.0,62.742126,4.0,55.717533,24.0,1.0,0.0
11.0,61.90404,1.0,60.32011,12.0,0.0,0.0
34.0,20.921097,0.0,48.206314,12.0,2.0,0.0
37.0,97.51112,5.0,48.415005,12.0,3.0,1.0
50.0,54.324383,4.0,52.768234,12.0,0.0,1.0
30.0,44.42161,1.0,59.59737,1.0,2.0,0.0
66.0,25.256151,1.0,49.963673,12.0,0.0,0.0
35.0,67.367004,1.0,48.63278,12.0,4.0,0.0
10.0,134.26596,2.0,23.5778,1.0,2.0,0.0
9.0,63.767204,2.0,90.27365,12.0,0.0,0.0
71.0,108.27965,2.0,60.71398,12.0,1.0,0.0
10.0,118.351105,5.0,54.178135,1.0,1.0,1.0
69.0,62.653107,4.0,37.510654,12.0,0.0,0.0
21.0,126.81329,2.0,29.927715,12.0,4.0,0.0
7.0,109.94436,3.0,67.19973,1.0,0.0,1.0
22.0,92.70149,4.0,46.802753,1.0,2.0,0.0
45.0,20.12902,2.0,62.42129,12.0,0.0,0.0
31.0,24.5618,1.0,22.956997,12.0,0.0,0.0
57.0,148.81256,2.0,80.937096,12.0,1.0,0.0
44.0,121.69691,2.0,68.02755,12.0,0.0,0.0
29.0,141.88348,0.0,48.378746,24.0,1.0,0.0
46.0,137.29942,0.0,59.35251,1.0,1.0,0.0
70.0,22.657587,3.0,64.82008,12.0,0.0,0.0
30.0,122.94015,1.0,23.26039,1.0,0.0,0.0
12.0,78.64895,0.0,83.55654,1.0,1.0,1.0
30.0,122.64256,2.0,59.66522,24.0,1.0,0.0
61.0,20.873053,3.0,35.917953,24.0,1.0,0.0
16.0,57.465908,1.0,28.068167,1.0,2.0,0.0
69.0,117.67209,1.0,69.74196,1.0,1.0,0.0
43.0,123.092705,4.0,54.223183,24.0,2.0,0.0
44.0,100.5629,0.0,59.65202,1.0,1.0,0.0
23.0,59.163303,4.0,50.53329,24.0,1.0,0.0
67.0,60.347137,2.0,29.945126,1.0,0.0,0.0
3.0,145.67932,2.0,60.172356,12.0,0.0,0.0
22.0,77.09758,2.0,46.049297,1.0,0.0,0.0
31.0,78.12632,0.0,49.566177,12.0,0.0,0.0
35.0,91.80326,0.0,97.540054,1.0,1.0,0.0
35.0,73.235306,3.0,67.381386,12.0,0.0,0.0
11.0,91.847305,0.0,68.5353,24.0,0.0,1.0
17.0,76.203606,0.0,104.41046,1.0,0.0,0.0
7.0,127.47294,1.0,57.69148,12.0,1.0,1.0
42.0,138.17664,1.0,52.39415,1.0,0.0,0.0
26.0,141.17433,2.0,36.41585,12.0,0.0,0.0
41.0,93.358505,0.0,40.948963,1.0,2.0,0.0
43.0,77.47931,3.0,9.057924,12.0,0.0,1.0
51.0,111.681206,2.0,65.808464,24.0,0.0,0.0
40.0,128.98207,2.0,24.66158,24.0,1.0,0.0
47.0,93.18769,3.0,68.05472,24.0,1.0,0.0
43.0,110.997536,3.0,49.13948,1.0,0.0,0.0
47.0,117.46481,0.0,52.561172,1.0,1.0,0.0
45.0,107.93119,1.0,49.15264,1.0,0.0,0.0
23.0,116.99736,0.0,77.72149,12.0,1.0,0.0
18.0,47.123894,1.0,74.18885,1.0,2.0,0.0
57.0,84.78869,3.0,49.422173,24.0,0.0,0.0
25.0,96.474915,2.0,32.01992,24.0,0.0,0.0
40.0,20.32213,4.0,68.47778,1.0,1.0,0.0
15.0,131.27513,3.0,30.508501,1.0,2.0,1.0
32.0,99.303185,1.0,18.902775,12.0,1.0,0.0
39.0,36.787724,1.0,59.967,12.0,0.0,0.0
46.0,126.12642,4.0,74.3698,12.0,2.0,0.0
38.0,113.21741,2.0,41.898296,1.0,1.0,0.0
26.0,118.57894,2.0,58.090355,24.0,3.0,0.0
70.0,70.96552,2.0,41.686523,12.0,0.0,0.0
37.0,131.04633,1.0,64.439865,1.0,1.0,0.0
59.0,73.823586,0.0,71.9006,1.0,1.0,0.0
54.0,94.16619,3.0,44.742695,24.0,0.0,0.0
41.0,20.0835,4.0,29.447937,1.0,0.0,0.0
64.0,103.8335,3.0,20.859388,24.0,1.0,0.0
10.0,113.362854,0.0,68.51377,12.0,1.0,0.0
67.0,93.72422,1.0,27.268671,24.0,0.0,0.0
62.0,84.55264,3.0,57.440483,24.0,1.0,0.0
37.0,125.29174,0.0,65.54814,24.0,1.0,0.0
53.0,108.57845,3.0,39.97396,12.0,1.0,0.0
38.0,56.149624,2.0,46.67578,12.0,1.0,0.0
20.0,144.67953,0.0,69.980865,1.0,1.0,0.0
58.0,111.94473,5.0,33.836124,12.0,1.0,0.0
18.0,148.43207,4.0,31.805767,12.0,1.0,0.0
23.0,146.26398,0.0,45.312176,12.0,1.0,0.0
38.0,139.45827,2.0,75.55825,12.0,2.0,0.0
61.0,118.1983,2.0,82.21462,1.0,0.0,0.0
28.0,99.225815,3.0,48.024338,12.0,1.0,0.0
36.0,42.382187,3.0,35.75757,1.0,1.0,0.0
3.0,90.63568,3.0,71.282295,12.0,2.0,1.0
9.0,119.49895,2.0,16.614088,12.0,1.0,1.0
5.0,87.71143,3.0,54.952217,24.0,0.0,0.0
6.0,132.8711,3.0,49.121727,12.0,3.0,0.0
63.0,34.25527,3.0,75.87656,24.0,0.0,0.0
61.0,69.52225,2.0,77.90037,24.0,1.0,0.0
60.0,85.775375,1.0,31.14943,1.0,3.0,0.0
5.0,76.202286,4.0,53.35356,12.0,2.0,0.0
6.0,34.116253,3.0,38.587914,1.0,0.0,0.0
21.0,39.95868,2.0,44.133453,24.0,1.0,0.0
41.0,128.89024,0.0,62.347755,12.0,0.0,0.0
25.0,82.969955,3.0,43.302116,1.0,0.0,0.0
36.0,26.333916,4.0,53.87851,1.0,4.0,0.0
13.0,22.143864,1.0,69.14545,12.0,1.0,0.0
53.0,81.5518,4.0,80.30324,1.0,3.0,1.0
23.0,41.369236,1.0,55.7736,1.0,0.0,1.0
5.0,111.666374,0.0,52.35531,24.0,0.0,1.0
54.0,123.39205,6.0,27.854197,1.0,1.0,1.0
66.0,49.678574,4.0,81.715965,12.0,0.0,0.0
2.0,96.983,2.0,59.91402,12.0,1.0,0.0
32.0,40.077805,2.0,52.724503,1.0,1.0,0.0
60.0,59.465744,4.0,51.700985,1.0,0.0,1.0
51.0,135.54341,4.0,57.21307,1.0,0.0,1.0
62.0,90.73275,0.0,65.43581,24.0,0.0,0.0
30.0,135.16553,2.0,67.91101,12.0,1.0,0.0
27.0,49.282215,3.0,82.21604,1.0,2.0,0.0
52.0,62.903164,0.0,54.85377,24.0,2.0,0.0
12.0,81.22378,4.0,85.08402,1.0,0.0,0.0
18.0,82.41041,4.0,71.154465,1.0,2.0,0.0
44.0,149.69423,2.0,48.79737,1.0,2.0,1.0
49.0,34.87789,2.0,16.652525,24.0,1.0,0.0
9.0,130.75545,1.0,51.711246,12.0,1.0,0.0
37.0,132.27867,1.0,81.169556,12.0,2.0,0.0
27.0,91.915825,3.0,34.494736,1.0,0.0,1.0
37.0,64.72483,0.0,51.649254,24.0,1.0,0.0
70.0,87.4994,3.0,53.30438,24.0,0.0,1.0
6.0,58.0208,2.0,68.84253,12.0,0.0,1.0
72.0,123.883965,1.0,42.24377,1.0,0.0,0.0
33.0,84.77629,2.0,32.612324,12.0,1.0,0.0
56.0,140.35948,5.0,61.400043,1.0,1.0,1.0
31.0,100.949875,4.0,35.13226,1.0,1.0,1.0
23.0,86.86151,4.0,13.289893,12.0,1.0,0.0
56.0,112.43902,3.0,86.80744,12.0,3.0,0.0
50.0,85.511284,2.0,68.54061,24.0,1.0,0.0
11.0,137.58583,5.0,87.667755,1.0,4.0,1.0
51.0,43.977974,1.0,67.480255,1.0,1.0,0.0
55.0,146.53532,1.0,63.6073,12.0,4.0,0.0
28.0,125.58477,5.0,57.390713,12.0,2.0,1.0
67.0,131.89534,1.0,46.279434,12.0,0.0,0.0
47.0,82.778015,2.0,60.24213,12.0,1.0,0.0
25.0,128.8362,1.0,38.93535,1.0,3.0,1.0
1.0,59.88063,1.0,28.615417,12.0,1.0,1.0
49.0,119.05326,1.0,43.355484,24.0,1.0,0.0
16.0,38.258522,3.0,75.82985,1.0,2.0,0.0
55.0,59.916748,4.0,25.351866,12.0,5.0,1.0
38.0,77.945244,3.0,25.669666,1.0,1.0,0.0
34.0,61.90156,2.0,61.826183,1.0,0.0,0.0
12.0,70.312225,3.0,41.698425,24.0,1.0,0.0
52.0,126.61362,5.0,59.7099,12.0,0.0,0.0
12.0,53.367867,1.0,69.79715,1.0,1.0,1.0
31.0,116.88655,2.0,59.230648,12.0,0.0,0.0
61.0,29.58257,3.0,37.355087,1.0,1.0,0.0
67.0,119.54608,3.0,75.658676,1.0,1.0,1.0
72.0,122.96302,2.0,64.84245,24.0,2.0,0.0
69.0,72.22084,1.0,50.536556,1.0,0.0,0.0
41.0,113.92212,3.0,49.568344,12.0,1.0,0.0
15.0,138.96799,1.0,57.47985,12.0,1.0,0.0
61.0,124.09269,1.0,43.760326,24.0,0.0,0.0
58.0,70.75805,3.0,17.375906,1.0,0.0,0.0
72.0,82.947754,3.0,65.00316,12.0,0.0,0.0
47.0,121.31648,4.0,63.81486,1.0,0.0,0.0
11.0,58.037296,0.0,3.9786806,1.0,0.0,0.0
37.0,124.50475,2.0,60.213524,1.0,2.0,0.0
33.0,62.64925,2.0,85.12967,12.0,0.0,0.0
61.0,124.77878,1.0,27.447233,1.0,0.0,0.0
29.0,31.284058,3.0,48.534176,24.0,1.0,0.0
24.0,25.771648,2.0,46.360355,12.0,2.0,0.0
6.0,149.69781,2.0,83.20824,24.0,3.0,0.0
61.0,133.02942,1.0,72.41894,1.0,0.0,0.0
55.0,134.77017,3.0,32.43168,1.0,1.0,0.0
3.0,143.6664,1.0,56.84237,12.0,1.0,0.0
32.0,76.98112,0.0,96.053444,1.0,0.0,0.0
35.0,57.288624,3.0,37.50584,12.0,2.0,0.0
34.0,36.903248,1.0,49.776924,24.0,0.0,0.0
67.0,85.15719,1.0,60.270145,12.0,1.0,0.0
11.0,48.60628,2.0,37.79891,24.0,0.0,0.0
23.0,141.62161,3.0,85.26406,1.0,1.0,0.0
14.0,20.52041,0.0,40.546635,12.0,0.0,0.0
18.0,38.615578,2.0,22.219297,12.0,1.0,0.0
66.0,52.041862,0.0,39.50036,12.0,2.0,0.0
68.0,45.864372,2.0,63.060402,12.0,0.0,0.0
4.0,49.351196,3.0,34.03652,12.0,2.0,0.0
46.0,105.28619,3.0,56.043987,24.0,1.0,0.0
17.0,62.57657,0.0,61.251007,1.0,0.0,0.0
14.0,99.95317,3.0,25.82132,1.0,1.0,1.0
22.0,135.73354,3.0,38.725956,1.0,1.0,1.0
14.0,98.33238,4.0,56.979416,1.0,2.0,1.0
36.0,110.28926,2.0,64.04824,12.0,0.0,0.0
72.0,67.51543,2.0,39.22432,12.0,2.0,1.0
43.0,40.766003,0.0,53.035446,1.0,3.0,0.0
53.0,61.67593,3.0,44.321274,24.0,1.0,0.0
36.0,145.35675,3.0,64.55701,24.0,0.0,1.0
2.0,100.83548,1.0,60.38827,12.0,0.0,0.0
7.0,56.076447,2.0,42.53034,12.0,2.0,0.0
20.0,78.61899,4.0,59.56888,1.0,1.0,1.0
18.0,128.6167,3.0,41.74803,12.0,1.0,1.0
61.0,106.89767,1.0,59.14724,12.0,0.0,0.0
61.0,92.88487,4.0,59.42589,1.0,1.0,0.0
62.0,135.07117,1.0,97.42093,24.0,2.0,0.0
46.0,107.417145,0.0,43.274754,12.0,1.0,0.0
41.0,103.55486,1.0,47.17463,1.0,0.0,0.0
47.0,44.669857,2.0,37.055367,12.0,0.0,0.0
30.0,33.83053,0.0,29.343527,12.0,1.0,0.0
49.0,145.46848,1.0,40.87079,1.0,0.0,0.0
58.0,97.851585,6.0,63.302013,1.0,1.0,0.0
55.0,74.03884,4.0,64.74923,1.0,1.0,0.0
45.0,96.57271,3.0,55.913597,12.0,0.0,0.0
5.0,28.035555,1.0,44.0847,1.0,0.0,0.0
53.0,126.87655,4.0,40.1325,1.0,1.0,0.0
27.0,48.16392,3.0,31.66339,24.0,0.0,0.0
54.0,124.59098,0.0,38.862247,24.0,1.0,0.0
39.0,89.4692,4.0,24.097439,12.0,2.0,1.0
64.0,55.95436,7.0,77.157166,24.0,1.0,0.0
25.0,23.927294,1.0,86.74303,12.0,1.0,0.0
68.0,126.058334,6.0,11.282745,1.0,1.0,0.0
61.0,42.93982,2.0,55.785275,12.0,2.0,0.0
24.0,26.734665,2.0,55.45384,1.0,1.0,0.0
35.0,118.26411,1.0,54.176174,12.0,1.0,0.0
39.0,65.505615,3.0,38.145115,24.0,3.0,0.0
56.0,70.61342,4.0,70.45028,1.0,1.0,0.0
50.0,52.118786,1.0,58.209545,1.0,0.0,0.0
62.0,131.6932,1.0,70.682434,1.0,2.0,0.0
27.0,58.65284,2.0,35.24976,24.0,1.0,0.0
37.0,47.325035,1.0,22.336344,1.0,0.0,0.0
32.0,60.202465,2.0,58.698112,24.0,1.0,0.0
66.0,46.409443,4.0,30.741125,1.0,0.0,0.0
22.0,61.295177,1.0,71.091995,24.0,0.0,0.0
43.0,30.78171,4.0,7.4675736,1.0,1.0,1.0
9.0,40.608902,2.0,40.629204,1.0,2.0,0.0
62.0,74.21687,3.0,37.681564,1.0,1.0,0.0
28.0,134.33069,4.0,43.352467,1.0,2.0,0.0
25.0,27.447798,4.0,55.22198,1.0,0.0,0.0
42.0,47.647713,2.0,57.924713,1.0,3.0,1.0
36.0,138.08493,5.0,62.79475,12.0,2.0,1.0
62.0,135.7019,1.0,65.099724,12.0,0.0,0.0
39.0,108.328606,4.0,46.56949,1.0,0.0,0.0
38.0,51.261562,5.0,92.17409,12.0,1.0,1.0
8.0,74.57537,4.0,77.741806,24.0,2.0,0.0
2.0,47.45873,3.0,43.760235,24.0,3.0,1.0
29.0,36.716507,2.0,47.262527,12.0,2.0,0.0
72.0,69.39979,0.0,43.339043,1.0,1.0,0.0
67.0,94.85681,2.0,57.265972,24.0,0.0,0.0
46.0,66.791245,2.0,30.561243,24.0,1.0,0.0
46.0,99.40719,2.0,34.20925,24.0,2.0,0.0
29.0,58.513115,2.0,6.652675,12.0,0.0,0.0
13.0,64.96057,1.0,42.0268,12.0,0.0,1.0
1.0,122.78757,2.0,71.29518,24.0,0.0,0.0
25.0,134.18091,3.0,46.95798,12.0,0.0,0.0
23.0,61.86443,3.0,48.07676,1.0,1.0,1.0
14.0,94.29705,0.0,55.563183,24.0,2.0,0.0
19.0,56.1611,1.0,29.955252,24.0,1.0,0.0
2.0,26.933504,3.0,50.505726,1.0,0.0,1.0
44.0,115.92143,4.0,67.80659,1.0,0.0,1.0
67.0,42.230453,3.0,56.131264,24.0,0.0,0.0
50.0,75.34263,2.0,69.56329,1.0,2.0,1.0
33.0,83.31591,1.0,75.28264,12.0,2.0,0.0
31.0,43.981304,1.0,63.251797,1.0,2.0,0.0
23.0,32.292194,2.0,35.73266,1.0,1.0,0.0
11.0,65.24169,3.0,43.117294,12.0,0.0,1.0
44.0,143.79716,3.0,88.629776,24.0,3.0,0.0
41.0,99.96763,2.0,56.28337,12.0,0.0,0.0
1.0,69.58333,3.0,53.619133,1.0,0.0,0.0
30.0,25.058407,2.0,32.80081,1.0,3.0,0.0
21.0,98.03553,3.0,48.170776,1.0,0.0,0.0
13.0,31.993494,2.0,64.32747,24.0,0.0,0.0
51.0,90.53073,1.0,50.296913,12.0,1.0,0.0
38.0,117.75356,2.0,39.612434,24.0,1.0,0.0
46.0,75.06609,3.0,44.252277,24.0,2.0,0.0
52.0,58.923492,3.0,73.83651,12.0,2.0,0.0
71.0,26.15995,1.0,63.355618,1.0,2.0,0.0
58.0,23.221125,1.0,60.680805,24.0,0.0,0.0
45.0,75.90346,1.0,58.817642,1.0,0.0,0.0
64.0,134.83488,0.0,26.339401,24.0,0.0,0.0
35.0,51.72816,0.0,55.446983,12.0,0.0,0.0
71.0,94.62721,0.0,71.36015,1.0,0.0,0.0
55.0,108.959755,1.0,44.78157,12.0,1.0,0.0
47.0,27.907883,1.0,69.54856,1.0,0.0,0.0
66.0,39.90305,2.0,60.904533,12.0,1.0,0.0
38.0,63.065983,3.0,66.55346,12.0,1.0,0.0
52.0,107.112114,2.0,51.01873,1.0,0.0,0.0
21.0,77.07456,3.0,67.73171,12.0,3.0,0.0
70.0,115.44536,3.0,20.706367,12.0,1.0,1.0
45.0,132.78772,5.0,50.662914,24.0,3.0,1.0
57.0,118.588394,3.0,64.2603,24.0,1.0,0.0
34.0,148.99214,0.0,55.92599,12.0,1.0,0.0
63.0,118.06694,2.0,71.912476,24.0,1.0,0.0
6.0,130.7833,3.0,46.858025,1.0,1.0,1.0
9.0,128.20763,2.0,39.050896,1.0,0.0,1.0
37.0,114.93455,4.0,17.2185,1.0,1.0,1.0
53.0,124.23424,1.0,44.54067,24.0,0.0,0.0
59.0,141.50882,0.0,60.337498,1.0,2.0,0.0
32.0,81.77696,1.0,65.22017,24.0,2.0,0.0
47.0,102.97731,1.0,22.016289,12.0,1.0,1.0
40.0,86.94216,0.0,73.5065,1.0,2.0,0.0
70.0,130.63481,1.0,30.511583,12.0,2.0,1.0
48.0,76.07675,2.0,47.577038,12.0,2.0,0.0
31.0,126.56448,3.0,38.623672,12.0,2.0,0.0
70.0,123.91609,1.0,58.344997,24.0,0.0,0.0
8.0,145.0452,3.0,51.881493,12.0,1.0,0.0
71.0,52.35969,2.0,63.559372,1.0,2.0,0.0
12.0,112.250534,1.0,86.87609,12.0,1.0,0.0
21.0,118.399536,1.0,57.95705,1.0,1.0,0.0
60.0,141.7162,3.0,38.466408,24.0,1.0,0.0
53.0,137.89731,1.0,59.221382,1.0,0.0,0.0
70.0,94.558365,4.0,88.90279,12.0,1.0,0.0
54.0,95.28992,1.0,63.126804,12.0,2.0,1.0
46.0,41.74786,1.0,68.91387,1.0,0.0,0.0
25.0,146.74515,3.0,18.128471,12.0,0.0,1.0
1.0,53.15227,1.0,57.73757,1.0,1.0,0.0
9.0,114.215706,1.0,44.639645,12.0,0.0,0.0
22.0,123.453354,2.0,36.397503,12.0,0.0,0.0
3.0,77.35802,1.0,49.553654,1.0,1.0,1.0
37.0,47.455185,0.0,52.17268,1.0,1.0,0.0
56.0,44.56485,1.0,37.51216,12.0,1.0,0.0
70.0,131.34448,1.0,53.769276,12.0,0.0,0.0
36.0,86.398346,3.0,46.53026,12.0,1.0,0.0
64.0,31.717808,0.0,64.048775,1.0,2.0,0.0
71.0,113.21253,1.0,54.5515,1.0,2.0,0.0
62.0,52.522236,1.0,57.518467,12.0,0.0,0.0
34.0,133.93132,1.0,69.58776,24.0,1.0,0.0
24.0,60.24433,2.0,61.099117,12.0,1.0,0.0
71.0,46.03521,0.0,49.87831,12.0,1.0,0.0
18.0,31.031597,1.0,8.261501,12.0,0.0,0.0
30.0,86.49905,0.0,60.27456,12.0,2.0,0.0
6.0,78.59589,1.0,31.761534,24.0,1.0,0.0
58.0,117.67058,0.0,48.27524,1.0,0.0,0.0
47.0,80.39834,2.0,57.42094,12.0,2.0,0.0
7.0,64.696075,4.0,76.66058,1.0,2.0,0.0
16.0,54.01514,2.0,86.84646,1.0,1.0,0.0
40.0,56.159077,1.0,31.575634,1.0,2.0,0.0
39.0,140.62022,5.0,23.682743,1.0,0.0,1.0
58.0,41.460217,6.0,56.514343,1.0,0.0,0.0
20.0,148.46294,1.0,54.848557,1.0,3.0,1.0
67.0,62.49953,1.0,25.962482,1.0,1.0,1.0
33.0,31.49073,2.0,49.66794,1.0,1.0,0.0
60.0,52.32975,0.0,61.950817,1.0,0.0,0.0
18.0,27.59387,1.0,25.396965,1.0,0.0,0.0
3.0,122.70387,0.0,30.108292,24.0,2.0,0.0
4.0,86.63188,2.0,37.116802,12.0,3.0,1.0
27.0,63.80826,3.0,45.754795,1.0,0.0,0.0
69.0,106.06645,2.0,63.87943,1.0,0.0,0.0
4.0,101.98405,5.0,43.470387,12.0,2.0,1.0
27.0,142.18336,0.0,51.106335,1.0,0.0,0.0
8.0,144.96387,0.0,94.92355,1.0,2.0,0.0
68.0,108.48889,1.0,30.873795,1.0,3.0,0.0
49.0,126.31607,1.0,36.940132,12.0,3.0,0.0
55.0,123.01527,1.0,63.56178,12.0,0.0,0.0
52.0,83.86946,1.0,69.760864,12.0,0.0,0.0
48.0,111.579575,3.0,58.296017,1.0,0.0,0.0
56.0,30.173672,2.0,86.17935,1.0,1.0,0.0
1.0,118.54274,1.0,56.349117,24.0,2.0,0.0
63.0,145.03828,1.0,10.477926,12.0,0.0,0.0
54.0,31.046719,1.0,51.939915,12.0,0.0,0.0
54.0,128.69505,2.0,38.580326,24.0,0.0,0.0
29.0,141.2874,3.0,77.67623,12.0,1.0,0.0
58.0,49.404556,2.0,69.29248,1.0,0.0,0.0
28.0,88.22546,3.0,18.206184,12.0,0.0,1.0
4.0,140.62157,1.0,77.00636,1.0,3.0,1.0
66.0,144.82938,1.0,68.78735,12.0,0.0,0.0
17.0,36.62471,0.0,43.510757,12.0,1.0,0.0
8.0,65.37055,3.0,48.431164,1.0,0.0,0.0
45.0,110.758804,1.0,77.843544,1.0,2.0,0.0
17.0,48.802605,2.0,10.569761,1.0,1.0,0.0
62.0,62.22018,1.0,58.90796,12.0,0.0,0.0
32.0,23.027838,1.0,71.868195,1.0,0.0,0.0
1.0,39.957817,1.0,48.22574,1.0,0.0,0.0
69.0,93.10284,3.0,62.958195,1.0,1.0,0.0
38.0,104.90171,3.0,52.06309,24.0,3.0,0.0
19.0,104.358536,3.0,34.319214,24.0,0.0,1.0
49.0,121.18686,1.0,33.8194,12.0,0.0,0.0
39.0,73.98659,2.0,64.23859,12.0,1.0,0.0
3.0,55.553795,1.0,37.285866,12.0,0.0,0.0
55.0,22.025492,1.0,19.50838,1.0,1.0,0.0
29.0,46.861877,5.0,52.447975,1.0,1.0,0.0
51.0,60.610416,3.0,39.738373,1.0,1.0,0.0
65.0,43.166893,1.0,26.017838,24.0,0.0,0.0
44.0,22.618782,0.0,51.434948,12.0,0.0,0.0
49.0,40.46819,2.0,65.345535,1.0,1.0,0.0
19.0,106.59294,0.0,50.403,12.0,0.0,0.0
18.0,101.84611,1.0,28.675182,1.0,1.0,1.0
30.0,141.63887,0.0,59.63607,12.0,0.0,0.0
62.0,123.76188,4.0,70.703125,12.0,1.0,0.0
38.0,93.8083,3.0,94.26068,24.0,1.0,0.0
26.0,37.882324,1.0,78.83688,12.0,1.0,0.0
57.0,93.32934,0.0,29.892832,24.0,2.0,1.0
62.0,28.007359,1.0,67.16165,1.0,0.0,0.0
65.0,76.01504,3.0,55.130478,12.0,2.0,0.0
22.0,70.73362,3.0,26.958017,24.0,1.0,0.0
52.0,75.6158,1.0,55.675903,1.0,0.0,0.0
43.0,56.37737,1.0,88.373535,24.0,0.0,0.0
33.0,109.15796,1.0,73.91728,24.0,0.0,0.0
29.0,129.32278,3.0,29.731005,12.0,1.0,1.0
9.0,119.90721,3.0,50.274345,1.0,0.0,1.0
20.0,101.60777,3.0,59.83349,1.0,2.0,1.0
40.0,89.984825,0.0,15.401928,12.0,0.0,0.0
64.0,24.040943,0.0,16.091246,24.0,0.0,0.0
63.0,113.98142,0.0,53.092556,1.0,1.0,0.0
14.0,90.847786,0.0,53.3535,1.0,0.0,0.0
49.0,55.196335,1.0,13.223621,1.0,3.0,0.0
7.0,62.619465,4.0,57.75947,12.0,1.0,0.0
49.0,141.62888,2.0,71.73926,24.0,1.0,1.0
25.0,101.16709,4.0,45.63397,12.0,4.0,0.0
33.0,81.868614,0.0,51.196236,12.0,1.0,0.0
52.0,100.719826,0.0,61.428234,12.0,1.0,0.0
31.0,73.7865,1.0,58.780586,12.0,0.0,0.0
59.0,81.123695,1.0,16.62755,12.0,0.0,0.0
39.0,57.740204,3.0,31.897575,1.0,1.0,1.0
72.0,77.18093,3.0,42.08293,1.0,1.0,1.0
46.0,109.12699,2.0,32.78346,24.0,0.0,1.0
22.0,25.19245,2.0,79.33937,12.0,1.0,0.0
56.0,123.35356,2.0,62.689518,1.0,1.0,0.0
30.0,56.787342,1.0,27.805492,12.0,1.0,0.0
39.0,108.73277,2.0,45.713284,12.0,1.0,0.0
10.0,103.55429,2.0,72.60784,1.0,2.0,0.0
9.0,104.841644,1.0,37.07521,12.0,1.0,0.0
42.0,99.05676,2.0,67.03168,1.0,0.0,0.0
14.0,144.68324,4.0,77.6636,24.0,0.0,0.0
72.0,86.08474,0.0,74.32282,12.0,1.0,0.0
62.0,115.201485,1.0,53.60808,24.0,1.0,0.0
51.0,111.70841,1.0,75.0205,12.0,4.0,0.0
53.0,50.714787,1.0,39.55524,24.0,0.0,0.0
43.0,56.829758,2.0,99.71763,1.0,0.0,0.0
5.0,75.12222,2.0,54.81699,1.0,1.0,1.0
29.0,56.10073,3.0,72.93588,24.0,2.0,0.0
36.0,67.676605,1.0,42.759823,24.0,3.0,0.0
66.0,70.82488,2.0,59.98829,24.0,0.0,0.0
16.0,98.502396,2.0,60.86927,24.0,1.0,0.0
36.0,48.585705,5.0,31.423326,12.0,2.0,1.0
25.0,124.557945,1.0,30.831133,12.0,0.0,0.0
10.0,76.87972,3.0,45.90995,24.0,0.0,0.0
8.0,111.81174,5.0,72.10665,1.0,1.0,1.0
27.0,30.587523,0.0,13.371448,24.0,0.0,0.0
6.0,81.095505,1.0,42.743015,24.0,1.0,0.0
5.0,23.66854,4.0,76.19745,12.0,1.0,0.0
26.0,107.8683,4.0,25.357412,1.0,1.0,1.0
15.0,64.68231,0.0,75.07801,12.0,1.0,0.0
40.0,143.40286,1.0,27.444141,24.0,2.0,0.0
2.0,62.136147,3.0,31.669168,1.0,1.0,0.0
22.0,93.29477,1.0,47.055565,1.0,1.0,1.0
33.0,53.460384,2.0,87.469185,12.0,2.0,0.0
70.0,100.61464,1.0,37.199856,24.0,0.0,1.0
46.0,80.71551,2.0,15.340744,12.0,0.0,0.0
64.0,68.18167,0.0,21.961279,12.0,1.0,0.0
25.0,46.479614,2.0,68.63896,1.0,3.0,0.0
33.0,34.497776,0.0,22.905195,12.0,1.0,0.0
31.0,35.584286,0.0,73.75929,24.0,0.0,0.0
64.0,149.8752,1.0,51.395817,1.0,1.0,0.0
70.0,73.600395,2.0,49.354576,1.0,0.0,0.0
70.0,20.250862,1.0,55.946083,1.0,3.0,0.0
55.0,143.88074,1.0,33.981594,1.0,1.0,1.0
37.0,22.59739,2.0,52.75744,12.0,0.0,0.0
39.0,74.4162,3.0,26.13854,24.0,1.0,0.0
71.0,113.27209,4.0,76.97782,12.0,1.0,0.0
21.0,138.8979,1.0,29.454096,12.0,0.0,1.0
25.0,112.67522,4.0,58.777615,12.0,1.0,0.0
65.0,80.27135,2.0,29.304995,24.0,3.0,0.0
28.0,146.67746,3.0,39.335907,1.0,1.0,1.0
17.0,25.111519,2.0,42.52336,1.0,2.0,0.0
41.0,148.29599,3.0,109.62696,12.0,1.0,0.0
24.0,130.4209,1.0,49.71108,24.0,0.0,0.0
65.0,140.7609,2.0,33.569405,12.0,3.0,1.0
66.0,53.120415,2.0,41.108887,12.0,1.0,0.0
23.0,38.51955,1.0,19.90655,1.0,0.0,0.0
39.0,106.23099,3.0,46.74428,1.0,2.0,0.0
71.0,87.06173,3.0,87.021736,24.0,0.0,0.0
54.0,88.01183,3.0,56.72079,12.0,1.0,0.0
16.0,140.2005,1.0,68.068016,12.0,1.0,0.0
43.0,100.61052,3.0,31.801126,24.0,0.0,1.0
45.0,60.438297,5.0,45.933155,12.0,2.0,1.0
48.0,72.00865,2.0,54.078053,1.0,0.0,0.0
2.0,37.354458,2.0,35.493862,1.0,3.0,0.0
22.0,45.000824,1.0,58.000134,1.0,2.0,1.0
62.0,38.63551,5.0,62.308567,24.0,0.0,0.0
18.0,125.337875,2.0,60.85696,24.0,0.0,0.0
22.0,111.63355,0.0,46.978336,12.0,1.0,0.0
24.0,88.944855,2.0,71.81823,24.0,3.0,0.0
13.0,68.667816,3.0,44.847652,1.0,1.0,1.0
12.0,106.90426,0.0,43.023582,1.0,1.0,0.0
25.0,125.6777,3.0,78.83078,1.0,0.0,0.0
63.0,134.56032,3.0,27.860674,24.0,0.0,0.0
1.0,91.11211,2.0,15.940621,1.0,2.0,0.0
21.0,126.58507,0.0,32.643673,1.0,0.0,0.0
5.0,86.46977,0.0,57.74484,1.0,1.0,0.0
41.0,81.68891,3.0,75.67182,12.0,0.0,1.0
19.0,132.50613,3.0,36.78963,12.0,1.0,1.0
58.0,70.228615,5.0,86.29675,1.0,0.0,0.0
43.0,71.46865,3.0,50.543945,24.0,1.0,0.0
57.0,59.638474,2.0,47.689407,24.0,1.0,0.0
46.0,87.43122,1.0,33.001236,1.0,1.0,0.0
32.0,90.830505,2.0,89.0271,24.0,1.0,0.0
62.0,105.85995,5.0,46.99422,24.0,0.0,0.0
35.0,75.9653,2.0,23.360239,24.0,1.0,0.0
69.0,48.318848,1.0,99.15337,1.0,2.0,0.0
72.0,132.68947,2.0,57.8734,24.0,2.0,0.0
43.0,64.98011,2.0,65.97661,12.0,2.0,0.0
49.0,139.98265,1.0,83.6312,1.0,1.0,0.0
19.0,46.955933,2.0,62.289253,24.0,0.0,0.0
59.0,92.80747,1.0,69.49779,1.0,2.0,0.0
49.0,89.759964,0.0,51.086502,24.0,0.0,0.0
65.0,127.72422,1.0,64.674644,12.0,0.0,0.0
20.0,38.050682,1.0,49.316845,12.0,2.0,0.0
57.0,138.29184,4.0,49.5958,1.0,2.0,1.0
34.0,89.08566,3.0,52.394337,24.0,1.0,0.0
14.0,96.19422,3.0,42.063698,1.0,0.0,1.0
13.0,86.32162,3.0,60.087555,24.0,0.0,0.0
41.0,24.683237,1.0,60.036903,12.0,1.0,0.0
24.0,84.62179,4.0,66.378334,1.0,1.0,1.0
8.0,54.261456,3.0,62.79213,12.0,0.0,0.0
31.0,64.54946,6.0,90.00086,24.0,0.0,0.0
48.0,104.38321,2.0,71.0526,24.0,3.0,0.0
23.0,84.70063,2.0,45.85496,1.0,0.0,0.0
69.0,32.118366,3.0,59.06143,1.0,1.0,0.0
57.0,29.495365,1.0,78.25396,1.0,0.0,0.0
37.0,44.1355,1.0,31.000536,24.0,2.0,0.0
68.0,44.815067,0.0,90.284836,1.0,1.0,0.0
32.0,99.0791,1.0,34.50721,1.0,1.0,1.0
11.0,43.11588,1.0,68.00551,1.0,3.0,0.0
3.0,134.62352,4.0,50.132008,24.0,2.0,0.0
68.0,47.268887,4.0,48.981354,1.0,0.0,0.0
70.0,31.847088,3.0,23.941742,12.0,1.0,0.0
54.0,133.84698,0.0,68.15,1.0,2.0,0.0
8.0,58.392586,0.0,24.232836,12.0,1.0,1.0
22.0,75.30494,1.0,21.144596,12.0,1.0,0.0
3.0,144.67343,2.0,73.19406,24.0,1.0,1.0
4.0,142.768,1.0,85.792114,12.0,2.0,0.0
18.0,112.93919,6.0,36.655087,1.0,1.0,1.0
42.0,28.962063,3.0,70.06219,12.0,1.0,0.0
5.0,97.13422,1.0,65.93053,1.0,1.0,0.0
71.0,148.58014,2.0,48.169624,1.0,4.0,0.0
33.0,143.0991,3.0,76.71634,24.0,1.0,0.0
19.0,33.780323,0.0,46.72756,12.0,0.0,0.0
38.0,71.475746,5.0,60.35068,24.0,0.0,0.0
57.0,61.019775,2.0,24.924603,1.0,0.0,0.0
23.0,36.864655,1.0,25.779408,24.0,3.0,1.0
4.0,110.323784,1.0,73.3809,24.0,3.0,0.0
4.0,55.60029,2.0,61.024105,12.0,1.0,0.0
62.0,64.83256,1.0,47.150864,1.0,0.0,0.0
9.0,31.746655,1.0,88.156906,24.0,0.0,1.0
46.0,84.73579,1.0,87.94631,24.0,0.0,0.0
28.0,40.56182,2.0,58.78336,1.0,3.0,0.0
56.0,76.17175,2.0,20.886898,24.0,1.0,0.0
5.0,38.634487,6.0,47.76802,24.0,1.0,0.0
65.0,144.00049,7.0,33.348362,1.0,4.0,1.0
51.0,38.84773,2.0,51.79027,1.0,1.0,0.0
33.0,87.84533,2.0,31.274057,1.0,1.0,1.0
15.0,45.607376,4.0,26.075481,12.0,4.0,1.0
71.0,29.927034,5.0,4.747735,24.0,0.0,0.0
22.0,46.30012,3.0,53.345146,24.0,1.0,0.0
36.0,27.120634,1.0,4.024738,1.0,2.0,0.0
29.0,38.12166,1.0,43.59519,12.0,0.0,0.0
17.0,84.15294,2.0,63.88794,12.0,0.0,0.0
30.0,104.736015,2.0,35.558086,12.0,1.0,0.0
11.0,31.354176,4.0,28.30343,12.0,1.0,1.0
1.0,77.33242,2.0,48.643063,12.0,2.0,1.0
21.0,95.56211,1.0,33.42789,1.0,1.0,0.0
9.0,50.449337,1.0,53.713158,1.0,0.0,1.0
30.0,68.37019,0.0,29.343403,24.0,1.0,0.0
63.0,29.338533,2.0,47.910122,1.0,3.0,0.0
12.0,48.61704,2.0,43.071587,12.0,2.0,0.0
1.0,80.67788,2.0,49.76957,24.0,4.0,1.0
8.0,148.75748,1.0,82.70303,24.0,3.0,0.0
37.0,149.51447,1.0,53.996216,12.0,1.0,1.0
20.0,147.35081,2.0,60.088882,1.0,0.0,0.0
36.0,75.00123,1.0,37.50414,12.0,3.0,1.0
3.0,30.48845,1.0,54.46513,12.0,1.0,0.0
24.0,62.06455,0.0,44.503933,12.0,1.0,0.0
30.0,50.90287,2.0,50.59312,1.0,3.0,1.0
32.0,21.836454,3.0,62.978912,1.0,1.0,0.0
40.0,32.38037,1.0,39.995323,12.0,2.0,0.0
57.0,78.914955,0.0,42.039093,24.0,0.0,0.0
34.0,64.15612,3.0,40.271706,12.0,2.0,1.0
61.0,43.445984,1.0,39.88561,1.0,3.0,0.0
39.0,113.092995,2.0,53.464706,1.0,1.0,0.0
19.0,66.425026,3.0,42.72036,12.0,1.0,0.0
17.0,130.74283,1.0,79.95913,12.0,0.0,0.0
24.0,51.32703,1.0,103.58325,1.0,0.0,0.0
44.0,89.99115,1.0,38.641155,24.0,1.0,0.0
18.0,43.9381,3.0,55.88006,24.0,0.0,1.0
66.0,84.389084,1.0,70.760155,24.0,1.0,0.0
35.0,39.820644,1.0,44.68502,12.0,1.0,1.0
63.0,41.005222,4.0,30.112177,24.0,1.0,0.0
50.0,99.58904,1.0,84.763466,12.0,0.0,0.0
25.0,54.292187,2.0,63.723145,12.0,0.0,1.0
17.0,42.407738,3.0,56.37381,1.0,0.0,0.0
54.0,140.86987,2.0,79.010445,1.0,0.0,0.0
24.0,25.590422,2.0,65.40466,1.0,1.0,1.0
18.0,93.46925,0.0,49.041298,24.0,0.0,0.0
67.0,91.2743,3.0,30.467382,12.0,1.0,0.0
35.0,52.579155,2.0,40.133366,24.0,2.0,0.0
4.0,78.86033,0.0,74.096466,12.0,0.0,0.0
36.0,31.405912,3.0,63.641712,1.0,1.0,0.0
34.0,113.76512,3.0,46.266666,12.0,1.0,0.0
63.0,48.82063,3.0,85.33126,1.0,1.0,0.0
52.0,45.1401,1.0,46.855576,24.0,1.0,0.0
14.0,60.9342,1.0,69.75036,1.0,1.0,0.0
11.0,137.30809,2.0,54.40078,1.0,0.0,0.0
44.0,123.540665,1.0,88.65906,12.0,1.0,0.0
4.0,143.096,4.0,65.06091,24.0,1.0,1.0
23.0,104.755104,3.0,50.92319,12.0,0.0,1.0
10.0,106.179794,4.0,46.42397,1.0,0.0,0.0
2.0,82.40403,0.0,49.69255,12.0,1.0,0.0
67.0,137.67422,2.0,35.492054,1.0,0.0,0.0
7.0,86.41403,1.0,22.665937,12.0,0.0,1.0
1.0,66.15781,2.0,56.17471,12.0,0.0,0.0
68.0,103.24875,0.0,39.329628,1.0,0.0,0.0
14.0,90.99813,2.0,39.276497,12.0,2.0,0.0
59.0,36.122578,2.0,48.223194,1.0,0.0,0.0
3.0,71.054306,3.0,51.044468,1.0,0.0,1.0
12.0,60.732304,1.0,50.147522,12.0,0.0,0.0
8.0,130.0884,3.0,84.76591,1.0,0.0,1.0
51.0,69.249535,2.0,63.24759,1.0,1.0,0.0
45.0,126.80218,1.0,92.15631,12.0,1.0,0.0
35.0,77.51065,1.0,41.220192,12.0,0.0,0.0
18.0,117.95507,2.0,65.674416,24.0,2.0,0.0
7.0,37.58665,4.0,42.33175,24.0,1.0,1.0
41.0,140.20453,2.0,38.777363,12.0,0.0,1.0
17.0,82.472786,3.0,92.91085,12.0,2.0,0.0
43.0,53.773773,4.0,34.637035,12.0,0.0,0.0
50.0,51.39365,2.0,5.3653197,24.0,2.0,1.0
62.0,54.46005,1.0,35.841015,12.0,1.0,0.0
36.0,67.67414,2.0,9.833527,24.0,1.0,0.0
1.0,113.27754,1.0,30.97351,12.0,0.0,0.0
21.0,143.4484,4.0,32.826683,1.0,2.0,1.0
62.0,106.97487,2.0,50.705635,24.0,1.0,0.0
39.0,91.131615,1.0,9.008067,1.0,0.0,0.0
45.0,78.31772,1.0,73.919044,24.0,5.0,0.0
33.0,127.66528,1.0,12.484614,1.0,1.0,1.0
12.0,130.45543,0.0,47.444984,12.0,2.0,0.0
65.0,58.0949,2.0,43.516903,12.0,0.0,1.0
56.0,143.94463,3.0,66.507,1.0,0.0,0.0
72.0,71.365,3.0,57.030865,12.0,0.0,0.0
62.0,124.01015,2.0,73.73746,1.0,1.0,1.0
21.0,145.68658,4.0,42.770935,1.0,0.0,1.0
19.0,111.475555,1.0,40.705067,1.0,1.0,0.0
18.0,41.001595,1.0,58.25582,24.0,1.0,0.0
67.0,96.19781,0.0,70.58404,24.0,1.0,0.0
41.0,35.441025,1.0,66.50138,1.0,3.0,0.0
33.0,122.58846,0.0,56.436283,24.0,0.0,1.0
70.0,56.570972,1.0,54.65325,24.0,3.0,1.0
44.0,110.37793,1.0,49.274216,1.0,4.0,0.0
66.0,138.31166,2.0,58.198605,24.0,0.0,0.0
71.0,43.53128,5.0,90.69869,1.0,2.0,0.0
6.0,71.07152,1.0,45.148533,24.0,0.0,1.0
27.0,104.12544,1.0,42.710197,12.0,1.0,0.0
53.0,74.55562,1.0,41.178883,24.0,2.0,0.0
59.0,42.726463,3.0,57.787457,1.0,1.0,0.0
11.0,23.77931,3.0,7.5650945,1.0,2.0,0.0
23.0,72.85776,4.0,47.298767,24.0,0.0,0.0
40.0,104.39717,1.0,67.61294,12.0,1.0,0.0
58.0,94.61795,4.0,39.475384,12.0,0.0,0.0
9.0,40.31136,1.0,53.734093,12.0,1.0,0.0
44.0,78.59015,4.0,92.18671,12.0,0.0,0.0
22.0,68.031235,2.0,56.631996,1.0,2.0,0.0
16.0,55.646313,4.0,5.2154675,1.0,1.0,1.0
38.0,114.80526,3.0,21.802313,1.0,2.0,1.0
30.0,60.254765,0.0,44.979935,1.0,1.0,0.0
46.0,90.21845,1.0,33.92348,24.0,2.0,0.0
23.0,140.01906,0.0,52.067665,1.0,1.0,1.0
60.0,90.10588,2.0,44.10848,12.0,2.0,0.0
6.0,100.212975,2.0,73.321434,1.0,0.0,0.0
63.0,29.521978,2.0,28.17337,24.0,1.0,0.0
3.0,43.15744,1.0,45.850014,1.0,3.0,0.0
53.0,33.123657,1.0,54.34517,1.0,1.0,0.0
25.0,119.42568,0.0,56.82269,24.0,1.0,0.0
28.0,128.66974,1.0,52.936104,1.0,1.0,0.0
2.0,44.23919,1.0,1.7745315,24.0,1.0,0.0
51.0,48.50533,1.0,51.66584,1.0,0.0,0.0
12.0,62.01695,4.0,46.984913,24.0,1.0,0.0
48.0,96.84009,0.0,67.282196,1.0,0.0,0.0
53.0,100.8335,4.0,64.459404,1.0,0.0,0.0
61.0,109.278015,3.0,54.81689,12.0,3.0,0.0
51.0,137.67506,2.0,56.263283,12.0,2.0,0.0
22.0,58.355217,4.0,77.04766,24.0,2.0,0.0
54.0,105.63867,1.0,73.00592,1.0,1.0,1.0
60.0,92.76397,1.0,55.50664,12.0,1.0,0.0
23.0,59.758842,3.0,92.90836,1.0,1.0,0.0
9.0,137.96397,3.0,37.436073,24.0,1.0,0.0
65.0,32.41284,2.0,26.291138,24.0,2.0,0.0
11.0,112.560135,2.0,49.78324,1.0,2.0,1.0
43.0,114.62358,4.0,42.523804,1.0,0.0,0.0
18.0,138.99245,1.0,1.0,24.0,1.0,0.0
10.0,87.415474,2.0,36.952385,24.0,0.0,1.0
56.0,61.810905,1.0,56.871704,12.0,2.0,0.0
11.0,127.606285,1.0,48.839443,12.0,1.0,0.0
49.0,120.20534,2.0,34.47077,24.0,0.0,0.0
50.0,85.04103,1.0,50.84651,1.0,2.0,1.0
5.0,119.82146,1.0,52.46145,24.0,1.0,0.0
13.0,54.82383,3.0,64.30149,24.0,1.0,0.0
58.0,96.635826,1.0,37.169987,24.0,2.0,0.0
37.0,132.47385,3.0,67.477135,24.0,1.0,0.0
9.0,61.337986,2.0,28.187141,24.0,0.0,0.0
72.0,82.861496,3.0,39.93246,1.0,0.0,0.0
20.0,143.63583,1.0,83.979866,24.0,2.0,0.0
1.0,123.76754,4.0,29.522444,1.0,0.0,1.0
67.0,135.31508,1.0,36.824654,1.0,1.0,0.0
2.0,70.082115,4.0,24.937778,1.0,2.0,0.0
40.0,149.54568,1.0,33.454674,1.0,1.0,0.0
72.0,39.83353,2.0,52.76726,12.0,2.0,0.0
42.0,87.44018,0.0,64.130844,12.0,2.0,0.0
43.0,82.30554,1.0,49.62724,1.0,0.0,0.0
28.0,123.79619,0.0,43.506203,1.0,0.0,1.0
10.0,138.12032,3.0,25.144522,1.0,0.0,1.0
42.0,115.04812,2.0,35.45739,12.0,1.0,0.0
65.0,101.486115,2.0,19.079285,12.0,1.0,0.0
7.0,75.565796,3.0,64.73119,12.0,0.0,0.0
64.0,86.34237,2.0,66.12147,24.0,2.0,0.0
30.0,86.20904,0.0,49.191048,12.0,0.0,0.0
39.0,22.647902,1.0,58.82902,1.0,0.0,0.0
12.0,85.39596,1.0,67.52465,12.0,1.0,0.0
45.0,131.2762,4.0,52.024178,12.0,3.0,0.0
14.0,112.20562,3.0,77.872215,1.0,0.0,0.0
20.0,123.44212,6.0,29.524145,24.0,3.0,0.0
52.0,70.76305,2.0,43.026596,1.0,0.0,0.0
4.0,88.76652,1.0,40.645157,24.0,3.0,0.0
33.0,24.352863,1.0,62.944763,1.0,2.0,0.0
43.0,69.789734,1.0,21.317173,12.0,0.0,0.0
10.0,81.67409,1.0,78.959496,1.0,0.0,0.0
22.0,53.17716,4.0,61.23549,24.0,0.0,0.0
25.0,24.061327,1.0,85.00589,24.0,1.0,0.0
48.0,109.75305,3.0,49.188576,1.0,3.0,0.0
71.0,76.56141,0.0,38.993614,1.0,3.0,0.0
61.0,74.03816,3.0,63.14212,12.0,1.0,0.0
14.0,52.49828,1.0,70.611305,1.0,0.0,0.0
2.0,89.91795,1.0,35.711582,1.0,0.0,1.0
4.0,76.94348,4.0,10.04807,24.0,1.0,0.0
43.0,81.61798,5.0,13.474692,12.0,1.0,1.0
12.0,95.513275,2.0,55.2277,1.0,0.0,0.0
17.0,20.822205,2.0,80.80379,12.0,0.0,0.0
62.0,138.00047,0.0,23.983227,1.0,4.0,0.0
63.0,29.241362,3.0,44.552673,24.0,0.0,0.0
61.0,78.62022,1.0,43.03101,1.0,2.0,1.0
19.0,46.958473,2.0,88.410645,1.0,0.0,0.0
45.0,88.091705,0.0,95.17391,1.0,2.0,0.0
44.0,56.429913,5.0,58.489056,24.0,3.0,0.0
14.0,131.80084,2.0,67.96001,1.0,1.0,0.0
40.0,71.52678,3.0,67.40398,12.0,0.0,0.0
38.0,103.03822,2.0,24.393568,12.0,0.0,0.0
29.0,52.354366,0.0,63.97046,24.0,0.0,0.0
55.0,22.5228,1.0,29.60787,1.0,0.0,0.0
49.0,72.54009,4.0,46.569283,24.0,1.0,0.0
39.0,89.74324,1.0,72.79474,24.0,0.0,0.0
53.0,79.74113,1.0,51.618668,1.0,1.0,0.0
55.0,145.06187,2.0,72.04993,1.0,0.0,0.0
41.0,111.88909,0.0,75.98527,24.0,2.0,0.0
20.0,149.43707,4.0,14.861326,12.0,0.0,0.0
55.0,58.35781,1.0,6.4460487,24.0,1.0,0.0
52.0,122.57693,4.0,73.24185,24.0,1.0,0.0
71.0,92.2226,0.0,74.04815,1.0,2.0,1.0
11.0,99.52885,1.0,55.131893,1.0,2.0,0.0
31.0,148.16092,2.0,57.844322,1.0,1.0,0.0
67.0,105.01833,1.0,67.860954,12.0,0.0,0.0
38.0,136.84619,1.0,67.488174,12.0,1.0,0.0
68.0,114.347534,1.0,43.91632,12.0,1.0,0.0
1.0,36.560196,1.0,69.117004,12.0,1.0,0.0
3.0,110.92508,2.0,43.070538,24.0,1.0,1.0
58.0,82.96103,3.0,54.87102,1.0,0.0,0.0
26.0,139.44374,2.0,54.00045,12.0,1.0,0.0
38.0,124.88848,0.0,32.81122,1.0,1.0,0.0
31.0,33.53751,4.0,35.140255,1.0,1.0,1.0
30.0,37.409035,0.0,94.682175,1.0,0.0,0.0
68.0,29.04943,2.0,32.162285,24.0,1.0,0.0
7.0,84.12183,3.0,57.399185,1.0,2.0,1.0
56.0,30.500328,0.0,61.595985,1.0,0.0,0.0
65.0,114.078186,2.0,48.915672,12.0,2.0,0.0
48.0,91.80662,1.0,63.4298,12.0,1.0,1.0
29.0,128.66505,3.0,56.579666,12.0,1.0,0.0
12.0,56.37345,3.0,32.59497,1.0,3.0,1.0
50.0,87.488304,3.0,60.736347,1.0,0.0,0.0
34.0,35.272358,2.0,39.105873,1.0,1.0,0.0
11.0,134.9993,2.0,84.813385,1.0,0.0,1.0
26.0,42.750645,1.0,58.582504,1.0,1.0,1.0
70.0,33.307095,3.0,35.99693,12.0,1.0,0.0
20.0,46.656578,0.0,56.84579,24.0,1.0,0.0
13.0,124.8101,3.0,31.50291,1.0,1.0,0.0
50.0,33.75589,4.0,55.155582,1.0,3.0,0.0
15.0,99.87557,3.0,45.486046,24.0,0.0,0.0
67.0,117.00357,3.0,33.462578,12.0,1.0,0.0
62.0,117.64055,2.0,33.211174,12.0,0.0,1.0
71.0,44.707916,4.0,98.698685,24.0,1.0,0.0
66.0,28.01112,0.0,51.827847,12.0,1.0,0.0
18.0,78.34483,1.0,41.365215,12.0,2.0,0.0
16.0,46.323093,3.0,37.901627,1.0,3.0,0.0
25.0,110.905205,7.0,59.42332,24.0,2.0,0.0
34.0,66.37006,1.0,37.23008,12.0,1.0,1.0
64.0,78.416016,4.0,28.107641,1.0,1.0,0.0
53.0,34.75304,0.0,49.35171,12.0,0.0,0.0
47.0,93.78154,1.0,49.20062,1.0,1.0,0.0
64.0,44.118145,3.0,41.6593,12.0,0.0,0.0
47.0,108.268135,2.0,32.174156,1.0,1.0,0.0
28.0,29.251947,2.0,42.18057,12.0,2.0,0.0
30.0,146.8663,1.0,40.607254,12.0,0.0,1.0
38.0,108.98851,1.0,37.832718,12.0,0.0,0.0
7.0,43.624844,1.0,55.530003,12.0,1.0,0.0
54.0,21.832304,2.0,94.52456,1.0,2.0,0.0
47.0,63.480175,3.0,76.6353,1.0,1.0,0.0
53.0,39.865723,3.0,88.83839,12.0,0.0,0.0
39.0,48.393475,1.0,38.646175,12.0,1.0,0.0
57.0,133.45753,0.0,83.49377,24.0,1.0,0.0
69.0,98.4166,3.0,54.545517,1.0,1.0,0.0
42.0,42.939495,1.0,69.72727,12.0,2.0,0.0
32.0,92.36572,2.0,59.15408,24.0,2.0,0.0
8.0,53.251484,0.0,43.134655,12.0,0.0,0.0
57.0,146.90611,2.0,64.38995,1.0,1.0,1.0
66.0,24.25844,2.0,59.698612,12.0,2.0,0.0
51.0,115.20139,1.0,14.63627,24.0,0.0,0.0
63.0,120.48962,2.0,47.517517,12.0,1.0,0.0
63.0,28.73116,1.0,67.44808,1.0,0.0,0.0
58.0,42.343018,3.0,55.54843,12.0,2.0,0.0
37.0,69.95987,5.0,59.38942,1.0,0.0,1.0
8.0,132.86012,4.0,34.971523,12.0,2.0,1.0
1.0,89.80999,2.0,55.12421,24.0,0.0,1.0
15.0,105.18989,1.0,48.073147,24.0,1.0,0.0
32.0,121.79167,2.0,45.930935,12.0,0.0,0.0
54.0,127.65596,1.0,36.41487,24.0,1.0,0.0
33.0,81.91699,1.0,68.29725,24.0,2.0,0.0
2.0,86.143105,2.0,56.90937,24.0,1.0,1.0
16.0,113.34076,1.0,54.890957,24.0,1.0,0.0
71.0,54.23451,0.0,91.01569,24.0,2.0,0.0
72.0,131.08366,1.0,59.475983,1.0,0.0,0.0
28.0,22.702288,0.0,74.00993,1.0,2.0,1.0
58.0,45.45031,5.0,55.458656,1.0,1.0,0.0
52.0,124.02599,4.0,42.936726,12.0,0.0,0.0
68.0,64.23357,4.0,28.817253,24.0,2.0,1.0
64.0,39.478268,1.0,54.8278,24.0,5.0,0.0
46.0,44.27812,1.0,1.0,24.0,1.0,0.0
29.0,88.99833,2.0,55.44934,24.0,0.0,0.0
46.0,130.0036,2.0,56.30797,12.0,0.0,0.0
23.0,29.184593,1.0,45.648647,12.0,0.0,0.0
26.0,23.962519,3.0,48.15267,12.0,2.0,0.0
44.0,80.471855,2.0,24.97661,1.0,2.0,0.0
42.0,144.30437,3.0,77.712074,24.0,1.0,0.0
42.0,56.271275,0.0,43.254982,12.0,0.0,0.0
28.0,144.69217,0.0,30.558146,1.0,2.0,1.0
30.0,135.39856,2.0,60.893223,12.0,0.0,0.0
1.0,56.80756,2.0,52.215122,12.0,3.0,0.0
44.0,126.20325,0.0,42.833305,24.0,2.0,0.0
42.0,109.16275,1.0,40.719334,24.0,1.0,1.0
68.0,86.53691,1.0,49.887226,1.0,1.0,0.0
37.0,74.979095,2.0,76.91632,24.0,0.0,0.0
34.0,126.01536,3.0,59.390926,1.0,3.0,1.0
5.0,123.10033,4.0,49.311836,1.0,1.0,1.0
15.0,118.401726,1.0,67.048676,12.0,1.0,0.0
25.0,149.77327,1.0,50.550636,24.0,1.0,0.0
28.0,82.20662,1.0,58.031044,24.0,1.0,0.0
27.0,124.89999,1.0,53.022556,1.0,2.0,0.0
29.0,132.1222,4.0,61.79561,12.0,1.0,0.0
56.0,47.508335,1.0,41.117115,24.0,1.0,0.0
10.0,25.468637,4.0,27.213142,24.0,0.0,0.0
24.0,72.617294,2.0,68.13696,1.0,1.0,0.0
12.0,131.37576,1.0,80.098564,1.0,2.0,0.0
23.0,57.583427,3.0,28.162378,12.0,0.0,0.0
50.0,111.00132,1.0,53.585835,24.0,0.0,0.0
4.0,20.955257,1.0,41.022594,1.0,2.0,0.0
25.0,66.19737,4.0,67.66757,12.0,0.0,1.0
2.0,100.01717,1.0,54.932915,24.0,2.0,0.0
69.0,36.868435,2.0,116.549446,12.0,4.0,0.0
53.0,136.5589,1.0,43.97133,12.0,0.0,0.0
18.0,40.315617,0.0,80.74585,24.0,1.0,0.0
15.0,138.27316,2.0,82.69261,1.0,0.0,0.0
8.0,48.13061,4.0,60.671947,1.0,1.0,0.0
35.0,149.25623,1.0,50.741665,1.0,1.0,0.0
55.0,98.61733,2.0,51.896755,12.0,2.0,1.0
43.0,30.964836,3.0,50.204098,1.0,1.0,0.0
64.0,28.48604,3.0,72.66599,1.0,3.0,0.0
25.0,29.73982,0.0,32.547276,1.0,0.0,0.0
21.0,96.68606,4.0,46.78032,12.0,0.0,0.0
35.0,125.24529,1.0,44.35628,24.0,1.0,0.0
15.0,72.385155,3.0,15.476111,12.0,0.0,0.0
71.0,77.82865,2.0,67.1783,24.0,2.0,0.0
14.0,96.6074,0.0,71.258385,24.0,1.0,0.0
35.0,89.29528,2.0,37.31563,12.0,1.0,0.0
38.0,109.44803,2.0,70.602646,12.0,1.0,0.0
5.0,81.332146,1.0,18.326845,1.0,1.0,1.0
34.0,112.80189,5.0,50.47909,12.0,0.0,0.0
33.0,149.65039,2.0,47.47483,1.0,4.0,1.0
19.0,65.53872,3.0,51.754974,12.0,2.0,0.0
10.0,21.58801,2.0,51.6509,24.0,0.0,0.0
4.0,36.331257,3.0,48.459167,1.0,1.0,1.0
1.0,91.95684,3.0,42.24454,1.0,0.0,1.0
35.0,64.75351,4.0,47.825882,24.0,1.0,0.0
7.0,142.19774,2.0,77.26443,24.0,0.0,1.0
70.0,101.56799,2.0,38.42562,24.0,1.0,0.0
18.0,87.64617,2.0,95.106804,1.0,1.0,0.0
47.0,123.74513,3.0,37.29671,12.0,2.0,0.0
49.0,53.616684,2.0,54.801186,12.0,0.0,0.0
36.0,126.56601,1.0,61.42413,12.0,2.0,0.0
64.0,20.397943,0.0,44.164883,12.0,2.0,0.0
8.0,100.55806,3.0,77.64726,24.0,0.0,0.0
17.0,141.51843,3.0,60.904236,1.0,1.0,0.0
19.0,122.42179,2.0,45.901955,24.0,2.0,0.0
10.0,130.97244,4.0,77.42529,1.0,0.0,0.0
22.0,71.60411,1.0,29.690165,1.0,0.0,0.0
23.0,127.15106,2.0,38.69033,24.0,2.0,0.0
56.0,91.608116,1.0,61.251408,12.0,1.0,0.0
22.0,100.41023,1.0,66.02933,12.0,3.0,0.0
64.0,27.658995,2.0,56.45244,1.0,2.0,0.0
56.0,46.20172,3.0,47.456154,1.0,1.0,0.0
65.0,91.625374,4.0,44.97112,1.0,0.0,0.0
8.0,27.644138,1.0,72.62802,24.0,1.0,0.0
71.0,116.388084,0.0,54.80789,1.0,1.0,0.0
45.0,129.20741,1.0,32.555225,24.0,0.0,0.0
71.0,139.64711,3.0,31.401953,24.0,1.0,1.0
26.0,33.2299,0.0,80.269226,24.0,1.0,0.0
69.0,142.16364,2.0,35.624767,24.0,2.0,0.0
43.0,28.790602,2.0,55.45462,12.0,0.0,0.0
6.0,81.62731,3.0,77.01813,12.0,1.0,0.0
30.0,129.23264,1.0,60.842144,24.0,0.0,0.0
10.0,29.140448,2.0,34.847153,12.0,1.0,1.0
68.0,22.370039,2.0,29.686117,1.0,1.0,0.0
22.0,23.243204,3.0,87.397766,12.0,2.0,1.0
17.0,86.46513,3.0,29.176708,1.0,1.0,1.0
40.0,125.507576,3.0,38.934616,12.0,0.0,0.0
31.0,36.565468,3.0,57.450073,24.0,4.0,0.0
7.0,36.199333,3.0,45.622433,12.0,2.0,0.0
59.0,93.911095,1.0,61.476105,1.0,1.0,0.0
61.0,50.458427,2.0,20.644558,1.0,0.0,0.0
54.0,114.92779,2.0,45.79201,1.0,1.0,0.0
45.0,143.4526,1.0,63.553776,1.0,5.0,1.0
29.0,119.58434,0.0,63.62146,12.0,3.0,1.0
40.0,134.03279,0.0,38.550934,24.0,1.0,0.0
38.0,87.54619,2.0,29.5658,12.0,1.0,0.0
12.0,128.2015,1.0,54.27426,12.0,1.0,0.0
6.0,43.777412,1.0,23.750748,12.0,2.0,0.0
19.0,28.885225,0.0,75.68541,1.0,1.0,0.0
33.0,105.2739,0.0,53.148174,12.0,0.0,1.0
12.0,26.753826,3.0,36.06377,12.0,1.0,0.0
8.0,136.02258,3.0,28.909971,1.0,2.0,1.0
62.0,109.90204,6.0,37.338867,12.0,2.0,0.0
27.0,143.78609,1.0,18.76138,1.0,0.0,0.0
43.0,60.805264,1.0,59.89558,1.0,2.0,0.0
38.0,83.20058,1.0,33.94307,12.0,0.0,0.0
53.0,116.41975,0.0,57.993435,1.0,1.0,0.0
54.0,51.561268,2.0,60.750916,12.0,0.0,0.0
22.0,90.440346,4.0,69.31995,1.0,0.0,0.0
62.0,105.73074,0.0,55.036953,24.0,0.0,0.0
27.0,147.24513,2.0,72.504684,12.0,1.0,0.0
61.0,116.81143,2.0,77.722206,1.0,0.0,0.0
30.0,35.35701,1.0,55.164303,1.0,1.0,0.0
8.0,81.79335,0.0,56.370533,24.0,0.0,0.0
55.0,96.5402,5.0,38.850525,12.0,1.0,0.0
3.0,39.06101,1.0,30.247505,24.0,2.0,0.0
56.0,76.15559,3.0,75.64149,24.0,2.0,0.0
4.0,56.920757,0.0,62.114876,1.0,1.0,0.0
15.0,35.447582,4.0,63.73658,12.0,4.0,0.0
44.0,86.56545,3.0,38.185806,12.0,1.0,0.0
68.0,41.5323,2.0,82.47843,24.0,1.0,0.0
30.0,96.76986,0.0,45.427723,12.0,0.0,1.0
9.0,42.0606,1.0,33.963184,24.0,1.0,0.0
17.0,114.06734,4.0,38.526516,12.0,1.0,0.0
65.0,45.381413,1.0,81.423836,24.0,2.0,0.0
53.0,136.51706,1.0,27.779047,1.0,2.0,0.0
8.0,23.407217,0.0,34.97755,12.0,0.0,0.0
28.0,87.85966,0.0,107.970184,1.0,0.0,0.0
20.0,61.61362,0.0,68.820755,24.0,0.0,0.0
13.0,49.25995,5.0,35.338882,1.0,0.0,0.0
61.0,81.308365,4.0,28.371054,12.0,1.0,1.0
45.0,129.46254,3.0,16.546057,1.0,2.0,1.0
13.0,138.98604,3.0,51.942284,1.0,1.0,0.0
47.0,59.42232,0.0,64.56041,1.0,1.0,0.0
30.0,40.05167,1.0,80.37596,24.0,2.0,0.0
5.0,113.618256,1.0,12.120328,1.0,0.0,0.0
33.0,95.659836,2.0,23.49237,24.0,1.0,1.0
14.0,46.1321,2.0,47.60899,24.0,1.0,0.0
18.0,118.838455,0.0,105.7534,24.0,1.0,0.0
64.0,87.46096,2.0,67.71805,12.0,2.0,0.0
52.0,104.941376,3.0,57.455994,12.0,0.0,0.0
10.0,66.71407,4.0,25.501528,12.0,1.0,0.0
62.0,77.08268,1.0,7.600294,1.0,0.0,0.0
42.0,43.444473,0.0,50.776993,12.0,1.0,1.0
63.0,118.34706,2.0,48.01261,24.0,0.0,0.0
54.0,40.411472,2.0,44.64385,1.0,1.0,0.0
25.0,121.17934,2.0,42.391327,1.0,0.0,0.0
39.0,123.74102,3.0,35.03292,12.0,0.0,0.0
39.0,117.05813,0.0,30.447157,24.0,2.0,0.0
52.0,22.524963,0.0,77.79015,1.0,1.0,0.0
18.0,55.507317,2.0,32.269436,24.0,0.0,1.0
24.0,80.8839,3.0,44.47704,1.0,0.0,0.0
18.0,97.42077,1.0,49.218437,12.0,1.0,1.0
22.0,139.49887,1.0,64.12561,24.0,1.0,1.0
12.0,68.82877,0.0,32.963394,12.0,2.0,0.0
3.0,133.75304,0.0,69.56136,12.0,3.0,0.0
68.0,41.245808,3.0,38.406673,24.0,0.0,0.0
6.0,68.266464,1.0,46.76206,1.0,0.0,1.0
64.0,26.796661,3.0,82.86197,1.0,1.0,0.0
1.0,116.523605,2.0,30.615446,24.0,0.0,1.0
56.0,39.584858,2.0,64.41809,12.0,2.0,1.0
24.0,53.4126,3.0,70.09222,24.0,1.0,0.0
38.0,120.78032,3.0,56.197956,24.0,1.0,1.0
21.0,89.513176,2.0,47.649384,12.0,1.0,1.0
36.0,21.816454,4.0,92.514084,12.0,1.0,0.0
33.0,20.290577,2.0,49.72309,12.0,0.0,1.0
39.0,86.38588,2.0,54.08155,1.0,2.0,0.0
29.0,59.64422,1.0,43.269466,12.0,0.0,0.0
39.0,43.440487,3.0,53.021637,24.0,1.0,0.0
60.0,99.76721,2.0,69.28236,24.0,2.0,0.0
32.0,49.696743,0.0,44.493893,24.0,1.0,0.0
27.0,96.98693,2.0,7.829391,24.0,2.0,0.0
10.0,69.30457,0.0,60.271404,1.0,2.0,0.0
26.0,44.277008,2.0,28.433311,12.0,0.0,0.0
10.0,37.953617,3.0,64.83753,1.0,1.0,0.0
14.0,50.791878,1.0,49.973507,12.0,0.0,0.0
69.0,23.878174,1.0,68.86218,24.0,0.0,0.0
7.0,60.056503,1.0,31.033125,24.0,1.0,0.0
35.0,137.2541,1.0,39.295574,24.0,1.0,0.0
61.0,128.07707,2.0,43.19928,1.0,1.0,0.0
69.0,68.36049,2.0,20.354357,12.0,1.0,1.0
11.0,94.85837,1.0,72.2284,1.0,1.0,0.0
12.0,93.756874,1.0,17.49154,12.0,0.0,0.0
27.0,127.73588,2.0,71.94627,1.0,3.0,0.0
40.0,50.717712,3.0,58.48797,24.0,0.0,0.0
70.0,58.530373,2.0,46.02265,12.0,1.0,0.0
15.0,59.232105,3.0,56.902325,12.0,2.0,0.0
12.0,25.313099,1.0,56.354668,24.0,1.0,0.0
19.0,60.909424,5.0,41.991444,1.0,1.0,1.0
63.0,134.12878,5.0,55.962997,12.0,0.0,0.0
3.0,138.5584,0.0,64.623665,24.0,0.0,0.0
28.0,34.252594,1.0,31.106346,24.0,1.0,0.0
9.0,79.54761,1.0,56.9239,1.0,1.0,0.0
12.0,69.575356,6.0,1.0,12.0,0.0,1.0
67.0,83.6167,2.0,11.408002,12.0,1.0,0.0
1.0,92.11354,2.0,61.29053,1.0,0.0,0.0
24.0,22.633638,0.0,41.643414,1.0,1.0,0.0
66.0,129.49149,2.0,32.931236,12.0,1.0,0.0
44.0,146.57632,1.0,48.93949,1.0,2.0,0.0
6.0,104.94263,1.0,42.080967,12.0,1.0,1.0
34.0,105.85879,1.0,30.227844,1.0,1.0,1.0
70.0,88.63738,5.0,17.219019,1.0,1.0,0.0
29.0,63.455544,0.0,10.63685,24.0,0.0,0.0
39.0,39.36712,1.0,64.77585,1.0,0.0,0.0
39.0,95.92824,2.0,41.55001,1.0,0.0,0.0
48.0,25.842382,2.0,69.39098,1.0,1.0,0.0
14.0,127.18533,2.0,41.346996,1.0,0.0,1.0
61.0,74.71852,0.0,57.0994,12.0,1.0,0.0
72.0,73.91805,0.0,47.491913,24.0,0.0,0.0
11.0,62.53221,0.0,50.888935,12.0,0.0,1.0
59.0,146.016,0.0,51.860737,1.0,1.0,1.0
59.0,42.739204,1.0,41.085865,1.0,1.0,0.0
54.0,39.670017,7.0,25.40757,24.0,1.0,0.0
27.0,41.519096,2.0,65.32263,1.0,2.0,0.0
34.0,105.608574,0.0,81.87093,1.0,1.0,0.0
61.0,148.9464,1.0,83.18431,1.0,1.0,0.0
12.0,50.61177,1.0,38.9346,24.0,1.0,0.0
60.0,137.73026,2.0,35.336586,12.0,0.0,0.0
67.0,56.220154,1.0,38.914352,1.0,1.0,0.0
50.0,104.22699,2.0,46.483253,1.0,0.0,0.0
25.0,25.264864,0.0,48.95078,24.0,0.0,0.0
41.0,84.43502,1.0,30.041431,1.0,3.0,0.0
4.0,105.09409,3.0,20.405283,12.0,0.0,1.0
68.0,89.72157,3.0,50.998848,24.0,2.0,0.0
25.0,50.9186,1.0,1.0,1.0,1.0,1.0
5.0,127.704605,0.0,47.986862,1.0,4.0,1.0
58.0,146.11775,2.0,31.105047,12.0,2.0,0.0
48.0,79.695496,6.0,65.60309,12.0,0.0,0.0
45.0,102.6695,0.0,70.9527,12.0,4.0,0.0
4.0,122.75372,1.0,71.42491,12.0,1.0,1.0
55.0,51.393578,2.0,43.071064,12.0,0.0,0.0
46.0,132.37856,1.0,27.29712,12.0,0.0,0.0
58.0,56.426117,2.0,33.708153,1.0,4.0,1.0
60.0,120.858,1.0,55.752213,1.0,1.0,0.0
16.0,34.5729,1.0,17.08271,1.0,2.0,0.0
16.0,57.490273,2.0,77.87099,12.0,0.0,1.0
67.0,89.37059,2.0,43.387398,1.0,0.0,0.0
39.0,88.239876,2.0,60.003475,12.0,2.0,0.0
32.0,130.55606,1.0,14.371478,12.0,1.0,0.0
21.0,149.49654,4.0,31.48036,24.0,0.0,0.0
47.0,33.93741,3.0,11.886417,12.0,1.0,1.0
55.0,55.280457,4.0,70.42379,12.0,1.0,0.0
1.0,66.48777,3.0,46.795906,1.0,1.0,0.0
40.0,82.25939,1.0,61.426098,24.0,0.0,0.0
72.0,84.20827,1.0,51.268272,12.0,3.0,0.0
21.0,131.30536,2.0,59.3695,24.0,0.0,0.0
21.0,120.17271,2.0,43.251163,24.0,0.0,0.0
64.0,22.450705,1.0,45.92909,1.0,1.0,0.0
5.0,79.15283,2.0,48.16535,24.0,1.0,0.0
29.0,100.3496,1.0,58.112633,12.0,1.0,0.0
33.0,79.851425,1.0,58.64237,12.0,2.0,0.0
58.0,36.983883,3.0,106.22874,12.0,0.0,0.0
10.0,71.67163,2.0,83.63204,1.0,0.0,0.0
32.0,73.51524,1.0,14.424825,24.0,1.0,0.0
11.0,44.40307,2.0,47.13789,1.0,3.0,0.0
57.0,118.31992,2.0,41.882084,12.0,2.0,0.0
46.0,61.78209,0.0,75.60261,1.0,2.0,0.0
36.0,96.568344,0.0,43.68504,1.0,0.0,0.0
29.0,87.04492,2.0,59.285778,12.0,3.0,0.0
12.0,134.06552,4.0,3.2587674,24.0,1.0,1.0
67.0,35.861942,1.0,19.727983,24.0,2.0,0.0
47.0,34.85419,2.0,91.84586,12.0,1.0,0.0
23.0,59.041557,1.0,51.004887,12.0,2.0,0.0
30.0,76.057945,3.0,30.0308,24.0,1.0,1.0
53.0,58.810493,2.0,54.857418,12.0,0.0,0.0
52.0,119.21432,1.0,28.938822,12.0,2.0,0.0
34.0,51.88456,0.0,44.33253,24.0,0.0,0.0
22.0,31.020716,3.0,20.947641,24.0,0.0,0.0
48.0,73.793976,1.0,34.225574,24.0,2.0,0.0
48.0,120.53931,1.0,41.673267,12.0,2.0,0.0
44.0,130.57306,3.0,72.41399,12.0,0.0,1.0
6.0,115.33483,3.0,59.280922,12.0,4.0,1.0
35.0,92.52527,2.0,62.77048,12.0,0.0,0.0
45.0,114.14492,3.0,49.48451,12.0,2.0,1.0
69.0,108.58064,1.0,66.456985,1.0,1.0,0.0
38.0,50.467663,1.0,32.529613,1.0,1.0,1.0
25.0,91.598656,1.0,35.345882,12.0,1.0,1.0
41.0,120.179214,3.0,58.15182,1.0,1.0,1.0
13.0,61.225685,2.0,44.417053,12.0,0.0,0.0
7.0,105.01651,3.0,49.723083,1.0,3.0,1.0
49.0,82.59245,1.0,46.717293,1.0,2.0,0.0
72.0,85.41065,2.0,75.06901,24.0,0.0,0.0
61.0,31.707155,0.0,76.11106,12.0,0.0,0.0
43.0,106.60823,3.0,37.476685,24.0,0.0,0.0
3.0,132.53932,1.0,14.802613,1.0,1.0,1.0
72.0,38.386066,1.0,35.77006,1.0,1.0,0.0
33.0,67.593735,2.0,32.0608,1.0,1.0,1.0
21.0,26.326769,4.0,66.634964,1.0,1.0,0.0
65.0,23.852144,0.0,68.40995,1.0,0.0,0.0
54.0,148.65561,4.0,29.378517,12.0,1.0,0.0
54.0,84.1513,1.0,34.909904,1.0,1.0,0.0
20.0,66.217476,2.0,20.419779,24.0,0.0,0.0
72.0,55.73402,4.0,52.68757,12.0,0.0,0.0
33.0,147.40164,3.0,49.101673,1.0,1.0,1.0
39.0,52.792603,2.0,65.78243,24.0,1.0,0.0
55.0,114.342094,4.0,59.942627,12.0,1.0,1.0
48.0,56.888554,1.0,62.20406,1.0,1.0,1.0
13.0,29.163635,2.0,19.15996,12.0,1.0,0.0
22.0,108.82596,2.0,37.47348,12.0,0.0,0.0
27.0,20.21201,3.0,68.97794,12.0,0.0,0.0
69.0,107.847305,0.0,39.228477,24.0,0.0,0.0
52.0,52.548958,1.0,17.448683,1.0,3.0,0.0
27.0,116.99355,1.0,66.15979,12.0,0.0,0.0
53.0,120.06752,0.0,38.4547,24.0,1.0,0.0
54.0,114.13394,2.0,71.25274,12.0,0.0,1.0
29.0,23.182848,5.0,49.631706,24.0,1.0,0.0
30.0,111.48576,0.0,44.455612,24.0,4.0,0.0
65.0,148.71893,1.0,77.26382,12.0,3.0,0.0
41.0,51.541298,5.0,23.946888,12.0,3.0,1.0
11.0,55.651016,2.0,78.684425,12.0,2.0,0.0
52.0,125.75845,2.0,37.21288,1.0,1.0,1.0
43.0,40.851585,2.0,53.2474,12.0,1.0,0.0
37.0,105.87588,2.0,53.436405,1.0,1.0,0.0
53.0,118.15343,2.0,41.457603,12.0,2.0,0.0
66.0,24.830887,0.0,34.757748,12.0,1.0,0.0
24.0,91.989075,2.0,42.603558,24.0,0.0,0.0
31.0,94.864044,2.0,29.708746,1.0,0.0,1.0
14.0,59.44758,1.0,89.23921,12.0,0.0,0.0
47.0,133.9248,2.0,40.37738,1.0,3.0,0.0
29.0,41.157463,1.0,73.17895,12.0,1.0,0.0
25.0,67.345314,1.0,70.54346,1.0,1.0,1.0
51.0,130.32693,3.0,57.258595,12.0,0.0,1.0
30.0,44.783558,3.0,47.28642,12.0,2.0,0.0
34.0,126.77864,3.0,53.875637,1.0,2.0,0.0
32.0,30.278994,4.0,61.443394,12.0,0.0,0.0
19.0,83.59978,1.0,52.00937,1.0,1.0,0.0
10.0,29.792986,3.0,18.66502,1.0,2.0,1.0
60.0,108.127464,0.0,13.633774,24.0,0.0,0.0
7.0,122.77819,1.0,80.17976,1.0,1.0,1.0
24.0,130.48161,0.0,1.0,1.0,0.0,0.0
49.0,147.56409,2.0,53.913704,24.0,1.0,1.0
10.0,107.362045,2.0,45.300438,1.0,1.0,1.0
48.0,119.97805,1.0,53.216022,1.0,0.0,0.0
53.0,85.74857,1.0,27.200665,12.0,1.0,0.0
48.0,138.65579,1.0,57.01355,12.0,1.0,1.0
22.0,103.68859,1.0,54.120327,12.0,2.0,0.0
2.0,134.86168,1.0,105.22024,12.0,0.0,0.0
64.0,50.60876,0.0,52.5996,24.0,0.0,0.0
24.0,84.57591,2.0,76.9647,1.0,2.0,1.0
58.0,114.87646,1.0,20.026287,12.0,0.0,0.0
15.0,46.35383,1.0,70.40191,24.0,1.0,0.0
12.0,47.474174,2.0,54.525467,1.0,1.0,1.0
57.0,147.14555,1.0,55.394775,24.0,0.0,0.0
68.0,76.499344,3.0,55.67137,24.0,2.0,0.0
62.0,43.63601,2.0,84.12676,24.0,0.0,0.0
55.0,63.090305,0.0,55.10209,1.0,2.0,0.0
18.0,71.6589,1.0,34.31756,12.0,0.0,0.0
66.0,101.00108,5.0,37.68124,24.0,1.0,0.0
49.0,139.99191,0.0,66.34255,1.0,0.0,0.0
13.0,148.25671,3.0,58.94911,12.0,1.0,0.0
10.0,104.72084,4.0,19.390526,1.0,0.0,0.0
63.0,110.98991,4.0,60.292835,1.0,1.0,0.0
20.0,61.83779,4.0,28.353153,24.0,0.0,0.0
56.0,131.43062,1.0,58.76516,24.0,1.0,0.0
10.0,48.31378,3.0,33.88892,1.0,0.0,0.0
21.0,33.829483,3.0,44.370365,1.0,3.0,0.0
21.0,146.52328,1.0,39.103832,12.0,2.0,0.0
21.0,132.33803,2.0,80.37826,1.0,0.0,0.0
49.0,59.47387,2.0,58.036957,12.0,1.0,0.0
66.0,107.772194,2.0,75.22226,12.0,1.0,0.0
66.0,80.71239,2.0,107.90425,12.0,1.0,0.0
54.0,62.006668,3.0,50.936108,24.0,3.0,0.0
15.0,57.280647,2.0,80.0398,1.0,1.0,0.0
70.0,37.683567,4.0,36.010887,1.0,0.0,0.0
40.0,91.411354,3.0,75.097565,24.0,1.0,0.0
40.0,78.05757,1.0,33.849823,1.0,0.0,0.0
51.0,86.584236,2.0,49.6317,1.0,0.0,0.0
56.0,47.996433,2.0,60.737553,12.0,0.0,0.0
69.0,142.0194,0.0,63.884624,1.0,2.0,0.0
42.0,103.01685,1.0,24.548967,12.0,2.0,0.0
44.0,136.94809,3.0,32.65956,24.0,1.0,0.0
54.0,34.20525,2.0,62.229,1.0,2.0,0.0
19.0,100.97063,0.0,42.645668,12.0,2.0,0.0
23.0,130.43004,3.0,22.05303,1.0,1.0,1.0
46.0,63.019703,5.0,48.580463,12.0,0.0,0.0
5.0,45.36861,5.0,47.62057,1.0,1.0,1.0
24.0,54.45277,1.0,53.5383,24.0,3.0,0.0
52.0,55.481384,3.0,60.584827,1.0,2.0,0.0
71.0,78.135864,0.0,59.313026,24.0,0.0,0.0
38.0,62.375267,1.0,34.63654,24.0,2.0,0.0
29.0,55.26563,5.0,41.783432,24.0,1.0,0.0
32.0,104.3066,2.0,68.55577,12.0,0.0,0.0
50.0,26.894209,4.0,39.136303,1.0,0.0,0.0
40.0,64.24729,3.0,42.09816,12.0,1.0,0.0
2.0,109.667755,2.0,19.914618,1.0,1.0,0.0
39.0,42.860466,1.0,49.42639,1.0,0.0,0.0
29.0,48.720623,3.0,56.90541,12.0,1.0,0.0
51.0,46.086662,4.0,10.490135,12.0,2.0,0.0
64.0,20.120394,1.0,28.594992,12.0,1.0,0.0
70.0,81.589806,2.0,21.565445,24.0,0.0,0.0
44.0,25.064642,3.0,65.767044,12.0,1.0,1.0
27.0,55.482174,2.0,11.7529745,12.0,1.0,0.0
32.0,149.32445,1.0,48.426308,12.0,2.0,1.0
13.0,139.39151,3.0,64.35725,12.0,1.0,0.0
68.0,47.959854,2.0,53.75643,12.0,1.0,0.0
62.0,60.300316,4.0,41.20083,1.0,1.0,0.0
62.0,80.28159,4.0,56.929367,12.0,1.0,0.0
24.0,129.77376,2.0,70.73946,12.0,2.0,0.0
24.0,124.34397,2.0,47.847767,1.0,1.0,1.0
62.0,36.41139,3.0,5.2212553,1.0,0.0,0.0
40.0,36.17835,3.0,72.95466,1.0,0.0,0.0
51.0,74.17519,2.0,58.005295,1.0,0.0,0.0
36.0,133.1124,1.0,49.338474,1.0,0.0,0.0
32.0,134.67105,2.0,10.392563,24.0,1.0,1.0
46.0,33.95756,3.0,44.03383,12.0,0.0,0.0
59.0,94.658646,4.0,32.490456,1.0,1.0,1.0
25.0,40.237774,1.0,25.674416,24.0,0.0,0.0
59.0,109.19681,4.0,47.27101,12.0,5.0,0.0
18.0,139.13632,3.0,39.280663,1.0,1.0,0.0
30.0,79.12001,4.0,40.598022,24.0,0.0,0.0
66.0,30.80076,2.0,64.79253,24.0,2.0,0.0
69.0,95.30305,2.0,55.111443,12.0,0.0,0.0
67.0,73.10717,8.0,40.089703,1.0,2.0,1.0
23.0,125.41684,2.0,37.552376,24.0,0.0,0.0
61.0,64.24478,3.0,40.90283,1.0,0.0,1.0
68.0,133.73663,4.0,45.051117,12.0,0.0,0.0
71.0,55.581055,3.0,61.681004,24.0,1.0,0.0
2.0,40.47729,1.0,29.148798,24.0,2.0,0.0
54.0,59.84245,5.0,79.168785,12.0,0.0,0.0
72.0,24.539053,4.0,61.69544,1.0,0.0,0.0
56.0,56.561977,0.0,1.0,1.0,3.0,0.0
17.0,105.81529,3.0,51.706985,24.0,1.0,1.0
55.0,38.496788,0.0,70.814735,12.0,0.0,0.0
8.0,34.477448,2.0,57.774117,24.0,0.0,0.0
35.0,37.210087,1.0,41.75318,1.0,0.0,0.0
46.0,30.081718,1.0,48.778164,24.0,0.0,0.0
33.0,133.7026,3.0,53.5664,1.0,0.0,1.0
51.0,142.73497,1.0,65.39176,1.0,2.0,0.0
18.0,26.05295,8.0,21.698103,24.0,3.0,1.0
44.0,118.80933,2.0,37.89963,12.0,2.0,0.0
47.0,115.82973,1.0,82.77156,12.0,1.0,0.0
46.0,149.59822,3.0,50.658943,12.0,0.0,0.0
21.0,65.22318,2.0,80.558044,24.0,1.0,0.0
22.0,57.11617,4.0,109.71186,1.0,1.0,1.0
19.0,78.90067,2.0,40.159306,1.0,0.0,0.0
34.0,131.35477,3.0,26.054377,12.0,1.0,1.0
43.0,114.71717,3.0,44.689384,24.0,0.0,1.0
27.0,81.3111,5.0,71.97985,24.0,1.0,0.0
30.0,51.79317,1.0,74.777916,1.0,0.0,1.0
21.0,114.51205,4.0,95.43955,12.0,0.0,0.0
16.0,131.08849,0.0,49.26389,1.0,0.0,1.0
48.0,71.99366,2.0,59.76113,1.0,1.0,0.0
59.0,106.91611,0.0,35.764606,1.0,2.0,1.0
21.0,72.027565,1.0,1.0,1.0,0.0,0.0
62.0,82.20415,2.0,49.206947,1.0,0.0,0.0
42.0,88.23835,6.0,26.924915,1.0,3.0,0.0
13.0,120.84435,2.0,62.867146,1.0,2.0,0.0
27.0,147.07578,1.0,12.372133,24.0,2.0,0.0
1.0,77.7676,2.0,35.21334,1.0,3.0,1.0
3.0,64.50095,1.0,55.353584,24.0,1.0,1.0
25.0,68.56683,1.0,57.447243,24.0,0.0,0.0
33.0,37.40558,2.0,49.051216,12.0,3.0,0.0
58.0,58.602036,0.0,87.3469,12.0,1.0,0.0
10.0,31.238163,1.0,81.389275,1.0,3.0,0.0
61.0,75.62625,4.0,36.31345,1.0,1.0,0.0
17.0,41.756447,2.0,82.188194,12.0,1.0,0.0
10.0,65.032875,2.0,85.244026,12.0,0.0,0.0
51.0,123.16511,4.0,47.521954,12.0,1.0,0.0
56.0,51.970596,2.0,50.908062,24.0,1.0,0.0
44.0,99.5463,4.0,48.98557,12.0,0.0,0.0
9.0,137.15358,1.0,37.100014,12.0,0.0,0.0
9.0,93.7008,1.0,39.086647,1.0,0.0,0.0
29.0,45.19304,2.0,76.38645,24.0,0.0,0.0
33.0,64.8196,1.0,58.747524,24.0,1.0,0.0
72.0,96.74799,3.0,38.91621,12.0,1.0,0.0
21.0,85.85945,3.0,31.480078,24.0,2.0,1.0
14.0,39.32058,5.0,34.83779,12.0,1.0,0.0
69.0,78.08353,3.0,46.722897,1.0,0.0,0.0
12.0,90.59867,1.0,68.2634,24.0,0.0,0.0
2.0,54.753254,4.0,32.798378,12.0,1.0,0.0
31.0,99.61792,3.0,68.03405,12.0,1.0,0.0
29.0,29.120813,1.0,53.939137,12.0,1.0,1.0
45.0,63.758915,6.0,52.85684,12.0,2.0,0.0
64.0,124.555984,3.0,70.51592,1.0,1.0,0.0
68.0,53.707024,3.0,66.86717,12.0,3.0,0.0
21.0,98.67299,3.0,21.909641,1.0,3.0,1.0
71.0,73.30386,1.0,28.319727,1.0,2.0,0.0
46.0,61.13982,3.0,45.40967,1.0,1.0,0.0
6.0,139.09712,0.0,57.119457,1.0,0.0,1.0
68.0,64.62402,3.0,77.29151,24.0,1.0,0.0
10.0,50.767868,2.0,51.30135,1.0,0.0,0.0
43.0,138.20917,3.0,84.07393,1.0,2.0,1.0
57.0,116.97276,5.0,35.86649,24.0,0.0,0.0
18.0,108.633965,3.0,39.24843,24.0,0.0,0.0
20.0,26.439543,4.0,43.88635,12.0,0.0,0.0
35.0,37.056644,2.0,33.65545,24.0,2.0,0.0
64.0,102.98419,2.0,73.18809,12.0,2.0,0.0
17.0,47.22627,0.0,1.0,12.0,3.0,0.0
48.0,49.33294,1.0,39.928623,12.0,1.0,0.0
33.0,121.28801,4.0,72.96414,1.0,2.0,0.0
9.0,57.170242,2.0,43.75363,12.0,1.0,1.0
52.0,29.306349,3.0,71.45773,24.0,2.0,0.0
60.0,24.736153,2.0,93.95368,12.0,2.0,0.0
42.0,77.61314,3.0,51.607693,24.0,0.0,0.0
13.0,100.226715,1.0,73.378685,12.0,2.0,0.0
12.0,132.95508,3.0,98.38275,12.0,0.0,0.0
31.0,34.40457,0.0,58.041813,1.0,1.0,0.0
37.0,45.567467,0.0,49.038734,1.0,3.0,0.0
40.0,88.87408,2.0,68.04931,12.0,0.0,1.0
18.0,67.33408,3.0,73.68433,1.0,1.0,0.0
37.0,82.729866,2.0,49.223694,24.0,0.0,0.0
22.0,140.1362,1.0,40.323128,1.0,1.0,0.0
50.0,90.835915,2.0,84.34791,1.0,0.0,0.0
58.0,73.96568,3.0,44.58771,12.0,0.0,0.0
47.0,148.62718,1.0,73.87457,1.0,0.0,0.0
1.0,28.478037,0.0,55.257347,12.0,1.0,0.0
72.0,141.17474,5.0,86.53931,1.0,3.0,1.0
2.0,85.21604,6.0,33.01908,1.0,1.0,1.0
72.0,85.48833,1.0,32.980392,12.0,0.0,0.0
3.0,139.85536,2.0,67.08973,1.0,2.0,0.0
38.0,85.95212,3.0,27.393213,12.0,3.0,1.0
8.0,76.99292,1.0,52.33257,1.0,1.0,1.0
7.0,55.423515,1.0,80.968185,12.0,0.0,0.0
50.0,105.64618,4.0,14.303357,12.0,0.0,1.0
53.0,94.05386,1.0,58.042786,1.0,0.0,0.0
9.0,47.864906,1.0,74.23491,12.0,2.0,0.0
71.0,112.22368,4.0,49.481846,12.0,0.0,1.0
24.0,103.73129,2.0,31.458143,24.0,3.0,1.0
23.0,71.653404,3.0,44.74784,24.0,0.0,0.0
22.0,20.57212,2.0,33.229603,12.0,3.0,1.0
34.0,78.05555,1.0,51.383163,1.0,0.0,0.0
13.0,20.787556,4.0,44.46589,24.0,1.0,0.0
31.0,29.749804,3.0,39.73479,12.0,1.0,0.0
16.0,75.97929,2.0,59.32295,24.0,1.0,0.0
4.0,30.649586,2.0,81.58231,12.0,1.0,0.0
27.0,55.836506,1.0,56.55642,1.0,3.0,0.0
49.0,105.213875,0.0,76.873314,24.0,0.0,0.0
55.0,60.119995,0.0,81.5765,24.0,2.0,0.0
26.0,149.69432,0.0,38.267193,1.0,0.0,0.0
24.0,139.11926,2.0,55.49717,12.0,0.0,0.0
57.0,96.09029,2.0,41.501045,12.0,1.0,0.0
50.0,145.70312,2.0,20.356724,12.0,0.0,0.0
60.0,132.84225,1.0,57.11522,24.0,0.0,0.0
66.0,61.456806,3.0,28.957008,1.0,1.0,0.0
60.0,117.44751,2.0,59.686066,1.0,0.0,0.0
68.0,37.78813,2.0,18.882439,1.0,1.0,1.0
30.0,108.991684,1.0,53.41986,24.0,0.0,0.0
29.0,83.84064,1.0,18.58534,1.0,0.0,0.0
24.0,22.187372,2.0,63.477295,12.0,0.0,0.0
17.0,55.649876,6.0,42.132397,24.0,0.0,0.0
54.0,144.19969,2.0,40.20414,24.0,0.0,0.0
52.0,61.058094,1.0,72.5301,1.0,0.0,0.0
58.0,43.58908,3.0,43.568596,1.0,2.0,0.0
13.0,44.37909,3.0,52.217052,24.0,1.0,1.0
36.0,82.29772,0.0,46.027676,12.0,1.0,0.0
16.0,129.5444,3.0,60.14785,1.0,0.0,1.0
65.0,118.54023,0.0,70.8589,1.0,1.0,0.0
20.0,76.790764,2.0,66.71271,24.0,0.0,0.0
11.0,47.134495,3.0,40.66663,24.0,0.0,0.0
42.0,25.988438,0.0,74.18094,12.0,1.0,0.0
64.0,80.141945,2.0,31.672974,1.0,0.0,0.0
66.0,125.92079,5.0,35.15036,12.0,1.0,0.0
7.0,114.85866,3.0,47.443985,1.0,0.0,0.0
24.0,73.1181,0.0,70.93601,24.0,1.0,0.0
12.0,97.31135,0.0,26.596972,1.0,1.0,0.0
23.0,76.71205,1.0,67.82968,1.0,0.0,0.0
39.0,95.272095,4.0,48.90506,1.0,3.0,1.0
21.0,87.27568,4.0,41.32533,1.0,2.0,1.0
5.0,108.52566,1.0,71.95613,1.0,3.0,0.0
37.0,86.00215,0.0,33.946583,12.0,5.0,0.0
4.0,142.27943,2.0,95.713524,12.0,3.0,0.0
17.0,75.64366,3.0,46.467163,12.0,2.0,1.0
1.0,22.069118,1.0,52.996834,1.0,2.0,0.0
7.0,50.72856,3.0,80.8581,1.0,0.0,0.0
32.0,85.07889,1.0,53.518593,12.0,1.0,0.0
62.0,90.27434,1.0,73.777374,12.0,2.0,0.0
56.0,91.81002,3.0,10.9368305,1.0,1.0,0.0
8.0,112.89177,3.0,41.14806,24.0,3.0,1.0
3.0,55.704258,2.0,57.934677,1.0,2.0,0.0
25.0,106.43748,1.0,71.62839,1.0,3.0,1.0
47.0,111.52419,3.0,65.39393,1.0,1.0,0.0
54.0,73.4665,2.0,63.52064,12.0,1.0,0.0
60.0,72.28198,1.0,71.22115,1.0,0.0,0.0
25.0,43.260223,1.0,59.500393,1.0,1.0,0.0
13.0,73.81836,2.0,7.1363196,12.0,0.0,0.0
2.0,122.28612,1.0,78.84406,1.0,1.0,0.0
11.0,138.16649,3.0,33.2467,1.0,0.0,1.0
5.0,97.169716,0.0,56.2725,12.0,0.0,0.0
62.0,58.918144,4.0,53.620094,12.0,0.0,0.0
20.0,108.69766,2.0,50.946552,1.0,0.0,1.0
60.0,116.21901,2.0,27.879187,1.0,1.0,1.0
40.0,63.18766,4.0,11.226134,1.0,1.0,0.0
39.0,127.451225,3.0,29.952421,24.0,3.0,1.0
33.0,29.580458,1.0,66.524765,24.0,0.0,0.0
59.0,21.397984,5.0,21.067562,1.0,1.0,0.0
4.0,35.986202,0.0,32.394382,24.0,2.0,0.0
7.0,40.281086,6.0,58.36093,12.0,1.0,1.0
31.0,134.26077,2.0,29.451506,1.0,2.0,1.0
29.0,75.24762,0.0,39.139038,24.0,1.0,0.0
40.0,55.74112,2.0,51.63643,12.0,1.0,0.0
54.0,75.77976,3.0,55.652855,12.0,1.0,0.0
43.0,71.329315,3.0,29.055481,12.0,2.0,0.0
19.0,59.190018,1.0,52.81886,24.0,3.0,0.0
24.0,37.926945,3.0,57.977097,1.0,1.0,0.0
55.0,105.26901,6.0,24.53599,1.0,1.0,0.0
15.0,37.75857,1.0,54.29686,12.0,0.0,0.0
37.0,120.805176,2.0,35.668335,24.0,2.0,0.0
39.0,46.21944,0.0,52.478302,1.0,0.0,0.0
55.0,115.07827,0.0,64.46158,1.0,0.0,0.0
52.0,124.7262,1.0,46.47482,12.0,1.0,0.0
34.0,36.29238,4.0,68.26831,1.0,2.0,0.0
23.0,31.276949,1.0,65.81628,12.0,1.0,0.0
27.0,143.44446,4.0,68.1566,1.0,0.0,1.0
30.0,80.19608,3.0,58.0622,24.0,2.0,0.0
16.0,101.93061,3.0,72.015335,12.0,2.0,0.0
46.0,23.023857,1.0,57.701904,12.0,0.0,0.0
16.0,56.232323,1.0,16.654793,24.0,1.0,0.0
47.0,85.7017,1.0,34.15859,1.0,1.0,0.0
55.0,135.20837,0.0,45.77486,12.0,2.0,0.0
70.0,55.287125,2.0,48.25554,12.0,0.0,0.0
9.0,120.77487,3.0,57.154774,1.0,1.0,1.0
55.0,106.08768,2.0,33.860962,1.0,0.0,1.0
7.0,34.9852,5.0,90.17417,12.0,1.0,0.0
25.0,58.13877,1.0,47.950832,12.0,0.0,0.0
13.0,50.922325,2.0,49.846245,12.0,1.0,0.0
12.0,77.52859,6.0,36.58502,1.0,2.0,0.0
13.0,102.59345,3.0,29.932465,1.0,3.0,1.0
4.0,76.34457,1.0,47.473938,24.0,1.0,0.0
60.0,51.789753,2.0,50.551014,1.0,2.0,0.0
5.0,110.46424,2.0,48.261917,24.0,1.0,0.0
29.0,95.98124,1.0,83.10312,12.0,1.0,0.0
51.0,87.51081,4.0,47.473812,12.0,0.0,0.0
72.0,92.07455,4.0,48.281414,1.0,0.0,0.0
62.0,48.847084,0.0,66.30591,24.0,2.0,0.0
10.0,108.45604,2.0,46.578682,24.0,1.0,0.0
72.0,70.37507,3.0,60.78678,12.0,0.0,0.0
48.0,67.25082,5.0,24.419106,12.0,0.0,0.0
13.0,39.465446,4.0,24.57711,12.0,1.0,1.0
33.0,97.58885,1.0,52.44117,1.0,0.0,0.0
67.0,98.346375,2.0,45.36765,24.0,0.0,0.0
29.0,64.23908,0.0,33.819504,1.0,1.0,0.0
14.0,131.7805,2.0,52.437035,12.0,1.0,1.0
64.0,129.90953,2.0,54.182003,1.0,0.0,0.0
69.0,34.17706,2.0,35.802063,24.0,0.0,0.0
71.0,110.35499,1.0,39.624084,12.0,2.0,0.0
69.0,71.19852,1.0,54.332333,12.0,3.0,0.0
63.0,149.96294,1.0,29.57843,1.0,2.0,0.0
33.0,49.25307,1.0,37.919342,1.0,1.0,0.0
14.0,56.468147,2.0,60.678703,1.0,1.0,0.0
45.0,77.473816,2.0,49.52328,24.0,1.0,1.0
16.0,54.93297,5.0,40.455944,1.0,1.0,1.0
35.0,109.95914,2.0,31.938614,24.0,2.0,0.0
48.0,82.51805,3.0,29.735773,1.0,0.0,0.0
69.0,48.71425,2.0,47.36489,24.0,1.0,0.0
21.0,85.82863,1.0,90.51625,12.0,0.0,0.0
19.0,135.5424,4.0,61.31573,24.0,0.0,0.0
53.0,123.01144,1.0,23.342714,12.0,0.0,0.0
1.0,84.84776,1.0,64.144325,24.0,0.0,0.0
41.0,57.50404,1.0,34.82227,12.0,1.0,0.0
54.0,43.38524,2.0,49.90285,1.0,1.0,0.0
40.0,134.18977,2.0,38.22279,24.0,2.0,1.0
28.0,112.3217,1.0,90.45509,12.0,1.0,0.0
60.0,94.38123,2.0,27.317842,1.0,0.0,1.0
27.0,134.3265,2.0,56.272243,1.0,1.0,0.0
52.0,35.819736,2.0,36.293526,12.0,0.0,0.0
34.0,108.72361,2.0,64.77656,24.0,1.0,0.0
2.0,48.1726,3.0,55.869076,24.0,3.0,1.0
39.0,35.675068,1.0,75.09105,1.0,1.0,0.0
4.0,80.529106,3.0,64.36236,12.0,1.0,0.0
68.0,70.361084,3.0,36.129322,1.0,1.0,1.0
44.0,142.35257,4.0,108.32405,1.0,0.0,1.0
27.0,62.11734,3.0,61.108524,24.0,0.0,0.0
36.0,125.937294,1.0,38.98676,1.0,1.0,0.0
45.0,117.34751,5.0,54.11081,1.0,1.0,0.0
19.0,106.8301,2.0,62.616673,1.0,3.0,1.0
21.0,139.65207,1.0,61.85589,1.0,0.0,0.0
31.0,73.0302,2.0,59.920563,1.0,0.0,0.0
19.0,70.65726,1.0,69.32964,1.0,2.0,0.0
55.0,40.923164,1.0,67.36342,12.0,1.0,0.0
8.0,55.84907,2.0,33.048676,24.0,3.0,0.0
60.0,134.37094,1.0,92.16108,1.0,1.0,0.0
26.0,81.66968,3.0,89.377754,24.0,1.0,0.0
41.0,64.37593,4.0,66.019295,12.0,0.0,0.0
12.0,48.094566,4.0,50.773933,1.0,1.0,0.0
28.0,83.04483,5.0,51.117718,1.0,0.0,0.0
55.0,113.1665,1.0,43.52471,1.0,1.0,0.0
20.0,57.269962,2.0,46.112316,24.0,2.0,0.0
10.0,118.50315,2.0,6.264312,12.0,0.0,0.0
38.0,101.87241,3.0,80.60527,1.0,0.0,0.0
12.0,122.38313,1.0,73.54907,1.0,2.0,1.0
23.0,52.61825,3.0,16.466265,1.0,1.0,0.0
33.0,102.03366,0.0,67.79976,12.0,0.0,0.0
41.0,39.985588,4.0,49.845707,1.0,0.0,0.0
47.0,67.29361,0.0,46.019077,12.0,2.0,0.0
49.0,114.16681,3.0,59.85683,12.0,2.0,0.0
61.0,102.11689,2.0,15.144257,12.0,2.0,0.0
5.0,44.421894,3.0,49.775017,1.0,0.0,0.0
27.0,131.58455,3.0,51.589622,12.0,0.0,0.0
1.0,26.935627,2.0,51.60898,12.0,0.0,0.0
1.0,97.37804,0.0,22.650211,24.0,2.0,1.0
16.0,147.89667,0.0,58.93832,12.0,1.0,1.0
44.0,89.09561,2.0,71.1963,12.0,1.0,0.0
65.0,124.08733,0.0,58.14663,1.0,0.0,0.0
56.0,97.37353,1.0,45.41624,12.0,0.0,0.0
47.0,121.80148,1.0,103.780815,12.0,1.0,0.0
57.0,105.227234,1.0,31.508505,12.0,2.0,0.0
13.0,109.84716,3.0,65.469025,12.0,2.0,1.0
61.0,49.615448,2.0,54.865475,24.0,0.0,0.0
65.0,116.43672,1.0,90.24626,24.0,0.0,0.0
7.0,50.928284,2.0,57.734997,1.0,1.0,0.0
34.0,147.48323,1.0,62.023106,1.0,1.0,0.0
60.0,49.612335,0.0,60.114338,24.0,4.0,0.0
35.0,50.76892,1.0,28.83355,12.0,0.0,0.0
61.0,131.6275,2.0,32.62239,24.0,2.0,0.0
68.0,51.58816,5.0,44.48664,12.0,1.0,0.0
35.0,66.917366,1.0,69.14766,24.0,0.0,0.0
5.0,112.90322,1.0,54.661934,1.0,2.0,0.0
25.0,40.637314,1.0,45.865303,12.0,1.0,0.0
16.0,40.67933,0.0,77.44399,12.0,2.0,0.0
35.0,83.22659,5.0,10.351405,1.0,3.0,0.0
43.0,51.680576,2.0,24.083597,1.0,0.0,0.0
34.0,50.635532,3.0,1.0,1.0,1.0,1.0
15.0,21.20106,0.0,74.16621,1.0,0.0,0.0
22.0,68.15845,0.0,48.065475,24.0,0.0,0.0
49.0,61.372574,3.0,69.325836,24.0,1.0,0.0
2.0,24.050255,1.0,47.814835,24.0,0.0,0.0
16.0,100.760315,2.0,70.46368,24.0,1.0,0.0
65.0,101.46517,2.0,47.464954,24.0,0.0,0.0
8.0,29.204062,2.0,58.198227,24.0,0.0,0.0
30.0,61.215405,0.0,55.27027,1.0,0.0,0.0
15.0,133.46472,2.0,56.754147,1.0,0.0,0.0
8.0,95.68172,4.0,83.69475,24.0,0.0,0.0
31.0,73.55672,1.0,17.511509,12.0,1.0,0.0
38.0,80.46325,3.0,48.63233,12.0,0.0,0.0
13.0,47.0764,1.0,53.959743,12.0,2.0,0.0
6.0,125.54459,2.0,50.96574,1.0,3.0,1.0
10.0,138.82062,1.0,42.042297,1.0,0.0,0.0
47.0,138.38632,1.0,39.305676,12.0,1.0,0.0
62.0,49.11147,2.0,80.600296,12.0,2.0,0.0
13.0,60.396236,2.0,48.58558,1.0,4.0,0.0
24.0,40.880962,2.0,98.758934,12.0,1.0,0.0
25.0,59.936146,3.0,60.5655,12.0,0.0,0.0
26.0,63.264698,2.0,44.20689,12.0,3.0,0.0
18.0,102.30375,2.0,61.053577,12.0,1.0,0.0
4.0,44.65403,2.0,52.178658,12.0,2.0,1.0
38.0,139.5216,1.0,76.83999,24.0,2.0,0.0
26.0,33.40293,0.0,26.645554,12.0,1.0,0.0
25.0,20.894142,4.0,13.97628,24.0,2.0,0.0
20.0,131.14287,6.0,57.21962,24.0,0.0,1.0
67.0,111.490074,4.0,66.71392,24.0,1.0,1.0
44.0,66.196785,0.0,55.71811,24.0,2.0,0.0
31.0,97.41496,6.0,63.449505,12.0,1.0,1.0
15.0,49.060734,3.0,60.508736,12.0,1.0,1.0
58.0,41.890656,1.0,20.391996,12.0,0.0,0.0
64.0,81.24939,3.0,55.624794,1.0,0.0,0.0
3.0,65.91442,2.0,76.33562,1.0,1.0,0.0
67.0,99.979904,0.0,53.43534,1.0,1.0,0.0
51.0,48.359394,2.0,23.800837,12.0,1.0,0.0
8.0,106.1806,1.0,43.322857,1.0,1.0,0.0
55.0,119.692,3.0,61.135136,12.0,2.0,1.0
8.0,41.662697,3.0,85.912605,1.0,1.0,1.0
4.0,25.701576,3.0,10.873078,1.0,0.0,0.0
9.0,77.14636,5.0,57.224644,12.0,2.0,0.0
34.0,120.62313,2.0,31.355848,24.0,1.0,0.0
45.0,104.60138,4.0,60.15454,1.0,0.0,1.0
30.0,111.24462,2.0,61.756626,24.0,1.0,0.0
9.0,72.36912,1.0,45.337055,1.0,1.0,0.0
15.0,50.54292,2.0,62.631985,12.0,1.0,0.0
62.0,89.13125,1.0,72.79791,1.0,2.0,0.0
70.0,46.56754,3.0,46.708565,1.0,2.0,1.0
55.0,114.40973,5.0,23.256794,1.0,0.0,0.0
8.0,45.60564,6.0,78.51146,1.0,1.0,1.0
60.0,57.864223,3.0,66.5739,12.0,0.0,0.0
50.0,85.85082,4.0,61.275127,12.0,2.0,0.0
38.0,83.27229,1.0,36.180668,1.0,1.0,0.0
11.0,98.11042,2.0,69.70872,24.0,3.0,1.0
72.0,76.8678,4.0,90.84851,12.0,0.0,0.0
32.0,139.53152,0.0,47.57379,1.0,1.0,0.0
4.0,129.19144,2.0,51.889854,12.0,0.0,1.0
16.0,134.28474,3.0,28.696186,1.0,0.0,0.0
29.0,101.83715,2.0,35.60916,24.0,3.0,0.0
5.0,102.551025,2.0,28.508612,12.0,2.0,0.0
24.0,99.19583,6.0,52.61645,1.0,2.0,1.0
34.0,76.53494,3.0,43.18442,1.0,2.0,0.0
69.0,61.87378,2.0,57.456005,1.0,2.0,0.0
7.0,96.96037,1.0,32.161983,12.0,0.0,1.0
42.0,23.31914,2.0,46.64887,12.0,3.0,0.0
66.0,20.969336,2.0,30.929276,24.0,3.0,0.0
59.0,130.71344,1.0,53.75143,1.0,1.0,0.0
67.0,26.035126,3.0,17.353514,1.0,1.0,1.0
13.0,88.223366,1.0,53.031567,1.0,5.0,0.0
58.0,99.94841,4.0,44.425396,1.0,0.0,1.0
71.0,45.76226,1.0,53.61928,12.0,1.0,0.0
24.0,136.445,1.0,16.954666,24.0,1.0,1.0
36.0,44.712452,3.0,63.094315,12.0,1.0,0.0
39.0,134.98695,0.0,44.025143,1.0,2.0,1.0
36.0,119.188736,2.0,54.342255,24.0,0.0,0.0
21.0,51.296585,2.0,12.598515,24.0,1.0,0.0
70.0,39.59674,2.0,25.145334,1.0,3.0,1.0
69.0,61.110252,4.0,42.19692,24.0,2.0,1.0
28.0,71.733574,3.0,77.51,12.0,1.0,0.0
58.0,51.952007,2.0,60.545425,24.0,1.0,0.0
29.0,149.8559,1.0,52.5975,12.0,0.0,0.0
58.0,49.854805,0.0,31.513836,1.0,0.0,0.0
43.0,127.98253,2.0,27.8747,24.0,2.0,0.0
34.0,40.685307,1.0,55.533104,12.0,0.0,0.0
10.0,147.43181,1.0,64.01379,24.0,1.0,0.0
48.0,49.31805,0.0,54.17948,1.0,2.0,0.0
24.0,74.81951,3.0,84.19115,1.0,2.0,0.0
16.0,92.61333,1.0,36.350765,12.0,1.0,0.0
14.0,35.637142,2.0,53.5874,12.0,1.0,0.0
71.0,126.18661,1.0,16.136505,12.0,3.0,1.0
8.0,55.709118,5.0,54.22091,12.0,3.0,1.0
58.0,91.40509,0.0,79.38747,12.0,1.0,0.0
63.0,91.45239,2.0,29.169823,12.0,0.0,1.0
3.0,98.343285,0.0,66.84263,1.0,1.0,0.0
43.0,27.213179,1.0,78.82079,12.0,0.0,0.0
42.0,41.92044,2.0,36.205746,12.0,1.0,0.0
26.0,40.95499,1.0,59.338795,24.0,0.0,0.0
49.0,59.266663,1.0,81.592636,12.0,2.0,0.0
30.0,38.83884,0.0,54.609505,12.0,2.0,0.0
32.0,139.84978,3.0,65.7343,1.0,0.0,1.0
32.0,86.68408,3.0,14.521013,1.0,1.0,0.0
58.0,101.064766,2.0,61.94273,1.0,2.0,0.0
46.0,66.473465,2.0,60.344753,12.0,3.0,0.0
28.0,55.912,3.0,23.47576,24.0,0.0,0.0
67.0,85.41303,1.0,30.713427,24.0,1.0,0.0
58.0,58.261986,3.0,62.080036,12.0,2.0,0.0
68.0,64.67397,1.0,43.945763,12.0,0.0,0.0
53.0,78.85761,1.0,72.23877,12.0,0.0,0.0
29.0,85.74538,3.0,56.21454,12.0,1.0,0.0
56.0,147.96082,1.0,51.129112,12.0,2.0,0.0
24.0,49.031937,4.0,46.59102,12.0,1.0,0.0
20.0,83.436905,2.0,55.85364,12.0,1.0,0.0
33.0,39.436527,5.0,66.05865,24.0,0.0,0.0
70.0,65.4999,0.0,60.677013,12.0,0.0,0.0
41.0,113.2504,1.0,41.539825,1.0,3.0,0.0
28.0,42.68008,2.0,74.78874,12.0,2.0,0.0
34.0,95.57567,0.0,63.153885,24.0,1.0,0.0
21.0,74.171135,1.0,57.704678,1.0,2.0,0.0
48.0,26.705341,1.0,51.833942,24.0,1.0,0.0
26.0,141.29977,3.0,60.00099,24.0,2.0,0.0
40.0,73.76841,1.0,13.366421,12.0,0.0,0.0
27.0,121.910446,1.0,54.826187,1.0,1.0,1.0
24.0,74.12075,0.0,82.80366,1.0,2.0,0.0
70.0,141.85684,0.0,54.399734,1.0,0.0,0.0
25.0,57.761143,2.0,51.669548,1.0,3.0,0.0
6.0,73.58998,3.0,38.082314,24.0,1.0,0.0
28.0,118.65235,4.0,59.854546,24.0,0.0,0.0
39.0,64.67675,3.0,46.09851,1.0,0.0,1.0
7.0,67.36642,2.0,76.186,12.0,1.0,0.0
23.0,149.32701,2.0,32.727608,12.0,0.0,0.0
12.0,92.22989,3.0,40.953903,1.0,1.0,1.0
37.0,109.61946,0.0,37.982437,12.0,0.0,0.0
53.0,103.65009,1.0,86.69158,24.0,1.0,0.0
70.0,127.63014,1.0,46.204685,12.0,0.0,0.0
29.0,132.03726,2.0,39.038452,1.0,0.0,0.0
63.0,93.2233,2.0,8.188109,12.0,2.0,1.0
16.0,58.29229,3.0,31.77256,1.0,0.0,0.0
57.0,22.964033,3.0,60.557697,24.0,0.0,0.0
41.0,99.87242,2.0,60.477516,24.0,2.0,0.0
55.0,127.31095,1.0,36.975937,1.0,1.0,0.0
55.0,78.570175,3.0,38.086884,12.0,0.0,0.0
39.0,41.411797,2.0,87.19742,24.0,0.0,0.0
19.0,57.45067,0.0,103.9276,12.0,0.0,0.0
38.0,86.29856,2.0,72.99545,12.0,2.0,0.0
60.0,128.76855,1.0,81.1856,24.0,0.0,1.0
70.0,42.327908,1.0,85.428505,1.0,0.0,0.0
67.0,99.57948,0.0,94.29143,12.0,1.0,0.0
14.0,117.93792,1.0,43.96144,1.0,0.0,0.0
44.0,141.68617,2.0,32.43464,1.0,0.0,0.0
8.0,35.17148,2.0,86.66979,24.0,2.0,0.0
49.0,140.43091,3.0,30.714119,12.0,1.0,0.0
72.0,98.19078,1.0,29.428078,12.0,2.0,0.0
4.0,119.6712,1.0,29.887306,1.0,1.0,1.0
48.0,26.990713,2.0,47.372074,24.0,0.0,0.0
69.0,85.79926,1.0,10.312483,1.0,2.0,0.0
61.0,100.94186,2.0,21.337812,12.0,0.0,0.0
29.0,59.8884,6.0,37.553223,1.0,0.0,0.0
8.0,76.114525,2.0,26.081493,12.0,0.0,0.0
67.0,92.058754,1.0,71.24824,12.0,0.0,0.0
67.0,91.83123,3.0,50.132965,1.0,0.0,0.0
42.0,25.441998,1.0,61.54044,12.0,3.0,0.0
71.0,77.13263,2.0,59.350605,12.0,0.0,0.0
1.0,47.79636,3.0,45.86454,12.0,1.0,1.0
45.0,139.17036,1.0,69.762634,12.0,1.0,0.0
3.0,146.9554,1.0,59.042957,24.0,2.0,0.0
68.0,58.954098,0.0,43.631996,1.0,1.0,0.0
49.0,42.7741,1.0,16.321802,1.0,0.0,0.0
66.0,48.535538,2.0,60.413166,1.0,2.0,0.0
41.0,82.107796,4.0,24.773932,1.0,0.0,0.0
6.0,133.68573,1.0,57.605663,12.0,0.0,0.0
2.0,85.00471,1.0,51.57777,1.0,4.0,1.0
25.0,27.200968,2.0,22.792616,1.0,2.0,0.0
54.0,25.18513,1.0,55.167942,1.0,2.0,0.0
11.0,49.56082,2.0,53.82639,12.0,0.0,0.0
62.0,129.56027,3.0,53.89895,12.0,0.0,0.0
18.0,100.79247,2.0,52.939938,12.0,0.0,0.0
36.0,93.184525,0.0,36.952236,24.0,1.0,1.0
15.0,61.466045,1.0,61.832184,1.0,0.0,0.0
34.0,140.8253,1.0,36.246883,12.0,1.0,1.0
33.0,63.053173,3.0,28.508183,1.0,0.0,1.0
1.0,128.54277,0.0,63.492676,24.0,0.0,0.0
41.0,136.46745,5.0,68.728615,1.0,2.0,1.0
57.0,82.83355,1.0,62.123962,24.0,0.0,0.0
68.0,136.2576,3.0,45.856102,12.0,1.0,0.0
24.0,55.98443,4.0,11.210686,12.0,1.0,0.0
64.0,105.596344,3.0,79.633804,12.0,0.0,0.0
64.0,31.435287,3.0,10.898051,1.0,0.0,0.0
72.0,81.61145,3.0,61.72123,1.0,1.0,0.0
27.0,48.253136,2.0,92.204735,24.0,1.0,0.0
62.0,28.159225,2.0,52.98933,24.0,0.0,0.0
41.0,20.484316,1.0,55.82466,1.0,2.0,0.0
5.0,62.217773,1.0,57.58642,1.0,3.0,1.0
20.0,96.63898,0.0,53.96335,1.0,3.0,0.0
49.0,79.17995,1.0,97.01227,24.0,0.0,0.0
12.0,59.230007,3.0,33.136703,12.0,3.0,1.0
32.0,148.856,3.0,30.625467,12.0,1.0,0.0
56.0,142.13826,1.0,43.449978,1.0,3.0,0.0
11.0,36.33493,1.0,84.816635,24.0,1.0,0.0
36.0,73.96397,0.0,38.462467,1.0,1.0,0.0
16.0,104.3501,0.0,58.605965,1.0,0.0,0.0
39.0,115.353806,1.0,71.42017,24.0,1.0,0.0
18.0,67.62838,4.0,65.57967,12.0,2.0,1.0
70.0,117.01663,2.0,70.36147,12.0,2.0,0.0
6.0,36.139503,3.0,78.359726,24.0,0.0,0.0
70.0,63.135643,1.0,56.164635,1.0,0.0,0.0
58.0,113.136314,3.0,40.85902,1.0,1.0,0.0
62.0,101.33876,3.0,52.944378,1.0,1.0,1.0
62.0,128.83733,1.0,43.21893,1.0,5.0,1.0
14.0,26.091413,3.0,100.43104,12.0,1.0,0.0
68.0,42.670925,2.0,39.346867,12.0,2.0,0.0
43.0,26.304296,2.0,59.66282,12.0,1.0,0.0
70.0,44.97485,2.0,19.982689,24.0,2.0,0.0
64.0,20.556765,4.0,52.65637,1.0,0.0,0.0
42.0,85.54734,3.0,44.257923,1.0,1.0,0.0
27.0,88.68087,2.0,63.513706,1.0,1.0,1.0
9.0,105.52593,1.0,64.03506,24.0,1.0,1.0
8.0,70.03862,3.0,78.339966,12.0,0.0,0.0
29.0,20.417,1.0,76.75139,24.0,1.0,0.0
59.0,107.60585,2.0,48.6739,24.0,3.0,0.0
37.0,27.057842,3.0,31.112278,24.0,1.0,0.0
35.0,132.60216,3.0,33.457874,24.0,1.0,0.0
18.0,22.945019,2.0,56.05476,12.0,2.0,1.0
41.0,88.96177,0.0,53.155724,24.0,1.0,0.0
46.0,136.33932,1.0,55.15853,12.0,1.0,0.0
71.0,94.423645,6.0,39.297794,1.0,1.0,0.0
53.0,99.09418,1.0,78.74475,1.0,3.0,0.0
44.0,108.60941,2.0,20.546324,24.0,2.0,0.0
66.0,35.91315,2.0,38.190697,1.0,1.0,0.0
31.0,107.740524,1.0,28.457857,24.0,2.0,0.0
68.0,134.44614,2.0,45.820538,24.0,0.0,0.0
27.0,146.64871,2.0,74.93133,1.0,2.0,0.0
10.0,77.59676,2.0,44.244923,1.0,1.0,0.0
31.0,64.78563,1.0,52.029545,1.0,0.0,0.0
10.0,117.93025,2.0,63.28486,12.0,2.0,0.0
9.0,90.573654,3.0,43.293674,12.0,1.0,1.0
64.0,53.449604,0.0,57.652554,1.0,0.0,0.0
58.0,42.380524,3.0,55.015114,12.0,1.0,0.0
16.0,42.12994,2.0,27.383814,12.0,0.0,0.0
61.0,79.693016,2.0,40.71369,1.0,1.0,0.0
5.0,42.116173,1.0,57.091713,1.0,1.0,0.0
21.0,22.563463,1.0,75.64384,1.0,0.0,0.0
51.0,26.771542,2.0,75.625206,24.0,1.0,0.0
22.0,140.885,3.0,91.909744,1.0,2.0,1.0
53.0,29.484974,1.0,59.709145,1.0,2.0,0.0
63.0,29.51349,2.0,41.733707,12.0,0.0,0.0
5.0,78.654495,1.0,48.720955,12.0,1.0,1.0
2.0,51.863037,3.0,47.724705,24.0,1.0,0.0
68.0,145.1502,2.0,41.842396,12.0,0.0,0.0
38.0,138.42816,0.0,57.659107,12.0,2.0,0.0
37.0,72.61662,4.0,58.58977,12.0,2.0,0.0
34.0,78.3351,2.0,26.52485,24.0,2.0,0.0
32.0,68.76478,2.0,71.7634,12.0,3.0,0.0
50.0,24.922596,1.0,13.263927,12.0,2.0,0.0
42.0,58.070087,3.0,45.55036,1.0,2.0,0.0
12.0,35.94755,3.0,72.986305,12.0,0.0,0.0
46.0,33.308144,0.0,62.147827,24.0,2.0,0.0
49.0,92.912,2.0,42.860523,1.0,0.0,1.0
9.0,32.83943,6.0,89.37647,1.0,0.0,1.0
28.0,33.381073,3.0,41.19853,12.0,1.0,1.0
57.0,82.46678,2.0,9.96098,24.0,1.0,0.0
45.0,77.496704,2.0,59.054794,1.0,3.0,1.0
10.0,37.89252,1.0,14.4297285,24.0,1.0,0.0
3.0,20.578373,0.0,33.37103,1.0,1.0,0.0
42.0,45.086678,4.0,62.455006,24.0,2.0,0.0
34.0,50.665993,1.0,40.78285,24.0,1.0,0.0
70.0,124.032295,2.0,61.61219,24.0,1.0,0.0
38.0,139.00699,2.0,26.838013,24.0,2.0,0.0
68.0,72.77277,1.0,67.1696,24.0,2.0,0.0
16.0,72.65347,4.0,16.18107,24.0,1.0,0.0
33.0,112.62257,1.0,76.372635,12.0,0.0,0.0
11.0,101.49986,4.0,40.492874,12.0,0.0,0.0
42.0,43.938225,0.0,80.62317,1.0,1.0,0.0
14.0,33.999584,3.0,33.189754,1.0,2.0,1.0
36.0,76.88955,3.0,88.49531,12.0,0.0,0.0
25.0,93.42769,2.0,30.846777,1.0,1.0,0.0
14.0,38.03199,4.0,14.121026,24.0,1.0,0.0
7.0,58.125553,4.0,50.862064,1.0,0.0,1.0
37.0,59.77259,5.0,74.67978,1.0,1.0,0.0
69.0,53.968765,5.0,65.81577,1.0,0.0,0.0
15.0,79.898964,3.0,73.25942,1.0,0.0,0.0
30.0,104.89827,1.0,66.2104,1.0,0.0,1.0
17.0,86.22069,1.0,33.594643,12.0,1.0,0.0
59.0,46.189354,2.0,65.32834,1.0,0.0,0.0
30.0,33.382076,0.0,51.856678,24.0,1.0,0.0
71.0,126.84316,3.0,35.805374,12.0,0.0,0.0
18.0,82.30961,1.0,53.587082,12.0,0.0,0.0
6.0,28.078094,0.0,48.873486,12.0,2.0,0.0
42.0,53.555794,2.0,78.31985,1.0,1.0,0.0
47.0,124.52439,3.0,39.702454,1.0,4.0,1.0
72.0,117.72442,1.0,38.767647,24.0,1.0,0.0
63.0,133.85616,4.0,36.027225,12.0,0.0,0.0
64.0,98.271416,1.0,87.936966,1.0,0.0,0.0
46.0,74.97777,2.0,37.14627,12.0,0.0,0.0
26.0,75.46255,3.0,75.93677,1.0,0.0,0.0
31.0,45.220005,2.0,29.37225,1.0,1.0,0.0
10.0,104.60387,1.0,60.132477,1.0,1.0,0.0
32.0,96.05894,3.0,55.250187,24.0,1.0,0.0
27.0,40.132374,3.0,74.667366,1.0,0.0,0.0
3.0,135.13618,2.0,71.76758,12.0,1.0,0.0
15.0,67.90086,1.0,51.637802,1.0,1.0,0.0
39.0,26.46604,5.0,39.25848,1.0,2.0,0.0
27.0,62.62452,2.0,82.49923,1.0,1.0,0.0
72.0,133.08138,0.0,37.26105,12.0,1.0,0.0
35.0,139.20436,1.0,4.6455245,24.0,2.0,0.0
70.0,83.75179,3.0,12.828691,24.0,0.0,0.0
48.0,144.32419,3.0,17.698772,1.0,3.0,1.0
3.0,133.78143,3.0,61.91391,1.0,2.0,1.0
15.0,127.27999,3.0,94.28935,1.0,1.0,1.0
51.0,131.76231,2.0,9.200787,24.0,1.0,0.0
40.0,69.64381,4.0,34.348904,12.0,1.0,0.0
22.0,118.340965,1.0,51.780518,24.0,0.0,0.0
38.0,95.05407,5.0,80.91014,1.0,0.0,1.0
66.0,113.55892,0.0,34.24125,12.0,0.0,0.0
28.0,43.112194,2.0,61.815998,12.0,1.0,0.0
4.0,115.08121,3.0,44.998215,12.0,0.0,1.0
23.0,144.48701,2.0,102.143234,12.0,1.0,0.0
68.0,59.346233,3.0,52.890804,1.0,1.0,0.0
55.0,148.20097,4.0,57.113777,12.0,2.0,0.0
61.0,69.18888,2.0,51.68514,24.0,1.0,0.0
66.0,45.964054,1.0,41.70627,1.0,0.0,0.0
9.0,34.59721,2.0,68.997406,12.0,1.0,0.0
21.0,122.04505,1.0,26.819448,24.0,1.0,0.0
5.0,92.127304,7.0,9.960752,12.0,1.0,1.0
1.0,59.927067,1.0,46.99611,12.0,1.0,0.0
61.0,99.09855,4.0,66.31127,1.0,1.0,0.0
68.0,63.173153,1.0,38.38446,24.0,2.0,0.0
12.0,78.28651,2.0,53.729813,24.0,3.0,0.0
52.0,132.14633,3.0,25.586073,24.0,0.0,0.0
39.0,106.86164,1.0,71.253265,1.0,1.0,0.0
5.0,119.112236,1.0,63.038193,24.0,1.0,1.0
66.0,95.854164,4.0,50.394566,1.0,1.0,0.0
63.0,148.88174,1.0,53.374596,12.0,2.0,0.0
41.0,51.38331,3.0,22.128494,1.0,1.0,0.0
51.0,54.09785,3.0,23.022133,1.0,2.0,0.0
29.0,32.03266,2.0,47.560173,12.0,0.0,0.0
58.0,92.02254,1.0,60.274696,12.0,1.0,0.0
33.0,99.7367,1.0,61.287575,24.0,4.0,0.0
72.0,114.37501,5.0,42.74134,1.0,0.0,0.0
5.0,63.60797,1.0,64.90757,24.0,0.0,0.0
13.0,21.593384,1.0,78.41583,12.0,0.0,1.0
70.0,102.18984,2.0,48.22665,1.0,0.0,0.0
21.0,149.83041,3.0,56.19328,1.0,2.0,1.0
23.0,58.291416,2.0,45.84292,24.0,1.0,0.0
57.0,43.91148,2.0,47.473873,24.0,1.0,0.0
14.0,56.629704,0.0,53.391285,1.0,2.0,1.0
37.0,75.30401,1.0,84.065285,12.0,2.0,0.0
21.0,52.61868,2.0,68.30553,12.0,0.0,0.0
15.0,65.104805,1.0,66.503685,12.0,0.0,0.0
70.0,102.96687,4.0,40.925144,12.0,3.0,1.0
15.0,64.85364,0.0,32.036495,24.0,0.0,0.0
7.0,71.48766,4.0,57.79071,1.0,1.0,0.0
49.0,25.204063,2.0,74.87491,1.0,1.0,0.0
63.0,139.33252,0.0,84.46809,1.0,0.0,0.0
10.0,72.89517,2.0,1.0,24.0,1.0,1.0
51.0,62.658657,3.0,98.927765,12.0,2.0,0.0
39.0,31.242945,2.0,58.33974,1.0,3.0,0.0
60.0,102.44382,1.0,68.178604,24.0,1.0,0.0
10.0,132.29724,2.0,15.2011175,12.0,1.0,1.0
71.0,25.349916,1.0,45.261883,1.0,1.0,0.0
45.0,38.88542,2.0,66.456955,1.0,2.0,0.0
61.0,39.030678,1.0,26.505045,24.0,2.0,1.0
27.0,98.29573,1.0,1.0,12.0,1.0,0.0
68.0,139.75996,4.0,56.710106,1.0,4.0,1.0
46.0,76.90989,3.0,49.004345,1.0,1.0,0.0
10.0,64.69484,1.0,78.826744,1.0,0.0,0.0
67.0,119.55929,0.0,46.801632,12.0,1.0,0.0
58.0,116.53398,3.0,48.265625,1.0,2.0,1.0
22.0,52.078297,2.0,63.95355,1.0,3.0,0.0
40.0,40.90743,2.0,70.67041,1.0,0.0,0.0
28.0,66.515305,1.0,35.82503,24.0,0.0,0.0
40.0,120.82844,3.0,68.88998,12.0,2.0,0.0
70.0,110.35824,8.0,39.565323,1.0,0.0,1.0
65.0,106.56098,2.0,50.330433,12.0,2.0,0.0
16.0,127.825714,1.0,63.415394,12.0,0.0,0.0
70.0,56.02694,2.0,66.902725,24.0,2.0,0.0
32.0,64.15888,1.0,56.3663,24.0,1.0,0.0
51.0,25.50413,2.0,28.388893,12.0,0.0,0.0
56.0,132.93695,3.0,12.594906,12.0,0.0,0.0
35.0,95.715866,4.0,46.24088,1.0,0.0,1.0
33.0,58.755898,7.0,69.4257,24.0,0.0,1.0
33.0,29.024149,1.0,58.99395,12.0,1.0,0.0
63.0,114.043236,2.0,54.84066,1.0,1.0,0.0
28.0,117.33588,2.0,49.85947,12.0,0.0,0.0
21.0,106.603226,1.0,56.182037,1.0,0.0,0.0
27.0,46.491528,0.0,30.118177,12.0,0.0,0.0
15.0,138.7181,2.0,65.604034,1.0,2.0,1.0
29.0,117.910545,2.0,66.92613,1.0,1.0,1.0
9.0,105.50832,1.0,42.89469,1.0,1.0,0.0
7.0,104.62271,0.0,58.740154,1.0,0.0,0.0
53.0,137.5665,2.0,15.669011,1.0,1.0,0.0
6.0,140.67993,3.0,53.60096,12.0,1.0,1.0
41.0,97.43286,0.0,47.337494,12.0,1.0,0.0
57.0,74.16702,2.0,75.18466,12.0,2.0,0.0
53.0,67.285416,2.0,46.027145,1.0,0.0,0.0
33.0,126.48025,2.0,67.37329,24.0,1.0,0.0
14.0,103.79869,0.0,42.176548,24.0,1.0,0.0
68.0,30.044584,3.0,4.2779856,12.0,1.0,0.0
61.0,38.48418,1.0,45.489273,12.0,0.0,0.0
45.0,137.02417,2.0,53.935146,24.0,1.0,0.0
7.0,134.98476,7.0,53.01675,12.0,2.0,1.0
3.0,143.73822,1.0,53.31901,1.0,0.0,0.0
23.0,75.62063,5.0,39.870914,12.0,3.0,1.0
12.0,121.92792,1.0,43.525448,1.0,0.0,0.0
62.0,127.66925,3.0,27.473124,24.0,2.0,0.0
15.0,61.040596,1.0,10.067886,12.0,2.0,0.0
21.0,38.8939,2.0,47.87082,24.0,2.0,0.0
71.0,149.61343,3.0,35.09594,1.0,0.0,0.0
59.0,23.928497,2.0,71.59671,12.0,1.0,0.0
16.0,97.65367,1.0,6.3603263,12.0,0.0,1.0
28.0,104.527596,3.0,55.820377,24.0,1.0,0.0
38.0,108.632614,1.0,92.42975,24.0,2.0,0.0
48.0,53.231606,0.0,46.34307,1.0,1.0,0.0
68.0,113.805305,1.0,49.945038,24.0,0.0,0.0
63.0,48.131943,2.0,58.526936,24.0,0.0,0.0
71.0,127.77497,5.0,60.09039,24.0,1.0,0.0
3.0,48.48517,2.0,41.829853,12.0,0.0,0.0
18.0,110.571785,0.0,29.834076,24.0,0.0,0.0
41.0,121.84375,0.0,63.054417,1.0,1.0,0.0
4.0,44.562946,2.0,11.838772,1.0,0.0,1.0
26.0,50.938244,2.0,66.64457,1.0,4.0,1.0
12.0,121.283485,1.0,42.16403,12.0,0.0,1.0
68.0,31.179867,4.0,50.061703,24.0,0.0,0.0
5.0,44.798923,4.0,39.487843,12.0,3.0,0.0
11.0,79.21902,0.0,78.61765,12.0,1.0,1.0
15.0,140.92365,1.0,54.980213,24.0,0.0,0.0
11.0,93.04412,2.0,43.56524,12.0,1.0,1.0
41.0,70.39812,1.0,43.00194,12.0,0.0,0.0
27.0,147.18813,4.0,47.036858,12.0,0.0,1.0
66.0,80.28247,1.0,97.938805,12.0,4.0,0.0
19.0,76.385544,1.0,23.658234,12.0,0.0,1.0
39.0,73.51376,2.0,71.657646,24.0,0.0,0.0
48.0,60.58341,3.0,61.362106,12.0,0.0,0.0
46.0,62.340324,1.0,80.796234,12.0,1.0,0.0
58.0,109.418816,2.0,62.581337,12.0,2.0,0.0
15.0,25.308628,0.0,50.06726,24.0,3.0,0.0
37.0,108.63618,4.0,70.40055,12.0,1.0,0.0
58.0,46.156586,2.0,54.595375,24.0,1.0,0.0
63.0,69.94704,3.0,65.09912,12.0,1.0,0.0
45.0,39.050068,4.0,78.56439,1.0,1.0,0.0
47.0,91.857635,2.0,51.8504,12.0,1.0,0.0
63.0,114.81556,1.0,41.5123,1.0,2.0,0.0
45.0,66.105225,2.0,37.123764,1.0,0.0,0.0
69.0,41.244156,4.0,59.010807,1.0,3.0,0.0
10.0,49.445724,1.0,32.43663,12.0,0.0,0.0
26.0,126.35468,1.0,43.003902,12.0,1.0,0.0
9.0,54.794334,2.0,30.648624,12.0,0.0,1.0
7.0,120.711334,2.0,60.166782,12.0,0.0,0.0
34.0,63.055923,1.0,34.956886,1.0,4.0,1.0
17.0,44.535233,1.0,24.26534,24.0,0.0,0.0
30.0,114.55011,2.0,27.784492,24.0,2.0,0.0
32.0,80.91085,2.0,38.57823,24.0,0.0,0.0
45.0,24.066042,3.0,40.393982,1.0,0.0,0.0
69.0,144.79251,4.0,55.029053,24.0,0.0,0.0
62.0,39.207947,2.0,46.767532,24.0,0.0,0.0
28.0,65.94291,2.0,57.406216,1.0,0.0,1.0
24.0,70.0233,0.0,59.01225,1.0,1.0,0.0
56.0,83.625885,3.0,64.80999,1.0,2.0,1.0
9.0,122.10772,3.0,11.843509,12.0,3.0,1.0
39.0,20.791737,0.0,27.455532,12.0,3.0,0.0
31.0,141.22136,2.0,61.097736,1.0,2.0,1.0
14.0,103.97863,2.0,54.22825,1.0,1.0,1.0
45.0,143.58435,1.0,69.53866,12.0,1.0,1.0
24.0,126.26064,2.0,19.119648,12.0,1.0,0.0
14.0,140.61897,1.0,40.49691,12.0,1.0,0.0
48.0,98.13007,3.0,44.072403,1.0,2.0,0.0
13.0,66.450165,5.0,53.331276,12.0,0.0,0.0
49.0,77.57883,2.0,50.71755,24.0,2.0,0.0
12.0,105.5442,4.0,59.381557,1.0,1.0,0.0
32.0,75.501144,2.0,47.70692,12.0,1.0,0.0
59.0,115.11746,1.0,77.446724,1.0,0.0,0.0
17.0,31.940243,3.0,83.82419,1.0,1.0,0.0
56.0,127.89826,0.0,27.642065,24.0,0.0,0.0
52.0,46.54452,3.0,50.902225,24.0,3.0,0.0
65.0,142.7132,2.0,65.959885,1.0,1.0,0.0
13.0,40.220955,2.0,61.70656,1.0,0.0,0.0
52.0,36.791344,2.0,41.84313,1.0,3.0,0.0
68.0,125.54389,0.0,55.097298,12.0,0.0,0.0
55.0,126.43124,1.0,18.330833,1.0,2.0,0.0
14.0,116.03873,3.0,49.61716,12.0,2.0,1.0
60.0,144.86896,0.0,20.793926,1.0,2.0,0.0
8.0,55.17015,2.0,60.15958,12.0,0.0,0.0
43.0,127.46433,3.0,27.680841,24.0,2.0,0.0
36.0,65.76527,2.0,53.260662,1.0,1.0,0.0
39.0,89.861824,2.0,56.38391,24.0,0.0,0.0
38.0,77.928,1.0,51.517277,24.0,1.0,0.0
3.0,20.760504,2.0,37.360943,1.0,0.0,0.0
37.0,94.680084,1.0,45.792637,24.0,0.0,0.0
68.0,117.175766,5.0,73.62144,12.0,2.0,0.0
32.0,42.69181,1.0,41.50783,12.0,1.0,0.0
20.0,141.11526,2.0,50.4286,12.0,1.0,0.0
72.0,88.95194,1.0,38.864223,1.0,3.0,0.0
8.0,43.17198,2.0,70.40854,1.0,3.0,0.0
36.0,103.97318,2.0,51.556614,12.0,0.0,0.0
37.0,44.94995,4.0,34.72052,12.0,1.0,1.0
35.0,28.259335,1.0,50.142506,24.0,1.0,0.0
67.0,109.09098,4.0,45.179363,12.0,1.0,0.0
31.0,34.390335,3.0,77.85164,1.0,1.0,0.0
71.0,33.80827,1.0,49.10625,1.0,1.0,0.0
5.0,116.192665,2.0,22.345022,24.0,1.0,1.0
53.0,27.17629,5.0,59.972664,1.0,0.0,0.0
43.0,125.27,2.0,85.72175,24.0,1.0,0.0
18.0,123.49934,5.0,73.93862,1.0,1.0,1.0
17.0,38.381145,1.0,27.941326,1.0,3.0,1.0
52.0,87.38948,0.0,44.62544,1.0,1.0,0.0
46.0,32.561314,0.0,49.386337,12.0,1.0,0.0
45.0,102.23426,3.0,49.629025,1.0,0.0,1.0
4.0,28.180902,1.0,57.619236,24.0,0.0,0.0
44.0,142.78252,3.0,43.11798,12.0,1.0,0.0
71.0,47.004997,2.0,31.687523,1.0,0.0,0.0
2.0,108.776306,2.0,69.036,12.0,1.0,0.0
34.0,36.677887,1.0,27.528679,1.0,1.0,0.0
36.0,47.24754,0.0,33.95767,12.0,2.0,0.0
65.0,78.62345,3.0,27.404379,24.0,1.0,0.0
21.0,94.502495,1.0,62.244247,24.0,2.0,0.0
35.0,149.85222,5.0,52.129425,12.0,1.0,0.0
52.0,23.370409,1.0,67.670074,1.0,1.0,0.0
5.0,20.040874,0.0,34.29613,12.0,1.0,1.0
58.0,65.54772,4.0,24.939737,12.0,2.0,0.0
60.0,67.60033,1.0,41.121983,12.0,0.0,0.0
52.0,134.89883,3.0,46.350056,1.0,4.0,1.0
47.0,138.63573,4.0,54.181927,1.0,0.0,0.0
54.0,134.46825,3.0,16.352167,24.0,1.0,1.0
57.0,38.61324,5.0,59.574615,24.0,1.0,0.0
66.0,73.57363,1.0,32.115227,1.0,2.0,0.0
31.0,116.96507,2.0,37.051685,24.0,1.0,0.0
33.0,60.63944,4.0,73.47419,24.0,0.0,0.0
46.0,106.22095,2.0,6.336063,1.0,1.0,1.0
14.0,50.82857,3.0,56.45004,24.0,0.0,0.0
62.0,62.044502,1.0,56.374573,24.0,0.0,0.0
56.0,131.85585,0.0,33.624302,12.0,0.0,0.0
46.0,52.566174,1.0,41.059914,24.0,0.0,0.0
22.0,145.36214,2.0,74.42094,1.0,2.0,0.0
26.0,59.813744,3.0,89.25847,12.0,0.0,1.0
32.0,23.058655,2.0,71.29452,12.0,0.0,0.0
48.0,53.13712,1.0,87.71743,12.0,0.0,0.0
57.0,42.25664,2.0,36.173363,1.0,0.0,0.0
49.0,85.887505,0.0,18.39832,12.0,2.0,0.0
67.0,34.653088,0.0,48.94757,24.0,2.0,0.0
70.0,101.38635,0.0,66.097176,24.0,0.0,0.0
51.0,133.73688,1.0,12.904998,1.0,1.0,1.0
27.0,67.12746,3.0,31.470863,12.0,1.0,0.0
44.0,41.904053,3.0,33.692097,1.0,4.0,1.0
31.0,72.00325,5.0,57.13127,12.0,0.0,1.0
46.0,122.17569,2.0,54.55239,1.0,0.0,0.0
59.0,96.893394,1.0,34.496784,24.0,0.0,0.0
27.0,33.148617,4.0,53.596226,12.0,2.0,0.0
37.0,89.83433,1.0,27.103897,12.0,0.0,0.0
4.0,80.8511,1.0,41.471504,12.0,2.0,0.0
54.0,62.524593,2.0,24.704214,1.0,0.0,1.0
36.0,34.320877,3.0,46.995243,1.0,0.0,0.0
34.0,147.54456,2.0,33.990215,1.0,0.0,0.0
39.0,42.88563,3.0,63.8075,12.0,0.0,0.0
16.0,45.056576,2.0,49.476257,24.0,1.0,0.0
44.0,38.92575,0.0,45.465145,1.0,2.0,0.0
54.0,94.12509,1.0,85.36249,24.0,1.0,0.0
26.0,77.67705,2.0,57.665764,1.0,1.0,0.0
10.0,52.442432,2.0,42.636917,1.0,1.0,1.0
28.0,75.82504,6.0,38.325294,12.0,2.0,1.0
15.0,107.55784,1.0,26.376549,24.0,2.0,0.0
27.0,56.62107,1.0,48.682323,24.0,0.0,0.0
46.0,138.98195,2.0,56.15227,12.0,2.0,0.0
9.0,59.825012,1.0,11.712481,12.0,3.0,0.0
54.0,45.763275,0.0,22.72033,1.0,0.0,0.0
17.0,144.09383,0.0,39.677944,1.0,3.0,1.0
65.0,125.37288,1.0,28.036386,24.0,1.0,0.0
53.0,64.607895,2.0,50.86515,12.0,0.0,0.0
20.0,129.38614,2.0,53.64304,1.0,0.0,0.0
41.0,87.445854,0.0,47.553852,1.0,0.0,0.0
8.0,65.07783,3.0,61.003487,1.0,1.0,0.0
8.0,129.1495,5.0,38.301754,24.0,2.0,1.0
69.0,117.781456,1.0,49.0819,12.0,0.0,0.0
58.0,58.72373,2.0,29.93373,24.0,1.0,0.0
12.0,98.86821,0.0,55.692394,12.0,1.0,0.0
21.0,68.02073,0.0,51.51816,24.0,1.0,1.0
15.0,20.136757,0.0,26.0293,1.0,6.0,0.0
29.0,145.03604,1.0,46.89881,1.0,1.0,1.0
21.0,91.45178,0.0,49.24356,1.0,0.0,1.0
24.0,97.79624,4.0,55.62024,1.0,2.0,0.0
39.0,97.985886,2.0,56.36237,24.0,1.0,0.0
14.0,91.58339,3.0,35.576283,24.0,1.0,0.0
64.0,57.70622,4.0,65.272896,1.0,1.0,0.0
53.0,146.3049,3.0,60.461113,12.0,2.0,0.0
55.0,100.816895,2.0,35.508408,12.0,0.0,0.0
13.0,107.21978,2.0,27.146059,12.0,1.0,0.0
51.0,79.12306,2.0,37.03697,1.0,2.0,0.0
61.0,57.42198,1.0,20.567041,1.0,1.0,0.0
13.0,28.365368,3.0,54.16013,1.0,2.0,1.0
55.0,65.52992,2.0,73.671196,24.0,0.0,0.0
26.0,42.892666,4.0,78.43092,12.0,1.0,0.0
57.0,106.07147,2.0,28.213171,12.0,4.0,0.0
35.0,134.27051,2.0,65.736084,24.0,1.0,0.0
58.0,59.35813,3.0,51.690018,1.0,1.0,0.0
11.0,63.274742,2.0,2.081193,1.0,1.0,1.0
29.0,107.147385,2.0,43.35206,1.0,1.0,0.0
20.0,39.405285,2.0,41.12634,12.0,1.0,0.0
18.0,140.82686,3.0,74.216354,12.0,3.0,1.0
23.0,67.30008,0.0,32.58091,1.0,1.0,0.0
28.0,33.15593,0.0,61.261288,1.0,1.0,0.0
10.0,42.70892,2.0,47.858234,12.0,0.0,0.0
51.0,141.25699,2.0,21.08382,12.0,0.0,0.0
40.0,52.125507,1.0,38.956295,1.0,2.0,0.0
60.0,106.09495,2.0,80.63263,24.0,1.0,0.0
51.0,40.30148,0.0,46.53259,1.0,0.0,0.0
11.0,45.23322,1.0,68.11734,1.0,3.0,1.0
6.0,134.30096,2.0,67.02109,1.0,2.0,1.0
31.0,39.24432,2.0,41.03472,12.0,0.0,0.0
35.0,22.437576,1.0,24.33155,12.0,0.0,0.0
18.0,85.16032,2.0,26.963633,12.0,0.0,0.0
57.0,132.15448,2.0,79.03334,1.0,3.0,0.0
42.0,62.378838,3.0,53.034748,12.0,1.0,1.0
54.0,36.661095,8.0,15.323577,1.0,1.0,0.0
8.0,147.69,0.0,66.67921,1.0,1.0,1.0
59.0,107.97602,1.0,14.262975,12.0,0.0,0.0
15.0,130.58978,3.0,33.477516,12.0,1.0,1.0
33.0,117.77798,2.0,51.62589,1.0,0.0,1.0
32.0,110.77149,2.0,100.40838,1.0,1.0,0.0
60.0,69.99333,5.0,66.32002,1.0,2.0,1.0
20.0,62.1642,0.0,40.352207,12.0,2.0,0.0
18.0,113.20462,2.0,50.566284,12.0,2.0,1.0
25.0,113.17269,2.0,68.39419,12.0,0.0,0.0
26.0,143.57649,3.0,78.43726,1.0,0.0,0.0
14.0,93.92577,3.0,45.04721,1.0,1.0,1.0
13.0,58.300743,1.0,45.627663,1.0,0.0,1.0
17.0,83.63874,2.0,33.39903,1.0,3.0,1.0
34.0,99.7828,1.0,63.303173,24.0,2.0,0.0
25.0,75.47488,2.0,70.51944,1.0,0.0,0.0
29.0,122.847305,2.0,11.226301,1.0,2.0,0.0
52.0,95.99972,3.0,42.06388,1.0,3.0,1.0
18.0,21.226645,3.0,25.73108,1.0,1.0,1.0
66.0,94.079185,2.0,53.01814,24.0,1.0,0.0
55.0,102.36849,2.0,25.241076,24.0,2.0,0.0
13.0,138.98396,2.0,23.59718,12.0,1.0,0.0
23.0,73.78382,5.0,72.47038,1.0,1.0,1.0
14.0,94.68079,3.0,46.688118,12.0,0.0,0.0
20.0,81.74967,4.0,48.801876,12.0,0.0,1.0
27.0,89.11533,1.0,58.6337,12.0,3.0,0.0
10.0,28.749529,2.0,69.41638,1.0,0.0,0.0
2.0,136.64688,3.0,41.628143,1.0,1.0,1.0
32.0,138.3536,0.0,42.073708,1.0,1.0,0.0
51.0,91.24775,4.0,42.15867,1.0,0.0,0.0
22.0,92.35222,2.0,71.63018,12.0,3.0,0.0
62.0,27.482285,1.0,48.6373,24.0,1.0,0.0
27.0,97.73357,2.0,44.178032,1.0,0.0,1.0
65.0,75.789734,1.0,57.81793,24.0,1.0,0.0
17.0,112.175674,1.0,86.625084,1.0,0.0,0.0
39.0,26.12624,2.0,51.485664,1.0,1.0,0.0
55.0,112.4154,3.0,44.611057,12.0,0.0,0.0
5.0,57.296196,1.0,88.85997,1.0,2.0,0.0
67.0,104.721695,3.0,76.59603,24.0,0.0,0.0
27.0,101.526375,0.0,73.6965,24.0,2.0,0.0
36.0,49.48939,3.0,39.986263,1.0,1.0,0.0
46.0,77.258804,0.0,38.003445,1.0,0.0,0.0
47.0,128.63232,5.0,13.316911,1.0,1.0,1.0
2.0,98.72691,0.0,69.29834,24.0,0.0,0.0
63.0,28.93598,1.0,51.539944,1.0,1.0,0.0
45.0,77.57815,2.0,13.982243,24.0,1.0,1.0
72.0,60.53029,0.0,74.03695,1.0,2.0,0.0
34.0,103.41394,2.0,43.25298,12.0,1.0,1.0
45.0,99.89331,3.0,45.71839,1.0,2.0,1.0
32.0,21.351753,1.0,19.740614,24.0,0.0,0.0
65.0,99.00042,1.0,59.843967,12.0,2.0,0.0
60.0,115.53046,1.0,60.0354,1.0,1.0,0.0
66.0,119.934906,5.0,49.04025,1.0,1.0,0.0
37.0,27.666851,0.0,41.635242,12.0,0.0,0.0
57.0,59.475594,2.0,102.52935,12.0,3.0,0.0
26.0,74.765564,1.0,25.932646,24.0,0.0,0.0
34.0,43.370323,3.0,35.57126,1.0,2.0,0.0
55.0,74.695404,2.0,64.16514,24.0,0.0,0.0
6.0,29.24684,2.0,29.7112,1.0,0.0,1.0
52.0,34.718246,1.0,28.23586,24.0,1.0,0.0
2.0,106.93032,0.0,72.63037,24.0,0.0,0.0
42.0,54.13442,1.0,62.103836,12.0,2.0,0.0
35.0,112.48276,5.0,59.68276,24.0,3.0,1.0
34.0,26.254108,1.0,53.636497,12.0,0.0,0.0
36.0,93.1514,1.0,36.156933,12.0,1.0,0.0
36.0,70.88833,2.0,44.94658,1.0,1.0,0.0
30.0,123.60628,4.0,48.418503,1.0,3.0,0.0
33.0,121.913704,2.0,66.924324,12.0,1.0,0.0
41.0,68.822754,5.0,58.517147,24.0,2.0,0.0
55.0,100.95282,2.0,31.44313,24.0,0.0,0.0
40.0,49.581352,3.0,65.79085,12.0,1.0,0.0
47.0,95.45289,1.0,16.429878,24.0,1.0,0.0
61.0,30.564411,1.0,43.591564,24.0,1.0,0.0
72.0,76.49856,4.0,27.159033,24.0,2.0,0.0
8.0,43.754597,2.0,32.85793,1.0,0.0,1.0
52.0,134.83955,0.0,88.53172,12.0,0.0,0.0
17.0,77.837105,4.0,20.586517,12.0,0.0,1.0
15.0,96.80059,2.0,33.61612,24.0,1.0,0.0
58.0,66.84964,4.0,60.208035,12.0,1.0,0.0
5.0,57.536335,1.0,40.599945,24.0,1.0,0.0
62.0,46.37957,2.0,53.111156,24.0,4.0,0.0
56.0,138.5433,3.0,78.590996,12.0,0.0,0.0
72.0,123.93055,3.0,63.092556,24.0,2.0,0.0
49.0,37.323948,0.0,40.626354,12.0,0.0,0.0
63.0,117.074234,3.0,47.32561,12.0,0.0,0.0
9.0,74.409004,1.0,60.61212,12.0,2.0,0.0
65.0,22.001566,2.0,62.699795,24.0,2.0,1.0
12.0,88.68775,2.0,50.415054,24.0,1.0,0.0
23.0,36.906036,2.0,57.21218,24.0,0.0,0.0
10.0,47.291462,2.0,57.231647,1.0,1.0,1.0
29.0,110.48533,1.0,48.155468,12.0,1.0,0.0
54.0,53.428463,3.0,37.89525,24.0,3.0,0.0
20.0,135.94547,1.0,64.85191,24.0,1.0,0.0
60.0,105.43207,0.0,55.83591,24.0,1.0,1.0
44.0,128.19685,1.0,8.380405,12.0,2.0,1.0
46.0,99.97464,0.0,33.483288,12.0,0.0,0.0
68.0,132.95044,3.0,40.386566,1.0,0.0,0.0
32.0,67.019005,1.0,45.97737,24.0,0.0,0.0
25.0,91.388275,2.0,74.078896,1.0,2.0,0.0
72.0,87.06575,2.0,114.04652,24.0,0.0,0.0
41.0,137.4928,1.0,1.0,1.0,1.0,1.0
45.0,41.439003,2.0,56.088127,24.0,0.0,0.0
22.0,95.147896,0.0,51.391724,12.0,2.0,0.0
16.0,118.07606,2.0,46.390205,1.0,0.0,1.0
13.0,68.10647,2.0,60.85879,12.0,1.0,0.0
17.0,132.7856,2.0,52.995773,12.0,0.0,0.0
15.0,68.49192,2.0,42.77132,24.0,1.0,0.0
54.0,42.53014,5.0,50.584854,12.0,2.0,1.0
5.0,95.926285,3.0,61.131332,12.0,0.0,0.0
46.0,74.67384,1.0,59.229424,1.0,0.0,0.0
69.0,21.974714,0.0,53.772648,24.0,0.0,0.0
56.0,29.079018,2.0,38.331047,24.0,0.0,0.0
30.0,45.386032,0.0,106.38286,24.0,0.0,0.0
5.0,120.01289,1.0,57.190266,1.0,0.0,0.0
61.0,135.96513,1.0,65.24927,24.0,3.0,0.0
1.0,90.93331,3.0,39.843952,1.0,2.0,1.0
50.0,33.72351,3.0,53.791473,24.0,0.0,0.0
49.0,89.474464,2.0,53.63216,1.0,1.0,0.0
14.0,131.22871,2.0,11.761004,1.0,0.0,0.0
54.0,117.43209,2.0,35.666786,1.0,1.0,0.0
13.0,57.842762,3.0,35.297134,24.0,4.0,0.0
17.0,36.105778,4.0,37.990864,12.0,2.0,1.0
59.0,137.08862,1.0,28.603218,12.0,0.0,0.0
71.0,131.03154,2.0,50.87712,1.0,1.0,0.0
20.0,26.982998,2.0,77.947174,24.0,1.0,0.0
67.0,127.07768,1.0,52.609776,12.0,2.0,0.0
66.0,32.63764,3.0,26.374592,1.0,2.0,0.0
56.0,28.226871,0.0,29.381922,24.0,1.0,0.0
11.0,118.61812,3.0,42.458977,12.0,1.0,1.0
22.0,89.72038,4.0,21.68787,12.0,1.0,0.0
49.0,73.89124,2.0,56.08914,1.0,0.0,0.0
72.0,137.50209,3.0,77.06198,12.0,2.0,0.0
59.0,129.10947,3.0,38.481915,1.0,1.0,0.0
31.0,27.49105,1.0,51.52268,12.0,0.0,0.0
17.0,100.09134,1.0,41.420788,12.0,1.0,0.0
70.0,120.39476,1.0,37.407444,12.0,0.0,0.0
20.0,91.563774,4.0,53.791523,1.0,3.0,0.0
25.0,147.79071,0.0,36.73389,1.0,0.0,1.0
70.0,109.18617,1.0,33.83199,1.0,3.0,1.0
41.0,33.538593,3.0,17.614172,12.0,2.0,1.0
20.0,45.77874,6.0,51.291763,1.0,0.0,1.0
1.0,127.411934,0.0,71.34019,12.0,0.0,0.0
31.0,149.57837,2.0,64.14618,1.0,1.0,1.0
71.0,32.784103,2.0,79.83987,12.0,0.0,0.0
32.0,33.042812,3.0,36.50969,12.0,2.0,1.0
51.0,119.24032,1.0,67.01619,1.0,1.0,0.0
19.0,28.366056,3.0,27.947348,12.0,1.0,0.0
56.0,28.912815,3.0,64.18517,12.0,2.0,0.0
56.0,135.54614,2.0,82.88374,24.0,4.0,0.0
44.0,124.05848,1.0,59.96763,12.0,1.0,0.0
56.0,134.60321,1.0,83.23623,1.0,1.0,0.0
42.0,104.56674,2.0,38.02536,1.0,0.0,0.0
28.0,61.929733,2.0,47.31538,12.0,2.0,0.0
54.0,137.82071,1.0,31.686327,24.0,1.0,0.0
61.0,58.834057,2.0,50.695797,1.0,1.0,0.0
61.0,55.81641,1.0,55.393475,1.0,2.0,0.0
16.0,135.23206,3.0,50.520702,12.0,0.0,1.0
49.0,108.506935,6.0,40.51722,12.0,2.0,1.0
1.0,136.43738,2.0,40.185684,24.0,0.0,0.0
42.0,40.267166,0.0,56.90341,1.0,1.0,0.0
42.0,143.79858,2.0,46.814262,24.0,0.0,0.0
27.0,99.65648,1.0,26.96394,12.0,1.0,0.0
72.0,106.84456,2.0,12.054279,24.0,3.0,0.0
64.0,138.82788,3.0,38.09023,1.0,0.0,0.0
3.0,69.49789,4.0,22.354626,1.0,0.0,1.0
16.0,113.54475,2.0,33.2886,1.0,3.0,0.0
15.0,103.24428,0.0,41.533894,24.0,0.0,0.0
65.0,122.40785,2.0,47.07802,1.0,1.0,0.0
38.0,136.60257,3.0,36.679882,1.0,0.0,0.0
53.0,108.40791,1.0,93.82402,1.0,1.0,0.0
59.0,28.793142,4.0,24.777939,24.0,0.0,0.0
56.0,43.808247,3.0,74.18425,1.0,2.0,0.0
7.0,144.01717,3.0,46.74864,12.0,0.0,1.0
11.0,145.92456,0.0,36.849472,12.0,3.0,0.0
29.0,145.76373,3.0,61.751522,24.0,2.0,1.0
25.0,24.783922,3.0,40.942448,24.0,0.0,0.0
54.0,69.71826,2.0,33.860706,12.0,0.0,1.0
12.0,118.757454,0.0,85.796196,1.0,3.0,1.0
27.0,117.87515,3.0,6.1107993,1.0,0.0,1.0
18.0,31.168158,0.0,45.102524,1.0,1.0,0.0
14.0,99.23356,0.0,53.801434,12.0,0.0,0.0
13.0,38.57305,2.0,78.16045,1.0,1.0,0.0
15.0,84.11721,2.0,42.031384,12.0,2.0,0.0
41.0,51.15914,2.0,103.22031,12.0,0.0,0.0
30.0,26.910952,1.0,65.18238,12.0,0.0,0.0
32.0,30.402525,2.0,2.6541438,1.0,0.0,0.0
35.0,138.41608,3.0,20.926346,24.0,1.0,0.0
54.0,116.80398,0.0,54.73868,24.0,0.0,0.0
63.0,141.13712,1.0,27.122675,1.0,2.0,0.0
38.0,81.098694,4.0,60.956665,1.0,1.0,1.0
47.0,73.72803,4.0,40.925404,24.0,1.0,0.0
54.0,66.59295,2.0,26.079472,24.0,0.0,0.0
50.0,100.11992,3.0,30.708212,1.0,2.0,1.0
10.0,65.70272,1.0,67.03827,1.0,4.0,0.0
71.0,117.01552,2.0,9.540929,24.0,0.0,0.0
12.0,124.17125,2.0,70.905495,12.0,4.0,1.0
30.0,133.8598,1.0,71.49074,12.0,0.0,0.0
47.0,51.56412,0.0,43.371864,1.0,3.0,1.0
30.0,88.51286,1.0,21.911148,24.0,0.0,0.0
18.0,49.047802,2.0,61.117283,12.0,1.0,0.0
67.0,24.882257,4.0,40.27281,12.0,1.0,0.0
6.0,112.01729,2.0,19.697647,12.0,0.0,1.0
18.0,91.36757,1.0,88.18281,1.0,0.0,0.0
72.0,114.11055,2.0,32.311733,12.0,0.0,0.0
53.0,31.390978,1.0,20.556982,12.0,1.0,1.0
7.0,149.4184,2.0,55.701015,12.0,1.0,1.0
55.0,149.26532,0.0,48.64305,24.0,0.0,0.0
70.0,80.449974,4.0,79.72377,12.0,3.0,0.0
8.0,132.58763,2.0,42.389595,1.0,1.0,1.0
30.0,51.663914,1.0,42.600872,1.0,1.0,1.0
34.0,115.8836,1.0,56.704563,12.0,4.0,0.0
10.0,134.29936,1.0,53.99036,1.0,1.0,0.0
15.0,125.90662,2.0,54.600754,12.0,2.0,0.0
13.0,125.53063,3.0,55.43903,1.0,2.0,1.0
14.0,80.19346,6.0,53.292324,1.0,3.0,1.0
30.0,126.598694,2.0,41.67034,1.0,0.0,0.0
34.0,109.791626,0.0,66.65355,12.0,1.0,0.0
18.0,37.21868,5.0,42.80205,1.0,0.0,0.0
21.0,34.84397,1.0,66.087006,12.0,0.0,0.0
14.0,120.34988,2.0,77.75524,1.0,1.0,0.0
58.0,101.31033,2.0,36.449184,24.0,0.0,0.0
16.0,87.5189,3.0,98.08967,12.0,1.0,0.0
66.0,137.94403,2.0,35.74774,24.0,1.0,0.0
39.0,105.74675,5.0,35.892235,24.0,1.0,0.0
58.0,71.49908,2.0,60.799816,24.0,1.0,0.0
46.0,73.811134,0.0,58.83125,24.0,0.0,0.0
20.0,98.68177,1.0,51.436306,1.0,1.0,1.0
44.0,118.835785,3.0,66.36502,1.0,2.0,0.0
20.0,93.36593,0.0,55.0526,12.0,2.0,0.0
9.0,86.138916,3.0,91.31484,12.0,2.0,0.0
19.0,114.49709,2.0,48.935493,12.0,2.0,1.0
20.0,111.684395,1.0,32.910126,12.0,0.0,0.0
10.0,127.94509,1.0,38.965813,1.0,2.0,1.0
2.0,28.131733,3.0,59.426487,1.0,1.0,1.0
68.0,118.143776,1.0,59.719032,12.0,2.0,0.0
37.0,86.78886,2.0,54.12952,12.0,1.0,0.0
29.0,29.710106,2.0,33.00993,24.0,1.0,0.0
67.0,108.2713,2.0,72.172966,12.0,2.0,1.0
17.0,113.15022,1.0,88.739815,1.0,0.0,0.0
30.0,88.07153,1.0,50.584507,1.0,0.0,0.0
61.0,123.19387,3.0,86.2121,1.0,3.0,1.0
46.0,59.032253,1.0,67.32512,1.0,1.0,0.0
29.0,46.24794,3.0,94.37374,24.0,1.0,0.0
19.0,65.59541,2.0,59.45288,12.0,0.0,0.0
3.0,73.306564,2.0,52.732063,24.0,2.0,0.0
7.0,110.47137,3.0,66.84802,12.0,1.0,0.0
12.0,129.91759,4.0,41.3283,1.0,0.0,1.0
57.0,113.71937,2.0,58.14235,12.0,1.0,0.0
47.0,42.61838,1.0,76.61433,1.0,1.0,1.0
32.0,67.60822,1.0,66.390205,1.0,0.0,0.0
57.0,40.593784,2.0,49.380848,12.0,1.0,0.0
12.0,109.27415,4.0,54.008312,12.0,1.0,1.0
16.0,52.262344,1.0,65.153534,1.0,2.0,1.0
29.0,88.3003,2.0,64.48893,12.0,2.0,0.0
67.0,122.93788,1.0,65.00129,12.0,0.0,0.0
45.0,107.22211,1.0,56.78876,1.0,1.0,1.0
62.0,58.78862,2.0,33.509106,12.0,0.0,0.0
18.0,63.27268,2.0,36.69694,1.0,1.0,1.0
62.0,104.937355,0.0,59.223335,12.0,1.0,0.0
6.0,91.43081,2.0,66.62919,12.0,0.0,0.0
17.0,32.531155,2.0,64.03873,12.0,0.0,0.0
38.0,133.61891,1.0,36.495667,12.0,1.0,0.0
4.0,86.639725,3.0,46.976654,1.0,4.0,0.0
62.0,81.536934,3.0,26.514427,1.0,3.0,1.0
63.0,45.797115,3.0,22.171427,12.0,0.0,0.0
39.0,69.00919,2.0,51.629585,1.0,0.0,0.0
23.0,63.26723,1.0,77.163124,1.0,0.0,0.0
8.0,55.19564,2.0,51.99608,12.0,0.0,0.0
45.0,93.762856,3.0,88.16271,1.0,1.0,0.0
39.0,80.095795,1.0,46.717922,12.0,0.0,1.0
55.0,135.5957,1.0,50.624344,12.0,0.0,0.0
44.0,142.37471,2.0,30.179863,24.0,0.0,0.0
10.0,48.531548,1.0,43.05512,24.0,2.0,0.0
9.0,33.013706,0.0,26.201235,12.0,4.0,1.0
57.0,122.09388,2.0,19.093254,24.0,0.0,0.0
12.0,149.33199,0.0,26.541374,12.0,2.0,0.0
68.0,132.268,2.0,51.7055,12.0,1.0,0.0
8.0,23.080662,1.0,35.265873,24.0,1.0,0.0
53.0,52.66426,4.0,40.002544,24.0,0.0,0.0
71.0,25.634497,1.0,58.19741,24.0,1.0,0.0
32.0,126.70132,0.0,19.024033,24.0,0.0,0.0
5.0,95.58291,2.0,51.62072,12.0,1.0,0.0
64.0,86.78341,4.0,66.96151,24.0,1.0,0.0
14.0,92.07848,0.0,68.69119,12.0,1.0,0.0
38.0,52.818665,2.0,60.33134,1.0,0.0,0.0
71.0,98.21299,2.0,48.956356,1.0,2.0,0.0
54.0,23.986708,3.0,37.525223,12.0,1.0,0.0
4.0,103.98152,1.0,48.352825,1.0,0.0,0.0
60.0,115.476395,2.0,83.06927,1.0,0.0,0.0
12.0,107.493416,3.0,55.461323,1.0,3.0,1.0
54.0,63.175278,1.0,47.862362,12.0,0.0,0.0
45.0,127.41418,2.0,61.273857,1.0,2.0,0.0
21.0,113.02072,1.0,50.994484,12.0,1.0,0.0
31.0,36.678654,0.0,54.515858,12.0,0.0,0.0
9.0,45.368748,2.0,45.06566,24.0,0.0,0.0
72.0,102.8241,2.0,41.701244,12.0,0.0,0.0
18.0,57.624096,1.0,69.920006,1.0,0.0,0.0
23.0,35.526283,3.0,10.993006,24.0,0.0,0.0
37.0,40.14597,2.0,59.572033,24.0,0.0,0.0
49.0,41.530235,0.0,40.46494,1.0,1.0,0.0
37.0,82.112816,2.0,11.895751,1.0,2.0,1.0
37.0,98.960106,6.0,30.507812,12.0,0.0,1.0
42.0,42.932297,2.0,49.27908,24.0,0.0,0.0
62.0,112.62456,2.0,52.029583,24.0,0.0,0.0
29.0,56.53164,2.0,64.80009,24.0,0.0,0.0
60.0,60.50256,4.0,66.16036,24.0,1.0,0.0
57.0,49.05482,1.0,19.0657,12.0,1.0,1.0
70.0,122.0768,2.0,57.55007,1.0,2.0,0.0
66.0,144.7758,0.0,64.57088,1.0,0.0,0.0
58.0,84.02498,1.0,54.378452,1.0,4.0,0.0
18.0,25.463984,2.0,60.04883,1.0,1.0,0.0
56.0,53.874012,2.0,11.349584,1.0,2.0,0.0
54.0,40.54654,0.0,30.1957,12.0,2.0,0.0
21.0,129.5591,1.0,77.32094,24.0,2.0,0.0
49.0,31.03102,1.0,44.405834,1.0,0.0,0.0
19.0,145.6419,1.0,94.46208,24.0,0.0,0.0
38.0,96.50679,2.0,24.431551,24.0,0.0,0.0
58.0,87.306175,3.0,81.275444,1.0,1.0,0.0
14.0,130.15558,2.0,37.78589,1.0,1.0,1.0
25.0,23.58119,5.0,67.24872,12.0,0.0,0.0
58.0,121.029854,3.0,44.09235,24.0,1.0,0.0
33.0,35.158527,1.0,52.313564,12.0,1.0,0.0
70.0,129.30115,2.0,61.910866,1.0,3.0,0.0
1.0,88.79291,0.0,37.732933,12.0,1.0,0.0
52.0,27.946823,4.0,66.022125,24.0,0.0,0.0
59.0,128.32185,5.0,44.682526,1.0,1.0,0.0
67.0,23.550835,0.0,53.560997,12.0,1.0,0.0
12.0,37.98819,3.0,1.0,12.0,1.0,0.0
71.0,123.717186,6.0,43.253296,1.0,2.0,1.0
29.0,80.43324,3.0,75.27084,24.0,2.0,1.0
26.0,134.58054,2.0,63.893543,1.0,1.0,0.0
26.0,102.605804,2.0,67.73091,24.0,0.0,0.0
46.0,101.05874,4.0,51.066353,12.0,2.0,1.0
48.0,57.990562,1.0,83.52549,1.0,3.0,0.0
35.0,37.378468,1.0,55.768776,12.0,0.0,0.0
6.0,144.95241,2.0,36.797997,1.0,0.0,1.0
72.0,33.6237,3.0,67.10281,1.0,2.0,0.0
16.0,88.77138,1.0,68.451965,1.0,2.0,1.0
7.0,55.433918,5.0,62.591824,24.0,0.0,0.0
44.0,54.338287,2.0,41.941322,24.0,1.0,0.0
30.0,97.29621,2.0,55.629444,1.0,0.0,0.0
45.0,123.73144,3.0,77.8665,12.0,2.0,0.0
64.0,121.03333,0.0,59.551,24.0,3.0,0.0
8.0,132.94421,3.0,20.44475,12.0,0.0,1.0
21.0,58.077354,1.0,37.424725,1.0,1.0,0.0
38.0,80.547676,2.0,36.494694,1.0,0.0,0.0
57.0,21.213495,4.0,34.913532,12.0,1.0,0.0
44.0,117.09149,2.0,7.774314,1.0,0.0,1.0
28.0,59.304604,1.0,87.811554,12.0,1.0,0.0
44.0,92.994156,1.0,32.474247,12.0,0.0,0.0
71.0,42.009037,3.0,33.921032,12.0,3.0,0.0
35.0,126.521935,1.0,11.165831,1.0,2.0,1.0
64.0,126.24539,2.0,67.32858,12.0,0.0,0.0
57.0,134.06888,1.0,48.1827,12.0,1.0,0.0
22.0,25.97181,1.0,42.981728,24.0,0.0,0.0
18.0,149.01964,3.0,44.039974,1.0,0.0,1.0
56.0,52.211323,0.0,61.75609,12.0,1.0,0.0
15.0,60.22638,4.0,40.39957,1.0,2.0,0.0
25.0,52.413647,2.0,10.221979,1.0,1.0,1.0
17.0,54.77925,3.0,24.169281,12.0,2.0,0.0
44.0,91.84598,4.0,23.130571,12.0,2.0,0.0
22.0,51.17537,2.0,55.506355,1.0,0.0,1.0
48.0,71.19027,2.0,68.60038,12.0,0.0,0.0
68.0,105.22886,4.0,79.31612,12.0,2.0,0.0
60.0,128.68341,2.0,17.302113,12.0,3.0,0.0
69.0,110.0564,1.0,62.405403,24.0,0.0,0.0
2.0,97.26197,1.0,37.698578,24.0,2.0,0.0
33.0,39.204712,2.0,108.46916,12.0,0.0,0.0
16.0,126.09503,3.0,77.67108,1.0,1.0,1.0
67.0,24.845736,3.0,84.03791,24.0,1.0,0.0
52.0,54.344917,2.0,66.0488,1.0,0.0,0.0
24.0,27.41766,0.0,57.637764,12.0,1.0,0.0
41.0,106.76577,3.0,41.94834,24.0,1.0,0.0
44.0,67.88824,2.0,38.013584,1.0,1.0,1.0
36.0,104.766304,2.0,33.9979,1.0,2.0,0.0
35.0,65.11402,3.0,62.351513,1.0,1.0,1.0
4.0,79.24629,3.0,81.20805,24.0,1.0,0.0
33.0,79.534935,1.0,42.863842,12.0,3.0,1.0
26.0,25.925486,4.0,35.553024,24.0,2.0,0.0
59.0,75.92945,0.0,20.329931,1.0,0.0,1.0
63.0,103.33836,0.0,54.893833,1.0,2.0,0.0
55.0,90.98679,0.0,74.58535,1.0,1.0,0.0
3.0,29.78689,2.0,75.58655,24.0,0.0,0.0
61.0,106.847275,2.0,77.56877,1.0,0.0,0.0
29.0,60.152157,0.0,58.308132,24.0,1.0,0.0
30.0,21.876524,3.0,51.803772,12.0,1.0,0.0
69.0,40.22742,2.0,75.64504,24.0,0.0,0.0
63.0,84.682755,2.0,27.798775,12.0,1.0,0.0
4.0,60.352215,3.0,41.1831,12.0,5.0,1.0
26.0,110.26979,3.0,84.216965,1.0,0.0,0.0
54.0,51.28495,3.0,28.507889,12.0,1.0,0.0
39.0,120.4635,6.0,49.310837,12.0,1.0,1.0
19.0,57.242035,3.0,62.626614,1.0,3.0,0.0
38.0,100.71228,2.0,51.653973,24.0,2.0,1.0
63.0,123.89813,3.0,72.98835,1.0,0.0,0.0
17.0,70.1223,4.0,80.513565,1.0,0.0,0.0
54.0,26.084642,2.0,59.593285,12.0,0.0,0.0
53.0,89.60792,0.0,77.801254,12.0,1.0,0.0
64.0,149.40318,2.0,31.42649,1.0,1.0,0.0
22.0,145.96895,0.0,46.849216,24.0,2.0,0.0
16.0,48.732883,3.0,98.10382,1.0,2.0,1.0
40.0,118.24055,0.0,88.85861,12.0,2.0,0.0
39.0,64.843735,0.0,24.461216,1.0,2.0,0.0
30.0,40.835423,2.0,49.74475,1.0,3.0,0.0
57.0,106.56891,2.0,52.721493,12.0,1.0,0.0
58.0,85.11294,3.0,58.330513,24.0,3.0,0.0
18.0,90.099976,2.0,75.48085,12.0,0.0,0.0
58.0,127.56104,6.0,86.78318,1.0,2.0,0.0
17.0,63.75068,5.0,50.748325,1.0,3.0,1.0
30.0,106.72232,0.0,72.43971,24.0,1.0,0.0
2.0,67.60489,2.0,62.96392,1.0,1.0,1.0
25.0,25.554106,6.0,49.577385,12.0,0.0,1.0
70.0,69.14196,5.0,16.036837,1.0,1.0,0.0
32.0,143.50449,0.0,70.36947,1.0,0.0,1.0
52.0,82.82412,3.0,62.103874,1.0,1.0,0.0
8.0,34.069958,2.0,57.791786,1.0,1.0,0.0
46.0,109.41749,1.0,30.374681,12.0,0.0,0.0
27.0,145.23932,3.0,89.18275,1.0,3.0,1.0
54.0,138.03288,1.0,53.04944,24.0,1.0,0.0
67.0,94.35491,5.0,27.17249,1.0,0.0,1.0
39.0,68.9165,0.0,23.953592,12.0,2.0,0.0
8.0,95.4881,0.0,63.549446,12.0,2.0,0.0
35.0,126.07104,3.0,64.145,1.0,3.0,0.0
9.0,131.96086,0.0,40.739796,1.0,1.0,0.0
33.0,126.44971,4.0,59.252502,1.0,2.0,1.0
5.0,79.21193,3.0,63.352127,1.0,2.0,0.0
47.0,35.451538,3.0,52.798504,1.0,2.0,1.0
23.0,93.992546,2.0,35.97318,1.0,0.0,0.0
15.0,40.335747,3.0,69.22712,1.0,1.0,0.0
2.0,27.924583,0.0,66.752625,12.0,0.0,0.0
64.0,84.82682,4.0,61.3536,12.0,0.0,0.0
61.0,105.19855,3.0,33.325363,1.0,5.0,0.0
59.0,131.03915,0.0,23.37935,12.0,1.0,0.0
5.0,121.76862,0.0,51.53048,1.0,2.0,0.0
26.0,131.44127,4.0,68.59142,24.0,1.0,1.0
70.0,118.80894,1.0,70.80746,1.0,0.0,0.0
42.0,111.42112,0.0,61.687637,1.0,1.0,0.0
10.0,21.317884,1.0,40.990917,24.0,2.0,0.0
11.0,101.3933,4.0,33.91585,1.0,1.0,1.0
19.0,35.662636,4.0,49.662663,1.0,1.0,0.0
71.0,27.626728,2.0,49.85232,24.0,1.0,0.0
13.0,40.33358,3.0,72.145905,12.0,0.0,0.0
66.0,127.027985,3.0,40.405712,12.0,1.0,0.0
49.0,116.700424,3.0,42.067013,1.0,1.0,0.0
67.0,143.34041,3.0,91.09982,1.0,2.0,0.0
60.0,147.2669,2.0,81.024445,1.0,2.0,0.0
24.0,136.12692,3.0,32.34439,24.0,1.0,0.0
60.0,37.280388,2.0,79.37504,1.0,2.0,0.0
13.0,134.18976,1.0,27.562365,12.0,1.0,0.0
21.0,129.02283,2.0,41.318825,24.0,1.0,0.0
16.0,133.24117,1.0,43.59513,24.0,1.0,0.0
10.0,39.71913,1.0,48.448166,1.0,3.0,0.0
7.0,35.182938,1.0,62.395126,12.0,0.0,0.0
14.0,140.09515,5.0,52.129467,12.0,1.0,1.0
9.0,42.597466,1.0,62.294548,24.0,2.0,1.0
28.0,67.92082,0.0,41.963184,24.0,0.0,0.0
6.0,79.27803,1.0,57.48445,12.0,1.0,0.0
5.0,36.17753,3.0,51.579338,12.0,1.0,0.0
72.0,22.682457,1.0,22.233398,1.0,2.0,0.0
7.0,149.23177,2.0,59.660206,12.0,2.0,1.0
6.0,133.96544,3.0,51.92111,12.0,1.0,1.0
3.0,138.60393,0.0,35.72181,12.0,0.0,0.0
10.0,56.9932,1.0,41.50316,12.0,0.0,0.0
39.0,48.613205,2.0,41.993584,12.0,2.0,1.0
60.0,75.362656,3.0,45.10163,12.0,1.0,0.0
53.0,78.93152,2.0,85.17916,24.0,0.0,0.0
42.0,20.727926,4.0,91.80509,1.0,2.0,0.0
7.0,121.3029,2.0,1.0,24.0,0.0,0.0
56.0,149.56671,0.0,59.76349,12.0,0.0,0.0
3.0,88.72981,2.0,69.09903,12.0,1.0,1.0
46.0,70.47363,5.0,45.678463,12.0,0.0,0.0
30.0,71.05775,3.0,68.5618,12.0,4.0,0.0
64.0,32.49003,8.0,83.08335,24.0,0.0,0.0
23.0,54.601036,0.0,22.56316,1.0,1.0,0.0
46.0,85.27726,0.0,52.67524,24.0,1.0,0.0
32.0,76.14024,3.0,89.13494,24.0,2.0,0.0
38.0,90.854515,2.0,25.244694,1.0,0.0,0.0
68.0,130.37854,1.0,47.695354,1.0,1.0,0.0
52.0,49.281498,2.0,41.032055,1.0,0.0,0.0
30.0,23.596344,2.0,71.03786,1.0,0.0,0.0
33.0,24.969307,1.0,73.82492,1.0,0.0,0.0
51.0,37.441944,1.0,53.246548,1.0,0.0,0.0
25.0,94.16279,0.0,50.644184,24.0,0.0,0.0
13.0,125.064026,0.0,15.6170435,12.0,0.0,1.0
34.0,135.28477,1.0,78.46005,24.0,1.0,0.0
5.0,102.56471,2.0,42.936672,12.0,2.0,0.0
13.0,72.40862,0.0,47.1535,12.0,2.0,1.0
31.0,40.08691,0.0,69.432,24.0,1.0,0.0
58.0,72.18439,3.0,53.951992,1.0,0.0,0.0
57.0,63.213966,0.0,70.076836,12.0,3.0,0.0
19.0,133.10336,1.0,62.068203,24.0,1.0,1.0
31.0,83.27352,1.0,54.07574,24.0,0.0,0.0
12.0,49.405468,3.0,56.208855,12.0,1.0,0.0
55.0,57.54414,1.0,27.544544,24.0,0.0,0.0
18.0,37.741123,2.0,47.020397,12.0,1.0,0.0
58.0,139.4161,3.0,71.68094,1.0,0.0,0.0
61.0,26.54496,1.0,32.0272,1.0,3.0,0.0
50.0,21.670012,1.0,35.694477,12.0,2.0,0.0
24.0,43.788563,3.0,32.407513,1.0,1.0,1.0
69.0,125.41362,3.0,53.06761,1.0,0.0,0.0
50.0,88.05068,0.0,78.050575,1.0,1.0,0.0
47.0,101.35963,1.0,60.9432,24.0,2.0,0.0
62.0,66.50512,2.0,6.460748,24.0,5.0,0.0
64.0,28.928139,4.0,62.9725,24.0,1.0,0.0
6.0,131.30057,1.0,41.1582,12.0,2.0,0.0
64.0,44.946255,1.0,60.18765,24.0,0.0,0.0
56.0,24.297695,2.0,47.01,12.0,0.0,0.0
15.0,94.45154,2.0,32.79087,12.0,1.0,0.0
23.0,30.827599,4.0,48.570568,12.0,2.0,0.0
55.0,32.44904,2.0,41.170597,1.0,0.0,0.0
16.0,124.04901,1.0,56.1543,12.0,0.0,0.0
33.0,83.90925,0.0,32.2799,12.0,1.0,0.0
50.0,51.3961,2.0,27.504602,24.0,1.0,0.0
47.0,65.321434,1.0,64.64164,1.0,2.0,0.0
66.0,114.80133,2.0,72.17679,1.0,4.0,0.0
9.0,28.62604,1.0,61.601154,1.0,3.0,1.0
22.0,35.14248,2.0,37.024544,1.0,1.0,0.0
71.0,100.11407,3.0,35.1986,24.0,0.0,0.0
41.0,98.90633,0.0,36.350216,12.0,0.0,0.0
18.0,146.42009,3.0,67.8079,1.0,0.0,0.0
21.0,68.69143,3.0,33.499023,12.0,1.0,0.0
25.0,28.46009,2.0,67.68081,12.0,2.0,1.0
40.0,89.87987,1.0,62.738064,1.0,0.0,0.0
21.0,102.985085,1.0,74.75454,1.0,0.0,0.0
45.0,38.14836,3.0,71.26306,1.0,1.0,0.0
33.0,91.872055,1.0,60.85311,12.0,0.0,0.0
44.0,45.709724,1.0,20.626377,24.0,0.0,0.0
12.0,129.81491,1.0,62.202568,1.0,0.0,0.0
45.0,128.571,0.0,52.309467,12.0,2.0,0.0
67.0,75.85178,1.0,42.534924,12.0,1.0,0.0
10.0,145.67662,2.0,77.244484,1.0,4.0,1.0
24.0,147.3706,4.0,46.973286,12.0,0.0,0.0
50.0,36.802643,3.0,39.411022,1.0,1.0,0.0
45.0,67.802795,1.0,72.481125,1.0,1.0,0.0
49.0,98.041794,3.0,41.898148,12.0,1.0,0.0
41.0,31.028915,2.0,38.410137,1.0,1.0,0.0
50.0,69.74522,3.0,27.456919,12.0,0.0,0.0
44.0,53.95237,1.0,33.59648,24.0,1.0,0.0
6.0,143.76653,2.0,35.312214,1.0,4.0,1.0
55.0,73.50616,1.0,62.42095,24.0,2.0,0.0
33.0,119.14721,1.0,29.618553,1.0,1.0,0.0
4.0,70.2717,3.0,12.843223,12.0,3.0,1.0
30.0,37.13557,0.0,56.064594,12.0,1.0,0.0
32.0,132.2097,0.0,37.320972,12.0,2.0,0.0
7.0,20.0542,1.0,49.674664,24.0,0.0,0.0
72.0,27.272314,0.0,75.64832,1.0,0.0,0.0
17.0,67.36997,2.0,51.430897,1.0,2.0,0.0
24.0,109.296776,1.0,80.19242,12.0,2.0,0.0
32.0,64.42156,3.0,48.637062,12.0,3.0,1.0
60.0,28.620667,2.0,70.13913,24.0,1.0,0.0
54.0,61.319206,2.0,39.051456,24.0,0.0,0.0
56.0,51.84751,5.0,52.153812,1.0,0.0,0.0
18.0,20.704575,0.0,31.34064,24.0,0.0,1.0
61.0,89.52425,2.0,33.71602,12.0,2.0,0.0
60.0,35.163967,2.0,45.50667,12.0,1.0,0.0
34.0,57.37452,2.0,23.42932,1.0,0.0,0.0
40.0,103.354675,1.0,53.1872,24.0,0.0,0.0
3.0,114.26504,3.0,43.9448,12.0,2.0,1.0
55.0,54.249233,4.0,54.691597,1.0,2.0,0.0
70.0,62.795177,0.0,23.736181,1.0,0.0,1.0
35.0,52.0982,0.0,64.034645,12.0,1.0,0.0
39.0,144.39552,2.0,83.95227,24.0,0.0,0.0
36.0,44.767563,1.0,79.73066,12.0,2.0,0.0
6.0,43.81348,4.0,88.07813,24.0,0.0,0.0
45.0,77.85459,0.0,50.84862,1.0,0.0,0.0
52.0,44.609825,1.0,42.95344,1.0,1.0,0.0
67.0,40.3721,2.0,59.75167,12.0,2.0,0.0
67.0,32.46434,1.0,45.235603,1.0,1.0,0.0
36.0,103.22226,3.0,15.191257,1.0,2.0,1.0
70.0,99.570694,5.0,66.385994,12.0,0.0,0.0
39.0,104.52118,4.0,45.311962,1.0,0.0,1.0
47.0,120.529,2.0,20.652945,1.0,1.0,1.0
44.0,62.42654,2.0,39.834354,1.0,0.0,1.0
72.0,139.39508,2.0,45.766796,1.0,0.0,1.0
54.0,115.3166,1.0,50.23665,1.0,1.0,0.0
9.0,124.612114,2.0,50.4769,1.0,1.0,1.0
6.0,113.72508,6.0,77.380394,24.0,1.0,1.0
30.0,66.599236,2.0,24.22919,12.0,1.0,0.0
38.0,56.794224,1.0,46.957115,12.0,0.0,0.0
49.0,74.927216,3.0,32.420723,1.0,0.0,1.0
35.0,32.613945,0.0,75.12337,1.0,2.0,0.0
38.0,78.666466,3.0,38.770916,24.0,1.0,0.0
67.0,25.608328,3.0,43.1234,12.0,1.0,0.0
25.0,20.512976,3.0,70.993904,24.0,0.0,0.0
36.0,141.09486,2.0,76.4955,1.0,2.0,1.0
41.0,109.61379,4.0,79.45247,12.0,2.0,1.0
34.0,93.0401,1.0,17.137737,12.0,1.0,0.0
70.0,64.34326,2.0,59.658283,1.0,0.0,0.0
70.0,94.169945,3.0,55.40234,24.0,0.0,0.0
37.0,135.90485,3.0,48.975475,1.0,1.0,0.0
33.0,104.80942,2.0,51.331364,12.0,1.0,0.0
43.0,98.32266,3.0,75.71548,1.0,0.0,0.0
14.0,79.826584,3.0,70.77178,12.0,1.0,0.0
31.0,64.94061,2.0,67.93826,24.0,1.0,0.0
16.0,110.81113,4.0,54.138283,12.0,0.0,1.0
11.0,147.52753,1.0,95.41181,24.0,1.0,0.0
7.0,75.2185,1.0,41.987545,1.0,0.0,0.0
43.0,70.98668,2.0,17.68077,24.0,0.0,0.0
1.0,75.654755,2.0,44.695118,12.0,0.0,0.0
47.0,75.32072,2.0,51.154755,24.0,0.0,0.0
32.0,148.78122,2.0,76.06368,12.0,2.0,1.0
27.0,111.88117,3.0,39.780437,12.0,0.0,0.0
56.0,66.69398,5.0,59.8246,12.0,0.0,0.0
39.0,68.29531,0.0,20.455114,24.0,0.0,0.0
53.0,76.0036,3.0,71.62836,24.0,1.0,0.0
52.0,24.772585,1.0,51.366386,12.0,3.0,0.0
3.0,88.616135,4.0,44.388878,12.0,0.0,0.0
16.0,125.47952,2.0,92.63305,12.0,2.0,0.0
42.0,105.87381,2.0,71.39814,1.0,0.0,0.0
71.0,45.79471,3.0,29.203163,1.0,0.0,0.0
12.0,114.644455,4.0,47.812164,12.0,0.0,0.0
8.0,113.52962,3.0,104.72639,12.0,0.0,0.0
68.0,54.130096,0.0,89.57633,12.0,2.0,0.0
70.0,100.97371,2.0,68.45926,12.0,2.0,0.0
13.0,99.42338,3.0,13.059037,1.0,1.0,1.0
29.0,129.1724,1.0,76.643005,1.0,0.0,0.0
46.0,37.6894,0.0,37.296295,1.0,1.0,0.0
15.0,45.329006,0.0,76.47036,1.0,1.0,0.0
24.0,83.17603,0.0,35.54663,12.0,1.0,0.0
29.0,25.738869,1.0,59.776592,24.0,0.0,0.0
47.0,74.027245,1.0,37.194347,24.0,1.0,1.0
23.0,122.468475,0.0,42.734394,1.0,2.0,0.0
30.0,39.33287,0.0,62.44393,24.0,1.0,0.0
21.0,79.793335,1.0,23.622032,12.0,0.0,0.0
55.0,148.67,1.0,97.448364,1.0,0.0,0.0
12.0,85.7696,2.0,29.45557,12.0,3.0,0.0
17.0,84.7821,2.0,28.336996,24.0,0.0,0.0
18.0,92.643166,6.0,62.502674,1.0,1.0,1.0
66.0,44.18057,3.0,75.83882,12.0,0.0,0.0
69.0,39.131306,3.0,43.525944,1.0,2.0,0.0
37.0,108.0561,1.0,28.570616,1.0,1.0,0.0
12.0,71.449684,2.0,31.552422,1.0,0.0,0.0
55.0,57.687862,1.0,29.399609,1.0,0.0,0.0
36.0,24.08091,2.0,56.163593,12.0,2.0,0.0
62.0,129.98656,2.0,48.600277,1.0,0.0,0.0
26.0,24.202753,6.0,58.51665,12.0,0.0,1.0
72.0,117.4978,0.0,57.29739,24.0,1.0,0.0
59.0,69.658516,2.0,66.486244,24.0,1.0,0.0
17.0,97.829414,1.0,41.80112,1.0,1.0,1.0
53.0,52.19814,1.0,35.235905,1.0,0.0,0.0
21.0,40.201958,1.0,53.12588,12.0,2.0,0.0
26.0,89.34044,3.0,48.9002,1.0,2.0,0.0
19.0,110.4303,2.0,55.05904,1.0,1.0,0.0
50.0,45.414127,2.0,35.76574,12.0,0.0,0.0
19.0,76.72666,0.0,62.844345,12.0,2.0,0.0
46.0,77.805145,2.0,26.432535,1.0,0.0,0.0
42.0,48.07729,2.0,41.192307,1.0,0.0,0.0
55.0,93.45643,4.0,72.580826,24.0,1.0,1.0
72.0,38.971638,2.0,27.373701,24.0,0.0,0.0
1.0,86.267395,1.0,71.00486,12.0,2.0,0.0
72.0,34.746098,4.0,21.818012,12.0,2.0,0.0
8.0,83.120514,2.0,18.295483,12.0,0.0,0.0
38.0,60.507877,0.0,20.122755,1.0,1.0,0.0
25.0,78.792015,2.0,52.336124,24.0,0.0,0.0
47.0,76.38741,1.0,64.59191,1.0,0.0,0.0
52.0,138.03131,3.0,75.85188,12.0,1.0,0.0
62.0,83.69163,2.0,74.257416,1.0,1.0,0.0
29.0,126.404854,4.0,67.253975,12.0,2.0,0.0
68.0,49.334812,0.0,33.36433,24.0,1.0,0.0
24.0,65.77076,2.0,33.18993,12.0,0.0,1.0
15.0,29.76162,4.0,65.755844,12.0,0.0,0.0
28.0,74.69721,4.0,78.42617,12.0,1.0,0.0
39.0,106.930984,1.0,29.377182,12.0,1.0,0.0
49.0,128.96172,4.0,75.87999,12.0,1.0,0.0
60.0,93.56894,2.0,11.59325,12.0,1.0,0.0
17.0,103.20945,3.0,57.7985,12.0,0.0,0.0
22.0,43.04472,3.0,47.923855,12.0,1.0,0.0
68.0,24.836784,2.0,45.916206,1.0,0.0,0.0
32.0,122.91946,0.0,50.625423,12.0,0.0,0.0
18.0,41.714966,1.0,32.925396,1.0,0.0,0.0
71.0,31.85204,4.0,58.921562,12.0,1.0,0.0
33.0,141.8831,1.0,51.21337,1.0,2.0,1.0
71.0,145.25778,1.0,68.70623,24.0,1.0,0.0
67.0,100.11345,2.0,81.80781,1.0,1.0,0.0
66.0,69.22285,0.0,52.538338,12.0,1.0,0.0
42.0,128.32114,2.0,33.625633,1.0,1.0,1.0
58.0,46.613594,1.0,27.242018,24.0,2.0,0.0
70.0,75.821,1.0,83.965034,1.0,3.0,0.0
20.0,66.41225,2.0,81.40746,12.0,2.0,0.0
3.0,138.651,1.0,67.74743,1.0,5.0,1.0
24.0,139.57106,4.0,51.19708,24.0,2.0,0.0
46.0,104.61517,1.0,66.303314,1.0,0.0,0.0
40.0,34.396217,2.0,76.08931,12.0,0.0,0.0
6.0,82.68507,1.0,37.64086,1.0,3.0,1.0
41.0,51.89269,3.0,50.595905,1.0,0.0,1.0
13.0,135.03903,0.0,27.87529,1.0,0.0,1.0
37.0,37.992363,1.0,47.418766,12.0,3.0,0.0
42.0,27.060335,1.0,80.88547,1.0,3.0,0.0
46.0,111.575775,6.0,71.57095,24.0,2.0,0.0
30.0,78.92719,2.0,52.700134,12.0,3.0,0.0
30.0,128.98744,2.0,1.0,12.0,1.0,0.0
49.0,29.701853,0.0,36.884148,1.0,2.0,0.0
54.0,124.1399,1.0,52.04812,1.0,2.0,1.0
59.0,24.853518,3.0,45.681732,24.0,0.0,0.0
25.0,23.649101,5.0,50.655453,24.0,3.0,0.0
31.0,79.97105,3.0,54.8518,12.0,1.0,0.0
24.0,48.767868,2.0,39.326385,24.0,1.0,0.0
38.0,97.18343,3.0,49.84938,1.0,0.0,1.0
10.0,23.356209,2.0,47.01113,24.0,0.0,0.0
31.0,24.600641,5.0,35.935947,12.0,2.0,0.0
14.0,114.529305,2.0,86.92675,24.0,0.0,0.0
39.0,47.321472,1.0,40.47083,12.0,1.0,0.0
62.0,105.33423,3.0,4.915816,1.0,1.0,0.0
71.0,117.48988,0.0,85.66531,12.0,1.0,0.0
33.0,27.71305,1.0,33.074482,24.0,2.0,0.0
5.0,120.068016,3.0,67.99817,1.0,0.0,1.0
17.0,54.89476,2.0,36.38227,12.0,0.0,0.0
8.0,70.640976,5.0,61.385563,12.0,0.0,0.0
55.0,31.263096,2.0,49.037052,1.0,2.0,1.0
71.0,129.0219,3.0,70.006615,1.0,1.0,0.0
40.0,92.894745,1.0,45.725914,12.0,1.0,0.0
13.0,85.60648,0.0,36.8936,24.0,1.0,0.0
2.0,145.91212,0.0,55.140396,12.0,0.0,0.0
71.0,63.48575,1.0,42.350166,24.0,0.0,0.0
23.0,135.8013,2.0,11.416543,1.0,3.0,0.0
9.0,113.559425,1.0,37.969986,1.0,0.0,1.0
13.0,140.70866,0.0,107.37538,1.0,2.0,1.0
19.0,138.01427,2.0,13.572542,12.0,0.0,1.0
48.0,148.83388,3.0,54.820995,12.0,2.0,0.0
65.0,37.117977,2.0,45.14208,1.0,1.0,0.0
20.0,123.48213,2.0,86.7284,12.0,1.0,0.0
50.0,124.58427,2.0,27.779234,12.0,0.0,0.0
5.0,103.76856,6.0,52.02607,12.0,0.0,1.0
1.0,56.251926,1.0,63.723953,12.0,1.0,0.0
4.0,145.46927,3.0,46.41411,12.0,5.0,1.0
67.0,46.57488,1.0,34.648937,24.0,1.0,0.0
42.0,84.9448,1.0,49.556076,12.0,1.0,0.0
58.0,87.79333,4.0,43.810074,24.0,0.0,0.0
2.0,41.037815,2.0,43.75395,24.0,1.0,0.0
2.0,113.92875,2.0,68.61425,24.0,0.0,0.0
62.0,31.55273,2.0,58.05899,1.0,1.0,0.0
8.0,110.102715,2.0,61.03534,12.0,3.0,1.0
12.0,130.32,4.0,56.605923,1.0,1.0,0.0
38.0,65.42153,3.0,69.19761,1.0,1.0,1.0
44.0,112.22471,3.0,76.0852,12.0,1.0,0.0
17.0,40.380623,0.0,44.265736,1.0,1.0,0.0
33.0,129.97337,2.0,66.38938,12.0,1.0,1.0
49.0,143.76411,2.0,24.076235,24.0,2.0,0.0
32.0,39.85018,5.0,4.9388804,1.0,0.0,0.0
28.0,109.941734,3.0,86.5281,24.0,0.0,0.0
6.0,85.75804,2.0,43.332832,24.0,1.0,0.0
33.0,89.09491,1.0,55.049458,24.0,2.0,0.0
58.0,111.843666,1.0,25.495684,1.0,3.0,0.0
46.0,83.53626,4.0,24.573126,24.0,2.0,0.0
65.0,98.042435,1.0,35.741123,1.0,0.0,0.0
10.0,50.01713,0.0,62.857956,24.0,1.0,0.0
1.0,69.20586,0.0,39.669144,1.0,0.0,0.0
40.0,132.48125,1.0,43.28419,1.0,1.0,1.0
13.0,34.287327,1.0,35.10978,1.0,0.0,0.0
43.0,97.684784,0.0,73.315765,12.0,1.0,0.0
66.0,43.957317,3.0,67.3706,24.0,0.0,0.0
25.0,130.05014,0.0,40.317036,12.0,1.0,0.0
40.0,95.27571,2.0,63.682323,12.0,0.0,0.0
50.0,72.39634,2.0,45.09526,1.0,0.0,0.0
11.0,52.477207,4.0,43.249016,24.0,1.0,0.0
65.0,76.78981,3.0,49.005783,12.0,0.0,0.0
15.0,144.48961,1.0,62.864677,24.0,1.0,0.0
59.0,86.197205,4.0,32.15601,24.0,2.0,1.0
48.0,81.03364,2.0,60.047894,1.0,1.0,0.0
11.0,117.015594,1.0,99.95642,1.0,1.0,0.0
53.0,69.276115,3.0,53.662422,12.0,3.0,0.0
15.0,75.56512,2.0,50.714363,24.0,1.0,0.0
44.0,63.803204,1.0,48.316647,12.0,0.0,0.0
70.0,39.619568,4.0,59.56423,24.0,2.0,0.0
69.0,112.7952,1.0,17.791924,24.0,1.0,1.0
63.0,133.49402,1.0,84.02168,1.0,2.0,0.0
36.0,137.72705,7.0,69.62374,12.0,0.0,1.0
41.0,134.50438,0.0,37.109684,12.0,1.0,0.0
22.0,78.731895,3.0,50.630943,1.0,0.0,0.0
67.0,56.928604,2.0,38.853035,24.0,1.0,0.0
35.0,102.930084,3.0,55.9847,1.0,4.0,0.0
56.0,144.11163,2.0,51.227016,12.0,1.0,0.0
26.0,114.51659,2.0,54.57267,12.0,0.0,0.0
54.0,84.330315,2.0,29.433569,24.0,2.0,0.0
17.0,109.54511,1.0,40.36913,12.0,1.0,0.0
53.0,120.42993,4.0,72.92116,12.0,0.0,0.0
4.0,139.505,4.0,39.324173,1.0,1.0,0.0
8.0,119.21805,4.0,1.0,24.0,1.0,0.0
26.0,76.31477,0.0,46.987392,12.0,1.0,0.0
35.0,55.568848,2.0,98.22982,12.0,1.0,0.0
52.0,84.98462,2.0,66.977554,24.0,0.0,0.0
26.0,62.66313,3.0,38.317085,12.0,1.0,0.0
2.0,142.5594,2.0,48.987965,1.0,0.0,1.0
24.0,86.03556,3.0,63.597187,1.0,1.0,0.0
32.0,81.367325,1.0,14.874965,12.0,0.0,0.0
40.0,65.26551,2.0,32.87882,1.0,0.0,0.0
47.0,103.12291,0.0,57.966938,1.0,1.0,0.0
18.0,87.60667,1.0,81.88973,1.0,2.0,0.0
44.0,36.77636,3.0,41.213535,12.0,1.0,0.0
46.0,132.99701,0.0,81.34035,12.0,1.0,0.0
56.0,66.67167,3.0,34.91353,12.0,1.0,0.0
38.0,76.2352,0.0,1.0,12.0,1.0,0.0
59.0,46.736717,2.0,64.87621,12.0,2.0,0.0
16.0,91.941765,0.0,60.80798,1.0,1.0,0.0
52.0,111.26716,0.0,64.72369,24.0,0.0,0.0
4.0,134.5515,2.0,63.942097,12.0,0.0,1.0
8.0,26.708996,1.0,53.835003,24.0,2.0,0.0
63.0,146.53314,2.0,44.823696,12.0,1.0,0.0
35.0,111.49631,0.0,45.58623,1.0,1.0,0.0
45.0,56.958828,1.0,40.791973,12.0,2.0,0.0
44.0,46.58172,1.0,41.992184,1.0,2.0,0.0
51.0,58.49143,4.0,13.7793045,24.0,0.0,0.0
18.0,133.84435,4.0,25.71384,12.0,0.0,1.0
13.0,57.880722,3.0,46.731575,1.0,0.0,0.0
4.0,80.16675,5.0,5.1826606,12.0,2.0,1.0
63.0,111.74595,1.0,9.843204,12.0,0.0,1.0
17.0,133.35869,1.0,43.314358,1.0,1.0,1.0
42.0,105.61425,5.0,47.43338,1.0,2.0,1.0
33.0,117.9042,3.0,43.732895,24.0,1.0,0.0
12.0,42.532482,0.0,2.4018533,1.0,1.0,1.0
30.0,134.06302,4.0,81.047905,1.0,1.0,1.0
6.0,55.843494,3.0,21.275387,1.0,0.0,1.0
13.0,36.689163,2.0,33.63678,12.0,0.0,0.0
11.0,146.91176,1.0,24.76464,12.0,2.0,0.0
60.0,46.213192,2.0,75.98061,12.0,0.0,0.0
41.0,37.764755,1.0,58.428402,24.0,0.0,0.0
67.0,101.38271,6.0,40.535137,1.0,2.0,0.0
32.0,61.45221,5.0,39.12688,1.0,2.0,0.0
15.0,37.335396,1.0,53.591866,1.0,1.0,0.0
44.0,98.145744,3.0,25.068914,12.0,2.0,0.0
67.0,118.66808,2.0,57.614788,1.0,1.0,0.0
39.0,123.11579,1.0,39.027103,12.0,2.0,1.0
2.0,40.216637,4.0,60.392784,24.0,1.0,0.0
22.0,92.392715,7.0,59.71445,1.0,3.0,1.0
67.0,125.77819,1.0,38.12777,24.0,2.0,0.0
38.0,40.94131,2.0,8.945769,24.0,2.0,0.0
69.0,46.99869,1.0,45.063496,12.0,1.0,0.0
37.0,20.313482,2.0,21.010538,24.0,1.0,0.0
1.0,88.20244,5.0,51.572693,12.0,1.0,1.0
63.0,45.30862,2.0,44.86856,1.0,3.0,0.0
55.0,114.151535,5.0,38.2401,12.0,1.0,0.0
52.0,145.0878,0.0,24.088755,1.0,0.0,0.0
70.0,47.138214,0.0,73.73579,12.0,0.0,0.0
15.0,104.382614,2.0,40.926353,24.0,1.0,0.0
66.0,47.53848,1.0,97.06702,12.0,0.0,0.0
17.0,22.34089,2.0,50.698593,1.0,2.0,0.0
70.0,118.612045,0.0,57.031788,12.0,0.0,0.0
14.0,76.42061,3.0,50.784245,24.0,1.0,1.0
40.0,143.08229,3.0,56.831436,1.0,0.0,1.0
57.0,89.45716,0.0,71.853745,1.0,2.0,0.0
6.0,40.472775,4.0,72.084526,1.0,0.0,1.0
5.0,78.47068,0.0,14.667846,24.0,4.0,0.0
62.0,46.375935,0.0,67.10995,12.0,1.0,0.0
5.0,134.1438,2.0,59.942787,1.0,0.0,1.0
45.0,109.81741,0.0,50.717842,12.0,2.0,0.0
68.0,64.361046,0.0,84.251015,12.0,2.0,0.0
45.0,88.61664,2.0,85.055336,1.0,0.0,0.0
35.0,107.032425,3.0,68.09193,24.0,2.0,0.0
31.0,121.7715,3.0,39.129322,12.0,1.0,0.0
46.0,30.419138,1.0,26.150337,1.0,4.0,0.0
42.0,22.92745,0.0,65.088005,24.0,1.0,0.0
37.0,34.87885,2.0,77.190674,1.0,1.0,0.0
12.0,71.34952,1.0,9.426845,1.0,2.0,0.0
48.0,80.67186,2.0,71.72589,12.0,1.0,0.0
54.0,37.740013,7.0,44.90269,1.0,1.0,0.0
52.0,73.449905,1.0,13.819943,12.0,2.0,0.0
6.0,77.410965,1.0,59.387924,1.0,1.0,0.0
51.0,34.181694,4.0,68.18774,1.0,2.0,0.0
53.0,139.1658,1.0,42.973026,24.0,3.0,0.0
14.0,97.88897,2.0,28.852907,1.0,1.0,0.0
62.0,70.50962,2.0,84.24182,12.0,1.0,0.0
38.0,85.897934,1.0,36.627262,1.0,1.0,0.0
35.0,60.845673,1.0,73.189445,24.0,1.0,0.0
53.0,131.06303,3.0,19.738993,1.0,1.0,1.0
37.0,94.75195,3.0,58.320103,1.0,1.0,1.0
40.0,84.33646,6.0,57.750145,24.0,2.0,0.0
23.0,138.4151,4.0,67.46832,1.0,3.0,0.0
67.0,128.93736,3.0,79.859665,24.0,0.0,0.0
70.0,125.664246,3.0,33.727406,12.0,3.0,1.0
10.0,49.329197,1.0,60.415497,24.0,0.0,0.0
53.0,39.906006,5.0,22.668652,1.0,3.0,1.0
2.0,109.71255,0.0,22.441702,24.0,1.0,1.0
27.0,80.92349,4.0,38.433308,1.0,1.0,1.0
70.0,108.88265,4.0,58.186546,1.0,0.0,1.0
13.0,118.88154,3.0,83.53735,24.0,1.0,0.0
28.0,58.390755,1.0,87.17891,1.0,1.0,1.0
16.0,57.004555,3.0,42.902172,1.0,2.0,1.0
53.0,83.808105,3.0,56.11069,12.0,0.0,0.0
34.0,55.56141,1.0,68.86011,1.0,1.0,0.0
43.0,106.74838,0.0,65.307655,1.0,1.0,1.0
68.0,117.07496,2.0,46.610867,12.0,1.0,0.0
38.0,81.36507,2.0,51.522102,12.0,2.0,0.0
53.0,114.09397,5.0,47.796383,12.0,1.0,0.0
8.0,86.35688,3.0,45.83252,12.0,2.0,0.0
16.0,112.673325,3.0,43.17179,1.0,0.0,0.0
69.0,49.245872,2.0,47.60683,12.0,1.0,0.0
62.0,116.0496,2.0,41.883717,1.0,1.0,0.0
48.0,112.966125,6.0,27.291647,1.0,1.0,1.0
28.0,54.65874,0.0,67.2516,1.0,2.0,0.0
15.0,92.27623,4.0,60.325153,12.0,1.0,0.0
62.0,131.19052,2.0,87.531876,1.0,0.0,0.0
57.0,52.437943,4.0,57.39036,12.0,0.0,0.0
18.0,115.67737,1.0,41.660797,1.0,1.0,0.0
43.0,144.01567,1.0,37.47129,1.0,0.0,1.0
45.0,132.61145,1.0,50.947323,1.0,1.0,0.0
35.0,72.19761,2.0,61.057503,12.0,1.0,0.0
67.0,98.937004,3.0,45.10579,12.0,1.0,0.0
9.0,148.93011,1.0,20.59485,12.0,2.0,0.0
19.0,93.896866,4.0,35.219795,24.0,0.0,0.0
7.0,34.953587,1.0,50.3605,1.0,1.0,1.0
50.0,25.905998,2.0,64.80567,1.0,0.0,0.0
47.0,122.74088,0.0,20.283525,24.0,2.0,1.0
72.0,75.071686,4.0,55.30167,12.0,2.0,0.0
40.0,52.085674,2.0,54.42239,1.0,1.0,1.0
11.0,65.197365,0.0,40.96847,1.0,0.0,0.0
33.0,118.45847,3.0,38.261555,12.0,1.0,0.0
7.0,80.482155,1.0,35.273525,1.0,0.0,0.0
49.0,132.90494,1.0,52.816128,12.0,1.0,1.0
49.0,115.54033,5.0,72.53638,1.0,0.0,1.0
62.0,146.62184,1.0,73.95569,24.0,2.0,1.0
25.0,135.5055,2.0,27.520393,12.0,1.0,0.0
23.0,53.091137,3.0,46.260437,24.0,2.0,0.0
6.0,105.677704,4.0,6.129804,1.0,1.0,1.0
30.0,22.670595,5.0,52.183685,12.0,1.0,0.0
35.0,148.84387,1.0,61.952957,24.0,0.0,0.0
55.0,53.930794,1.0,81.41922,1.0,0.0,0.0
55.0,106.42336,2.0,14.270852,12.0,3.0,0.0
11.0,130.38997,1.0,28.238802,1.0,2.0,1.0
21.0,40.860405,2.0,52.882736,12.0,0.0,0.0
37.0,130.22432,2.0,17.632233,24.0,2.0,0.0
25.0,21.591936,3.0,53.444244,12.0,0.0,0.0
2.0,77.45703,3.0,62.460052,24.0,0.0,0.0
61.0,81.36489,6.0,24.374245,1.0,0.0,0.0
53.0,68.63179,0.0,52.651707,24.0,1.0,0.0
38.0,96.23002,1.0,25.755781,12.0,2.0,0.0
23.0,138.9295,3.0,77.508514,1.0,2.0,1.0
61.0,62.508583,4.0,54.132923,24.0,1.0,0.0
3.0,95.30379,1.0,37.19872,1.0,1.0,1.0
33.0,134.07013,1.0,25.237173,1.0,2.0,1.0
58.0,120.4894,1.0,57.782993,24.0,0.0,0.0
69.0,25.295324,0.0,77.15871,1.0,1.0,0.0
19.0,142.5628,2.0,34.569923,1.0,2.0,0.0
47.0,26.064098,0.0,41.207108,1.0,1.0,0.0
14.0,96.538605,1.0,34.957188,24.0,0.0,0.0
9.0,94.79597,1.0,81.10985,1.0,0.0,1.0
26.0,122.23073,2.0,11.82719,1.0,0.0,0.0
64.0,39.297596,7.0,75.71186,1.0,1.0,1.0
50.0,43.31815,2.0,42.45604,1.0,0.0,0.0
36.0,117.7739,1.0,48.5677,1.0,0.0,0.0
21.0,39.43562,1.0,43.187305,24.0,4.0,1.0
11.0,81.02787,1.0,54.79202,24.0,0.0,0.0
20.0,115.11425,1.0,35.404026,24.0,2.0,0.0
11.0,104.66145,1.0,71.16766,12.0,1.0,0.0
14.0,47.378544,1.0,71.97994,1.0,0.0,0.0
50.0,59.514835,2.0,30.33182,1.0,2.0,0.0
10.0,145.96674,3.0,63.34934,12.0,3.0,1.0
4.0,78.32718,2.0,42.87012,1.0,3.0,1.0
40.0,25.779472,3.0,51.03267,12.0,1.0,0.0
21.0,48.546036,3.0,80.50302,1.0,2.0,0.0
33.0,64.51656,1.0,36.519318,12.0,0.0,0.0
11.0,149.93362,3.0,68.53099,1.0,1.0,0.0
16.0,59.3499,2.0,59.1425,12.0,2.0,0.0
32.0,23.43146,2.0,46.11944,24.0,1.0,0.0
50.0,86.6798,2.0,57.348072,1.0,1.0,0.0
30.0,30.8687,0.0,54.96824,1.0,0.0,0.0
40.0,55.628788,0.0,26.832933,1.0,0.0,0.0
38.0,149.00981,4.0,37.865524,1.0,1.0,1.0
20.0,111.603004,2.0,29.094952,12.0,0.0,0.0
21.0,26.586662,5.0,44.467625,24.0,1.0,0.0
31.0,78.32928,1.0,76.9007,24.0,0.0,0.0
3.0,42.312878,1.0,61.620556,12.0,0.0,0.0
50.0,35.982807,0.0,21.348219,12.0,0.0,0.0
45.0,96.318504,3.0,44.532646,1.0,1.0,0.0
23.0,85.73527,0.0,54.672497,24.0,4.0,0.0
27.0,116.572655,1.0,64.88177,12.0,1.0,1.0
24.0,135.99982,4.0,36.98466,1.0,0.0,1.0
47.0,52.06864,1.0,25.251364,24.0,1.0,0.0
55.0,139.98895,0.0,48.873142,12.0,3.0,1.0
8.0,87.33893,3.0,61.380592,1.0,1.0,1.0
30.0,53.64854,1.0,54.69693,12.0,1.0,0.0
1.0,129.95216,3.0,32.30645,1.0,0.0,1.0
33.0,24.618889,0.0,85.09238,1.0,0.0,0.0
18.0,92.73622,2.0,48.02369,1.0,0.0,1.0
25.0,113.8108,1.0,53.874207,12.0,0.0,0.0
33.0,56.3971,3.0,36.76065,1.0,2.0,1.0
24.0,132.25395,2.0,72.13016,1.0,4.0,1.0
29.0,51.23699,1.0,61.43694,1.0,0.0,0.0
56.0,129.18365,0.0,56.29327,1.0,1.0,0.0
59.0,30.210846,2.0,26.966904,12.0,3.0,1.0
1.0,40.79059,4.0,71.88061,12.0,1.0,0.0
28.0,69.52799,3.0,65.13806,1.0,2.0,0.0
61.0,131.02722,0.0,70.29867,1.0,1.0,0.0
39.0,38.796097,1.0,50.740585,1.0,3.0,0.0
15.0,133.80698,2.0,48.502777,12.0,1.0,0.0
43.0,49.865097,4.0,46.358143,24.0,2.0,0.0
11.0,78.826096,2.0,95.579956,1.0,1.0,1.0
2.0,65.85547,2.0,39.151073,1.0,0.0,0.0
46.0,35.35641,4.0,26.275103,1.0,2.0,1.0
38.0,142.76027,2.0,42.534878,12.0,3.0,0.0
55.0,76.96318,1.0,39.33746,1.0,0.0,0.0
25.0,109.743065,2.0,75.19694,12.0,1.0,0.0
62.0,94.7848,0.0,22.880152,12.0,2.0,0.0
31.0,85.22307,2.0,38.77418,1.0,1.0,0.0
54.0,100.15509,3.0,53.810463,12.0,0.0,0.0
8.0,136.7845,3.0,75.36586,24.0,0.0,0.0
7.0,110.91061,2.0,64.26265,1.0,1.0,1.0
57.0,89.22241,1.0,82.38035,12.0,1.0,0.0
61.0,103.874176,3.0,56.91586,12.0,3.0,1.0
68.0,98.83125,1.0,45.927612,1.0,2.0,0.0
24.0,76.305756,3.0,67.11113,24.0,0.0,0.0
2.0,101.21932,1.0,22.656782,1.0,1.0,1.0
71.0,77.66408,2.0,15.8022995,1.0,1.0,1.0
44.0,118.48987,4.0,69.52527,12.0,0.0,0.0
18.0,145.95862,2.0,54.211338,24.0,1.0,0.0
55.0,144.7825,1.0,69.280075,1.0,1.0,0.0
66.0,126.695656,1.0,32.952553,12.0,2.0,0.0
21.0,98.22865,2.0,75.69568,1.0,1.0,1.0
56.0,117.41316,1.0,63.407177,12.0,0.0,0.0
57.0,43.14628,1.0,49.377594,12.0,1.0,0.0
37.0,82.2724,2.0,54.146957,12.0,1.0,0.0
46.0,53.44962,1.0,56.938557,24.0,5.0,0.0
20.0,20.454348,0.0,32.865356,12.0,2.0,1.0
67.0,145.67589,2.0,42.29971,1.0,1.0,0.0
71.0,132.30031,2.0,56.622448,24.0,0.0,0.0
71.0,86.78082,2.0,41.497322,1.0,1.0,0.0
54.0,53.0398,2.0,20.611622,12.0,1.0,0.0
4.0,110.08678,1.0,55.897774,12.0,1.0,0.0
27.0,76.52414,1.0,66.72068,24.0,1.0,0.0
33.0,124.43544,3.0,71.37069,1.0,1.0,1.0
70.0,149.93735,1.0,60.64621,12.0,2.0,0.0
40.0,65.38074,1.0,66.36614,12.0,0.0,0.0
39.0,51.772396,3.0,69.75018,12.0,2.0,1.0
11.0,54.759724,0.0,51.593117,24.0,0.0,0.0
58.0,32.135014,2.0,7.6216664,1.0,2.0,0.0
25.0,71.226006,4.0,73.195625,1.0,1.0,0.0
7.0,22.265257,0.0,32.133633,12.0,1.0,0.0
72.0,34.87142,4.0,27.382462,1.0,1.0,0.0
14.0,55.320446,4.0,27.93185,24.0,1.0,1.0
2.0,40.78216,4.0,99.69156,1.0,0.0,0.0
6.0,115.18068,2.0,58.810955,12.0,3.0,1.0
33.0,33.728622,6.0,29.167671,12.0,3.0,1.0
8.0,132.57924,4.0,36.331673,24.0,2.0,1.0
61.0,48.744884,2.0,49.9855,12.0,0.0,0.0
37.0,34.11678,3.0,60.848076,1.0,3.0,0.0
24.0,21.313864,0.0,55.585846,1.0,2.0,0.0
1.0,112.976654,6.0,31.427872,24.0,1.0,1.0
35.0,53.360176,3.0,56.34293,24.0,0.0,0.0
11.0,86.23482,2.0,37.776245,12.0,1.0,0.0
71.0,34.510086,3.0,70.9383,12.0,0.0,0.0
21.0,148.08847,1.0,51.12593,1.0,3.0,0.0
35.0,36.300014,1.0,34.813316,12.0,1.0,0.0
2.0,73.55037,2.0,63.779083,12.0,0.0,0.0
10.0,130.71443,2.0,57.664898,1.0,0.0,0.0
15.0,51.835304,1.0,40.502686,1.0,1.0,1.0
4.0,54.706333,5.0,64.601845,12.0,0.0,0.0
53.0,125.104935,1.0,62.582344,12.0,2.0,0.0
69.0,55.534157,1.0,74.036446,1.0,2.0,0.0
71.0,20.37327,2.0,64.202774,24.0,1.0,0.0
20.0,75.628784,3.0,45.72106,1.0,0.0,0.0
57.0,21.629578,2.0,16.189404,12.0,1.0,0.0
37.0,138.273,1.0,53.732933,24.0,0.0,0.0
4.0,103.43572,3.0,56.836086,24.0,1.0,0.0
7.0,95.791855,1.0,51.023937,24.0,2.0,1.0
40.0,46.206635,1.0,1.0,24.0,1.0,0.0
31.0,110.993004,3.0,63.5766,12.0,1.0,0.0
1.0,108.043106,3.0,31.758995,12.0,0.0,1.0
67.0,27.860264,3.0,63.714455,24.0,2.0,0.0
53.0,134.51006,0.0,84.013695,12.0,0.0,0.0
37.0,95.32374,3.0,44.94405,12.0,1.0,0.0
72.0,123.02069,3.0,58.76968,1.0,1.0,0.0
70.0,54.17883,0.0,50.655556,12.0,0.0,0.0
71.0,35.866215,1.0,60.511673,1.0,0.0,0.0
19.0,111.31844,2.0,52.0689,12.0,0.0,1.0
64.0,123.20475,4.0,39.660393,1.0,2.0,1.0
37.0,70.18436,3.0,31.901155,1.0,0.0,0.0
53.0,23.079996,1.0,81.80931,1.0,0.0,0.0
62.0,126.373024,2.0,58.77106,12.0,2.0,1.0
12.0,46.79221,3.0,66.6103,24.0,3.0,0.0
33.0,64.07415,1.0,57.98126,1.0,0.0,1.0
10.0,101.67003,3.0,69.515366,1.0,0.0,1.0
21.0,32.994114,2.0,32.080654,12.0,1.0,0.0
30.0,29.35945,2.0,51.663628,12.0,0.0,1.0
62.0,23.34149,2.0,60.109722,1.0,1.0,1.0
63.0,139.16318,3.0,75.85339,12.0,2.0,0.0
29.0,60.479755,3.0,103.461525,24.0,2.0,0.0
24.0,105.88564,2.0,58.15037,1.0,0.0,0.0
39.0,148.60059,2.0,36.777985,12.0,1.0,0.0
66.0,107.0286,4.0,26.08714,1.0,1.0,0.0
71.0,88.26232,2.0,31.903706,24.0,2.0,0.0
17.0,87.71959,2.0,34.517612,24.0,0.0,0.0
14.0,68.99923,3.0,1.0,12.0,0.0,0.0
51.0,97.97135,3.0,36.4869,24.0,1.0,0.0
22.0,144.64288,0.0,64.334816,1.0,2.0,1.0
15.0,122.445724,1.0,51.507996,12.0,0.0,1.0
3.0,75.14946,4.0,44.827507,24.0,0.0,0.0
30.0,63.217827,1.0,17.560947,24.0,2.0,0.0
29.0,134.8591,2.0,71.0082,12.0,2.0,0.0
41.0,37.652157,1.0,60.236267,1.0,2.0,0.0
15.0,130.44609,1.0,49.741367,1.0,0.0,0.0
52.0,53.15998,2.0,5.949616,1.0,1.0,0.0
49.0,113.0318,2.0,40.18455,24.0,1.0,0.0
34.0,124.80868,1.0,58.674366,12.0,0.0,0.0
14.0,82.009544,2.0,49.428654,12.0,1.0,1.0
37.0,44.996918,1.0,53.83876,1.0,2.0,0.0
49.0,129.81981,3.0,63.708923,12.0,1.0,1.0
27.0,67.776085,1.0,53.09478,12.0,1.0,0.0
19.0,61.688435,3.0,62.9935,12.0,1.0,0.0
37.0,86.3021,1.0,33.129017,1.0,1.0,0.0
26.0,76.56121,5.0,25.544565,1.0,0.0,1.0
29.0,108.79679,0.0,59.547215,1.0,1.0,1.0
26.0,37.835716,0.0,63.64817,24.0,0.0,0.0
22.0,76.639656,3.0,60.379475,12.0,2.0,0.0
52.0,135.92123,1.0,52.631725,12.0,1.0,0.0
34.0,24.688152,2.0,43.51918,24.0,0.0,0.0
34.0,79.45399,1.0,54.21972,12.0,0.0,0.0
48.0,105.869156,3.0,57.586,12.0,1.0,0.0
27.0,135.40244,0.0,58.78595,12.0,0.0,0.0
8.0,97.19221,3.0,102.14279,1.0,0.0,1.0
62.0,127.18295,3.0,31.583923,1.0,1.0,0.0
5.0,48.949833,2.0,114.51986,24.0,1.0,0.0
42.0,65.86523,2.0,24.863579,12.0,2.0,0.0
20.0,142.47719,1.0,57.713375,1.0,2.0,1.0
16.0,135.17676,2.0,26.103148,24.0,2.0,1.0
4.0,92.53389,1.0,56.124874,1.0,2.0,0.0
65.0,81.813484,4.0,69.642456,12.0,1.0,0.0
31.0,78.63876,3.0,50.651653,12.0,1.0,0.0
25.0,27.642656,2.0,69.46161,1.0,2.0,0.0
54.0,136.00902,2.0,41.526356,1.0,2.0,0.0
3.0,126.359436,1.0,9.002717,12.0,1.0,1.0
41.0,79.31265,1.0,62.534184,24.0,0.0,0.0
36.0,56.327198,5.0,50.612766,24.0,1.0,0.0
40.0,64.57968,2.0,40.407722,24.0,1.0,0.0
9.0,36.010876,0.0,41.78877,1.0,0.0,0.0
69.0,113.832664,3.0,58.131634,1.0,1.0,1.0
18.0,92.36708,2.0,33.709343,12.0,1.0,0.0
49.0,50.433445,0.0,57.504898,12.0,2.0,0.0
54.0,100.99072,2.0,73.77274,1.0,1.0,0.0
25.0,147.29993,0.0,91.2014,1.0,2.0,0.0
10.0,35.91137,2.0,78.09053,1.0,0.0,0.0
22.0,79.60305,3.0,53.23491,1.0,0.0,0.0
59.0,84.24065,4.0,55.1533,12.0,1.0,0.0
66.0,41.68364,2.0,41.99503,24.0,0.0,0.0
68.0,89.10543,3.0,40.68713,1.0,0.0,0.0
17.0,98.77705,0.0,67.440636,12.0,0.0,0.0
44.0,40.45479,3.0,43.8498,1.0,0.0,0.0
11.0,40.114105,0.0,57.32199,1.0,0.0,0.0
52.0,131.32533,1.0,30.74981,1.0,2.0,0.0
30.0,60.480366,4.0,77.40625,1.0,0.0,0.0
52.0,101.943344,4.0,43.550865,1.0,0.0,1.0
50.0,101.4805,1.0,71.75958,12.0,2.0,1.0
72.0,129.09221,3.0,35.92354,12.0,0.0,0.0
36.0,116.1863,1.0,34.86579,12.0,0.0,1.0
25.0,129.27493,3.0,76.56064,12.0,1.0,0.0
38.0,101.27792,4.0,37.47985,1.0,1.0,1.0
12.0,78.42943,1.0,18.641994,1.0,0.0,0.0
9.0,71.16365,2.0,29.201189,1.0,2.0,1.0
38.0,69.27387,1.0,67.13417,1.0,1.0,0.0
60.0,74.391106,5.0,65.21241,1.0,0.0,0.0
39.0,36.810204,3.0,34.749977,24.0,0.0,0.0
57.0,75.114586,7.0,37.365627,24.0,0.0,0.0
13.0,70.62784,6.0,63.460316,24.0,0.0,1.0
33.0,24.494316,1.0,76.31841,12.0,2.0,0.0
45.0,55.767,0.0,48.62401,12.0,0.0,0.0
26.0,117.74791,3.0,61.08477,12.0,0.0,0.0
2.0,95.13293,4.0,67.46866,12.0,1.0,0.0
6.0,124.80177,1.0,93.06007,1.0,0.0,0.0
67.0,90.549446,0.0,26.885681,24.0,1.0,0.0
44.0,131.03088,2.0,36.62553,24.0,1.0,0.0
20.0,123.48872,1.0,39.870533,1.0,0.0,1.0
19.0,32.776993,0.0,66.55048,12.0,0.0,0.0
3.0,147.01083,3.0,44.961647,24.0,1.0,0.0
69.0,21.917168,1.0,56.244915,24.0,1.0,0.0
8.0,97.58894,0.0,52.43686,1.0,0.0,1.0
55.0,123.0265,2.0,50.034744,12.0,1.0,1.0
18.0,63.146236,2.0,52.14793,1.0,2.0,1.0
25.0,97.81407,4.0,70.598015,1.0,1.0,1.0
20.0,67.07593,1.0,30.588287,1.0,2.0,1.0
60.0,27.879948,3.0,47.030876,1.0,1.0,0.0
3.0,21.099997,2.0,25.694445,12.0,0.0,0.0
26.0,32.332066,1.0,54.53114,12.0,0.0,0.0
21.0,32.793247,0.0,46.089424,24.0,0.0,0.0
20.0,99.41567,1.0,71.384865,12.0,0.0,0.0
14.0,88.36248,2.0,49.903534,1.0,3.0,0.0
66.0,79.21023,4.0,41.12322,12.0,3.0,0.0
28.0,109.94979,3.0,45.0658,24.0,1.0,0.0
31.0,22.187397,0.0,84.46848,12.0,1.0,0.0
28.0,55.22785,0.0,18.598389,12.0,0.0,0.0
71.0,121.06106,1.0,37.449677,1.0,3.0,0.0
25.0,138.29703,2.0,50.72016,1.0,2.0,1.0
25.0,76.98376,5.0,37.271473,24.0,1.0,0.0
24.0,30.592916,1.0,59.813633,1.0,0.0,0.0
24.0,123.83474,2.0,48.870293,1.0,3.0,1.0
7.0,135.07216,1.0,55.119698,1.0,0.0,1.0
44.0,73.77583,3.0,52.356564,12.0,2.0,1.0
2.0,51.636185,2.0,47.93909,12.0,0.0,0.0
17.0,25.716316,3.0,24.183525,12.0,1.0,0.0
15.0,96.84077,2.0,53.521847,24.0,1.0,0.0
21.0,138.28304,3.0,14.731823,1.0,1.0,0.0
55.0,108.12544,1.0,36.56078,1.0,0.0,0.0
44.0,61.242317,1.0,59.784107,24.0,2.0,0.0
72.0,103.575485,2.0,73.79375,12.0,2.0,0.0
26.0,128.1689,1.0,96.98832,24.0,1.0,0.0
67.0,81.85791,3.0,41.43492,12.0,1.0,0.0
4.0,126.56731,4.0,32.697506,1.0,2.0,1.0
37.0,70.94826,0.0,60.44567,24.0,1.0,0.0
58.0,65.30574,3.0,87.399376,1.0,0.0,0.0
39.0,95.78852,0.0,80.6549,12.0,4.0,0.0
68.0,80.40923,0.0,29.298416,1.0,3.0,1.0
23.0,147.02455,2.0,47.189816,12.0,0.0,0.0
3.0,87.13062,1.0,67.00735,12.0,1.0,0.0
56.0,70.072365,2.0,68.394226,1.0,1.0,0.0
5.0,71.34136,2.0,61.83724,24.0,1.0,0.0
56.0,91.23219,0.0,41.02503,1.0,3.0,0.0
53.0,66.138565,3.0,61.659306,12.0,1.0,0.0
61.0,113.97786,1.0,68.58701,1.0,1.0,0.0
35.0,69.48618,4.0,31.359598,12.0,0.0,0.0
65.0,69.93877,3.0,76.60472,12.0,1.0,0.0
13.0,100.20652,4.0,69.83919,12.0,2.0,1.0
32.0,27.910093,2.0,35.16077,12.0,1.0,0.0
9.0,105.19614,1.0,68.4982,24.0,1.0,0.0
56.0,85.646385,3.0,66.262276,24.0,1.0,0.0
52.0,78.893394,1.0,67.023056,24.0,0.0,0.0
59.0,113.50289,1.0,81.51946,1.0,1.0,0.0
56.0,118.57325,1.0,49.790764,12.0,1.0,0.0
23.0,130.01392,1.0,56.630424,1.0,0.0,0.0
5.0,68.7244,4.0,1.0,1.0,2.0,1.0
67.0,62.5149,0.0,72.31645,12.0,1.0,0.0
36.0,112.86447,0.0,70.39173,12.0,1.0,0.0
7.0,95.63463,2.0,77.12069,12.0,0.0,0.0
67.0,102.1342,5.0,31.266392,12.0,1.0,0.0
72.0,92.21798,2.0,69.240906,12.0,0.0,0.0
33.0,120.450096,5.0,70.374985,24.0,1.0,1.0
56.0,44.705315,4.0,36.981667,1.0,4.0,1.0
3.0,92.24258,3.0,71.119286,1.0,1.0,1.0
7.0,40.553234,0.0,59.260815,1.0,2.0,0.0
20.0,72.94275,4.0,16.039764,1.0,1.0,0.0
48.0,106.3192,1.0,61.689617,24.0,0.0,0.0
10.0,84.09931,2.0,34.65586,1.0,1.0,1.0
3.0,69.3469,2.0,16.481361,1.0,1.0,0.0
49.0,135.0461,1.0,57.331066,12.0,4.0,0.0
56.0,120.46735,7.0,48.693386,1.0,2.0,1.0
54.0,88.4178,1.0,78.07627,12.0,0.0,0.0
58.0,143.50691,2.0,53.634384,24.0,0.0,0.0
58.0,75.16749,1.0,65.57039,12.0,0.0,0.0
44.0,122.44948,5.0,60.176186,12.0,0.0,1.0
38.0,41.83171,4.0,70.41914,12.0,1.0,1.0
62.0,57.153023,1.0,32.271854,24.0,5.0,0.0
26.0,63.951126,4.0,53.970734,1.0,1.0,0.0
8.0,33.7567,2.0,47.185284,12.0,0.0,1.0
55.0,85.23463,3.0,63.07367,12.0,1.0,0.0
20.0,44.993816,3.0,55.11626,12.0,1.0,0.0
71.0,102.44417,2.0,37.719242,1.0,1.0,0.0
30.0,44.712006,0.0,43.24133,12.0,1.0,0.0
62.0,36.055813,3.0,82.970055,24.0,2.0,0.0
4.0,145.98128,2.0,16.112978,12.0,1.0,0.0
48.0,105.57124,1.0,64.187294,1.0,1.0,0.0
33.0,141.73862,3.0,74.828926,1.0,0.0,1.0
34.0,83.68541,3.0,61.576744,12.0,0.0,0.0
20.0,24.34232,2.0,89.420166,12.0,2.0,0.0
70.0,94.66825,1.0,68.77031,24.0,0.0,0.0
29.0,92.582756,2.0,57.682476,12.0,1.0,0.0
62.0,21.946829,3.0,40.66541,1.0,0.0,0.0
31.0,131.96147,1.0,58.05335,24.0,1.0,0.0
4.0,100.59619,2.0,63.63364,12.0,1.0,0.0
64.0,116.80985,2.0,50.070007,12.0,0.0,1.0
14.0,84.20975,0.0,35.143467,12.0,4.0,0.0
20.0,100.39232,3.0,25.915546,1.0,1.0,1.0
62.0,53.471085,3.0,53.708138,1.0,1.0,0.0
65.0,146.58852,1.0,20.393677,1.0,2.0,0.0
67.0,72.0936,3.0,40.569145,1.0,1.0,0.0
31.0,41.10246,1.0,1.3651906,12.0,3.0,1.0
55.0,27.269005,4.0,66.66037,1.0,0.0,0.0
24.0,102.702354,3.0,73.08093,24.0,1.0,0.0
54.0,147.83939,4.0,51.57896,1.0,4.0,1.0
37.0,136.45328,0.0,86.62918,12.0,0.0,0.0
4.0,111.27359,3.0,76.94774,12.0,2.0,0.0
31.0,148.77773,2.0,59.595715,1.0,0.0,0.0
34.0,113.967674,1.0,47.735714,12.0,2.0,0.0
19.0,64.102646,1.0,43.01204,24.0,3.0,0.0
27.0,98.158356,0.0,61.24982,24.0,0.0,0.0
37.0,30.369663,1.0,47.175465,1.0,3.0,0.0
4.0,48.818726,1.0,60.964603,12.0,2.0,0.0
11.0,74.28023,0.0,62.449074,1.0,2.0,0.0
56.0,46.236404,0.0,45.408417,12.0,1.0,0.0
26.0,143.95514,2.0,71.91572,1.0,1.0,0.0
44.0,149.42767,4.0,45.428974,24.0,1.0,0.0
41.0,68.22167,4.0,50.42677,12.0,1.0,0.0
40.0,112.19977,3.0,30.449509,1.0,0.0,1.0
30.0,73.01019,1.0,44.587666,24.0,1.0,0.0
35.0,38.136196,4.0,93.16397,12.0,0.0,0.0
60.0,63.80049,1.0,31.99227,1.0,0.0,0.0
70.0,50.33832,4.0,58.754246,24.0,1.0,0.0
19.0,62.65017,4.0,40.910175,12.0,2.0,1.0
49.0,47.95282,0.0,5.72197,12.0,0.0,0.0
70.0,34.604866,4.0,61.17941,1.0,1.0,0.0
1.0,48.265697,2.0,38.877514,1.0,0.0,1.0
57.0,137.74841,1.0,56.380825,1.0,2.0,1.0
36.0,31.078817,0.0,69.79438,24.0,0.0,0.0
70.0,62.218365,1.0,54.691967,1.0,2.0,0.0
42.0,88.69849,5.0,56.565975,12.0,2.0,1.0
61.0,66.08665,3.0,32.6412,24.0,1.0,1.0
12.0,87.288925,1.0,64.136505,24.0,2.0,1.0
11.0,25.644608,4.0,46.206318,24.0,1.0,0.0
67.0,104.31405,1.0,10.031427,24.0,1.0,0.0
38.0,93.25224,2.0,66.54489,24.0,1.0,0.0
41.0,108.52561,1.0,72.65966,24.0,2.0,0.0
13.0,93.743515,5.0,79.62245,12.0,1.0,1.0
17.0,76.92747,1.0,93.41646,1.0,1.0,0.0
59.0,65.5184,1.0,65.47069,1.0,0.0,0.0
22.0,49.436573,4.0,60.27944,12.0,3.0,0.0
43.0,85.008804,2.0,71.830956,1.0,0.0,0.0
23.0,23.386818,2.0,32.260098,1.0,0.0,0.0
19.0,62.671307,2.0,16.560612,1.0,2.0,0.0
12.0,108.1234,3.0,40.459824,12.0,0.0,0.0
67.0,34.133217,3.0,75.54488,1.0,2.0,0.0
68.0,28.175861,3.0,36.77802,1.0,2.0,0.0
9.0,104.78322,6.0,59.31221,12.0,0.0,0.0
26.0,71.71072,0.0,61.465946,1.0,3.0,1.0
41.0,124.23725,4.0,54.885303,12.0,3.0,0.0
28.0,141.85046,2.0,24.447353,1.0,3.0,1.0
52.0,144.41525,3.0,56.854115,12.0,0.0,0.0
19.0,75.32707,1.0,41.56893,24.0,0.0,0.0
5.0,54.362537,1.0,84.05722,1.0,3.0,0.0
25.0,99.11979,3.0,72.73757,24.0,2.0,0.0
44.0,101.66508,3.0,42.27414,24.0,0.0,0.0
14.0,100.90484,3.0,85.31473,24.0,2.0,0.0
59.0,61.83122,3.0,56.87423,24.0,1.0,0.0
1.0,28.287725,2.0,16.56727,12.0,2.0,1.0
5.0,47.30063,1.0,48.433895,1.0,0.0,0.0
37.0,40.074524,2.0,82.70556,1.0,2.0,0.0
37.0,36.107044,4.0,33.60323,1.0,1.0,0.0
22.0,140.41682,2.0,48.6352,12.0,2.0,0.0
19.0,21.800194,2.0,22.803074,24.0,0.0,0.0
6.0,98.24151,0.0,25.97734,1.0,0.0,0.0
48.0,143.1716,0.0,33.315205,12.0,0.0,1.0
28.0,66.80691,3.0,25.452036,24.0,0.0,0.0
9.0,88.52275,2.0,37.634518,1.0,2.0,1.0
29.0,110.45187,0.0,84.76566,1.0,2.0,0.0
68.0,61.23206,1.0,49.27855,1.0,1.0,0.0
19.0,82.09476,4.0,65.710434,1.0,1.0,1.0
65.0,126.22337,3.0,71.83138,12.0,1.0,0.0
19.0,116.89624,4.0,27.83127,12.0,1.0,1.0
14.0,125.09843,1.0,33.36975,12.0,1.0,0.0
19.0,148.35422,2.0,65.316376,1.0,1.0,1.0
24.0,68.14257,4.0,37.31434,12.0,0.0,0.0
9.0,117.121864,2.0,63.991745,1.0,0.0,0.0
43.0,98.36199,2.0,83.54645,12.0,0.0,0.0
25.0,106.65862,5.0,20.892342,1.0,0.0,1.0
52.0,116.18361,1.0,42.861317,24.0,1.0,0.0
36.0,117.46507,1.0,46.034573,12.0,2.0,0.0
32.0,135.14687,2.0,39.47267,1.0,1.0,0.0
34.0,65.41182,6.0,37.84052,12.0,1.0,1.0
12.0,104.952576,0.0,40.157585,12.0,0.0,0.0
52.0,56.437756,3.0,49.694984,24.0,3.0,0.0
8.0,97.29393,4.0,53.297695,24.0,1.0,0.0
52.0,117.65277,0.0,69.068214,1.0,1.0,0.0
72.0,122.83014,1.0,49.497627,12.0,0.0,0.0
56.0,74.61619,0.0,72.3635,1.0,1.0,0.0
33.0,86.13363,5.0,38.163998,12.0,1.0,0.0
23.0,63.400482,0.0,25.972744,1.0,0.0,0.0
63.0,41.974724,2.0,43.90492,12.0,3.0,0.0
19.0,53.867264,3.0,59.24985,24.0,1.0,0.0
35.0,138.5778,1.0,67.209335,1.0,1.0,0.0
56.0,60.166042,4.0,79.20467,24.0,0.0,0.0
67.0,146.71872,0.0,55.804005,1.0,1.0,0.0
67.0,51.39215,1.0,65.06052,24.0,0.0,0.0
7.0,113.999245,0.0,77.37559,24.0,3.0,1.0
65.0,94.60743,2.0,34.415062,1.0,0.0,0.0
9.0,110.59311,0.0,45.79718,1.0,0.0,1.0
43.0,103.71453,0.0,105.41827,12.0,2.0,0.0
67.0,111.87732,1.0,67.12778,12.0,1.0,0.0
48.0,137.72112,0.0,60.214005,1.0,1.0,0.0
69.0,93.25104,2.0,67.87382,24.0,2.0,0.0
25.0,28.820341,1.0,23.286457,24.0,3.0,0.0
23.0,55.207306,1.0,37.063473,24.0,0.0,0.0
24.0,112.06847,4.0,29.754042,1.0,0.0,0.0
26.0,84.2297,2.0,58.372166,12.0,1.0,0.0
50.0,91.31176,0.0,42.620678,1.0,1.0,0.0
33.0,97.55546,2.0,51.90777,1.0,2.0,1.0
54.0,69.741806,1.0,43.779675,1.0,2.0,0.0
30.0,120.606415,2.0,17.471882,1.0,1.0,1.0
23.0,114.05953,0.0,67.69953,12.0,2.0,0.0
14.0,112.858925,3.0,14.756071,1.0,0.0,1.0
40.0,112.990326,2.0,35.447063,1.0,3.0,0.0
65.0,135.74654,2.0,23.690554,12.0,2.0,1.0
62.0,97.40106,2.0,32.405178,12.0,0.0,0.0
19.0,145.71939,3.0,54.03717,24.0,1.0,1.0
35.0,35.49505,0.0,74.70046,12.0,1.0,0.0
51.0,102.15467,3.0,18.7801,1.0,0.0,0.0
45.0,113.200455,2.0,38.85584,12.0,0.0,0.0
5.0,82.03865,1.0,15.0191145,12.0,2.0,1.0
43.0,57.46709,1.0,37.891758,1.0,1.0,0.0
3.0,91.50487,3.0,51.43784,1.0,5.0,1.0
9.0,67.4172,2.0,65.34155,24.0,2.0,0.0
48.0,138.18613,0.0,7.6287603,1.0,0.0,0.0
8.0,66.38301,6.0,61.011036,1.0,1.0,0.0
25.0,42.841908,3.0,30.5472,1.0,1.0,1.0
43.0,94.93059,5.0,25.676184,24.0,0.0,0.0
48.0,71.479034,1.0,51.349754,12.0,0.0,0.0
33.0,32.46676,0.0,62.542927,24.0,2.0,0.0
7.0,93.429504,3.0,47.990906,24.0,0.0,0.0
58.0,89.92004,2.0,28.137386,24.0,1.0,0.0
69.0,42.51562,3.0,47.98038,1.0,0.0,0.0
64.0,97.69296,2.0,35.49643,1.0,0.0,1.0
54.0,93.75667,3.0,62.08065,24.0,1.0,0.0
29.0,120.56964,1.0,71.50716,24.0,1.0,0.0
64.0,67.00409,3.0,70.22924,24.0,1.0,0.0
36.0,52.338737,2.0,49.60503,24.0,0.0,0.0
10.0,143.65858,6.0,72.45322,12.0,3.0,0.0
62.0,92.958275,3.0,29.580395,12.0,0.0,0.0
24.0,23.528194,1.0,85.657326,12.0,2.0,0.0
68.0,126.69252,2.0,29.468359,12.0,0.0,1.0
27.0,45.57855,5.0,9.397616,1.0,0.0,1.0
63.0,122.18472,1.0,77.30873,1.0,5.0,0.0
39.0,111.67111,4.0,35.79731,1.0,0.0,1.0
34.0,145.94579,3.0,52.334778,1.0,3.0,1.0
22.0,145.52531,3.0,29.383839,1.0,0.0,1.0
61.0,55.67338,2.0,97.27207,12.0,2.0,0.0
5.0,119.63844,2.0,86.436356,12.0,0.0,0.0
34.0,61.191162,2.0,80.931076,12.0,4.0,0.0
27.0,101.79573,3.0,51.767155,12.0,2.0,1.0
40.0,97.70699,5.0,69.61398,12.0,0.0,0.0
19.0,27.090656,2.0,48.938957,12.0,0.0,0.0
48.0,20.673628,2.0,72.44402,12.0,1.0,0.0
28.0,27.509321,2.0,41.78781,1.0,2.0,0.0
14.0,36.632465,2.0,81.69409,12.0,0.0,0.0
15.0,53.494823,3.0,40.782555,24.0,1.0,1.0
51.0,137.90417,1.0,43.05418,1.0,1.0,0.0
19.0,87.42225,2.0,40.669422,24.0,1.0,0.0
23.0,123.595924,0.0,53.84905,1.0,3.0,0.0
46.0,128.98053,2.0,42.236084,12.0,1.0,0.0
24.0,115.5426,1.0,59.74511,24.0,0.0,0.0
28.0,70.880066,3.0,40.38026,12.0,0.0,1.0
18.0,132.30173,2.0,65.81577,12.0,2.0,0.0
25.0,116.46647,1.0,80.36734,12.0,1.0,0.0
50.0,116.60969,2.0,51.55094,1.0,1.0,1.0
39.0,137.20467,2.0,94.36657,12.0,0.0,0.0
72.0,97.82625,1.0,72.55059,12.0,2.0,0.0
56.0,88.714676,0.0,92.76473,1.0,2.0,1.0
2.0,135.72113,3.0,48.77602,1.0,1.0,1.0
28.0,79.080025,3.0,16.770817,24.0,0.0,0.0
21.0,125.50419,3.0,35.877254,1.0,1.0,0.0
43.0,27.000027,5.0,37.917267,24.0,1.0,0.0
20.0,20.167692,4.0,30.939491,1.0,1.0,0.0
70.0,88.678024,1.0,6.0819073,1.0,1.0,1.0
22.0,29.569546,1.0,70.492935,12.0,1.0,0.0
38.0,146.95059,0.0,12.799617,12.0,0.0,1.0
9.0,20.715153,3.0,68.57758,12.0,0.0,0.0
66.0,113.35945,0.0,93.711,1.0,2.0,0.0
66.0,51.64001,2.0,34.433334,12.0,0.0,0.0
58.0,145.78175,1.0,57.75141,12.0,1.0,0.0
26.0,69.60042,2.0,42.027355,1.0,0.0,0.0
5.0,23.546844,1.0,66.54152,12.0,2.0,0.0
52.0,23.50165,2.0,26.111784,1.0,0.0,0.0
31.0,91.93854,4.0,47.364178,1.0,1.0,1.0
72.0,148.27255,0.0,72.42361,1.0,1.0,0.0
51.0,147.37056,2.0,49.02259,1.0,1.0,0.0
39.0,63.845486,3.0,17.427446,24.0,0.0,0.0
72.0,82.75147,1.0,74.83307,24.0,1.0,0.0
58.0,33.059254,5.0,24.080482,1.0,1.0,0.0
34.0,87.88299,0.0,51.574684,1.0,1.0,0.0
2.0,97.961205,0.0,61.652885,24.0,3.0,0.0
7.0,52.638016,2.0,52.397007,1.0,0.0,0.0
32.0,99.574875,3.0,100.74874,1.0,2.0,0.0
41.0,136.96005,1.0,64.67627,12.0,1.0,0.0
3.0,20.124193,3.0,45.953,1.0,3.0,1.0
10.0,49.76139,1.0,62.053257,12.0,1.0,0.0
51.0,47.289543,1.0,54.19889,24.0,0.0,0.0
55.0,36.105206,1.0,50.88739,12.0,0.0,0.0
3.0,41.59316,3.0,54.875744,12.0,2.0,0.0
37.0,101.36863,2.0,41.31826,1.0,0.0,0.0
6.0,33.35027,1.0,54.258034,1.0,1.0,0.0
53.0,116.00911,1.0,39.89018,24.0,2.0,1.0
61.0,135.31294,1.0,12.076075,24.0,1.0,0.0
63.0,140.4564,2.0,72.80401,24.0,0.0,0.0
44.0,105.82285,1.0,38.691044,1.0,0.0,0.0
46.0,45.661533,3.0,52.82774,24.0,1.0,0.0
67.0,31.088554,4.0,34.791553,1.0,0.0,0.0
45.0,50.163242,1.0,35.395275,12.0,1.0,0.0
33.0,145.05443,1.0,29.220217,12.0,3.0,0.0
55.0,145.10487,3.0,68.96594,12.0,0.0,1.0
43.0,69.64945,0.0,73.79443,12.0,0.0,0.0
61.0,62.3529,4.0,50.518692,12.0,1.0,0.0
38.0,86.30138,2.0,39.266846,24.0,3.0,0.0
63.0,57.919453,2.0,16.1386,1.0,1.0,0.0
4.0,147.35612,0.0,65.90862,1.0,1.0,1.0
3.0,48.75878,2.0,36.468857,12.0,1.0,0.0
8.0,67.98855,3.0,27.654787,1.0,1.0,1.0
41.0,75.818214,1.0,50.58527,1.0,0.0,0.0
52.0,36.258324,2.0,43.317486,1.0,1.0,0.0
16.0,69.76723,2.0,19.638916,1.0,0.0,0.0
12.0,131.375,1.0,22.385588,12.0,1.0,0.0
62.0,38.24693,1.0,56.73086,24.0,1.0,0.0
55.0,95.92285,2.0,36.886173,24.0,2.0,0.0
47.0,72.86283,2.0,60.20517,12.0,3.0,0.0
36.0,42.169773,1.0,52.930626,1.0,2.0,0.0
31.0,21.6037,1.0,70.950836,12.0,0.0,0.0
2.0,55.53463,4.0,33.357098,12.0,0.0,0.0
14.0,28.037766,2.0,54.654358,24.0,0.0,0.0
65.0,68.979904,3.0,62.76549,12.0,0.0,0.0
25.0,125.32728,0.0,37.47565,12.0,2.0,1.0
51.0,113.55908,0.0,72.54407,1.0,0.0,0.0
51.0,143.15988,2.0,16.674446,24.0,4.0,0.0
23.0,75.512,2.0,33.34118,24.0,1.0,0.0
15.0,112.01418,1.0,15.926245,1.0,3.0,1.0
50.0,106.49442,2.0,35.2825,24.0,0.0,0.0
7.0,48.21602,2.0,46.908318,1.0,0.0,1.0
36.0,59.465725,3.0,66.63001,1.0,1.0,0.0
64.0,88.87784,1.0,46.89419,24.0,0.0,0.0
52.0,123.56545,2.0,38.092525,12.0,1.0,1.0
56.0,80.03565,3.0,19.015545,1.0,2.0,0.0
6.0,49.6064,1.0,25.716427,1.0,1.0,0.0
15.0,149.15054,2.0,56.20412,1.0,4.0,0.0
20.0,35.025246,3.0,67.6291,1.0,1.0,0.0
22.0,144.26556,0.0,41.615562,12.0,1.0,1.0
14.0,125.17602,3.0,74.22029,1.0,0.0,0.0
70.0,129.05615,2.0,31.001652,12.0,3.0,0.0
12.0,123.33929,3.0,42.189186,12.0,2.0,1.0
51.0,47.06222,2.0,43.877087,12.0,0.0,0.0
43.0,102.23571,5.0,80.58827,24.0,1.0,0.0
44.0,118.37747,3.0,52.673183,1.0,2.0,0.0
16.0,116.939156,4.0,14.031344,1.0,0.0,1.0
23.0,55.303497,1.0,69.03309,1.0,3.0,0.0
44.0,43.54552,4.0,86.91855,1.0,1.0,0.0
22.0,62.655987,1.0,45.005184,12.0,0.0,0.0
50.0,82.37978,7.0,32.058353,1.0,1.0,1.0
3.0,94.5915,3.0,67.28515,12.0,0.0,1.0
6.0,128.80354,4.0,89.28529,24.0,0.0,0.0
53.0,119.97445,1.0,66.97463,1.0,3.0,0.0
45.0,107.89957,3.0,17.539873,1.0,0.0,0.0
4.0,54.25361,0.0,65.093636,24.0,0.0,0.0
65.0,82.25446,2.0,58.08415,24.0,2.0,0.0
1.0,63.606663,0.0,30.907394,1.0,0.0,0.0
69.0,50.540665,1.0,75.77636,12.0,0.0,0.0
53.0,21.331898,4.0,58.76702,1.0,2.0,0.0
72.0,64.13006,3.0,76.29917,12.0,1.0,0.0
69.0,53.295116,2.0,28.770477,12.0,2.0,0.0
23.0,94.347305,3.0,57.975555,1.0,2.0,1.0
55.0,28.09923,4.0,32.098106,1.0,2.0,0.0
16.0,55.16755,1.0,54.95334,12.0,0.0,1.0
34.0,25.820034,3.0,79.54451,12.0,1.0,0.0
18.0,103.38433,1.0,21.471645,24.0,2.0,0.0
35.0,93.86464,1.0,22.619976,12.0,2.0,0.0
63.0,63.872402,1.0,69.1095,24.0,1.0,0.0
32.0,39.1535,1.0,49.717545,12.0,4.0,0.0
7.0,144.52957,2.0,73.42526,12.0,1.0,0.0
24.0,95.971016,3.0,33.854305,1.0,0.0,1.0
57.0,108.28474,0.0,51.02381,1.0,2.0,0.0
38.0,89.07534,0.0,63.762577,12.0,1.0,0.0
41.0,124.84932,3.0,54.204002,1.0,0.0,0.0
32.0,136.5294,6.0,14.225054,1.0,1.0,1.0
22.0,69.75237,5.0,106.451965,1.0,0.0,0.0
44.0,109.70329,3.0,54.24649,24.0,0.0,0.0
46.0,49.885372,2.0,23.191658,12.0,1.0,0.0
65.0,104.74116,2.0,56.283997,24.0,0.0,0.0
45.0,71.89023,1.0,58.5829,24.0,1.0,0.0
72.0,20.881607,2.0,69.87847,12.0,1.0,0.0
60.0,144.21863,1.0,68.5429,12.0,2.0,1.0
6.0,132.8974,0.0,45.72311,12.0,2.0,0.0
29.0,57.80875,1.0,15.558406,12.0,2.0,0.0
28.0,149.70845,3.0,59.22726,24.0,1.0,1.0
1.0,61.226597,3.0,17.151678,24.0,1.0,1.0
14.0,79.64974,0.0,74.30489,12.0,4.0,0.0
55.0,130.66368,6.0,35.34484,24.0,1.0,0.0
26.0,59.597527,0.0,62.699207,12.0,2.0,0.0
11.0,78.57024,0.0,36.876625,1.0,0.0,0.0
21.0,106.52633,3.0,40.159286,1.0,1.0,1.0
20.0,36.96078,2.0,33.980602,1.0,2.0,0.0
13.0,74.90555,1.0,64.32163,1.0,2.0,0.0
8.0,60.223293,3.0,37.57306,12.0,0.0,0.0
56.0,107.98066,1.0,65.37064,1.0,1.0,0.0
60.0,37.67602,1.0,38.09619,24.0,0.0,0.0
36.0,50.255093,1.0,45.371635,1.0,1.0,1.0
45.0,112.478905,3.0,50.7113,1.0,1.0,1.0
67.0,40.30917,4.0,53.07643,12.0,0.0,0.0
61.0,74.8625,2.0,31.515913,1.0,1.0,0.0
3.0,112.67449,3.0,64.07616,1.0,2.0,1.0
69.0,119.51089,3.0,44.573215,1.0,1.0,0.0
5.0,32.334553,1.0,60.878014,12.0,2.0,0.0
2.0,130.75943,3.0,49.675434,1.0,3.0,0.0
30.0,114.1164,5.0,61.729076,12.0,0.0,0.0
54.0,64.1083,2.0,41.773167,1.0,0.0,0.0
6.0,119.29437,3.0,34.20804,1.0,1.0,0.0
22.0,114.678856,7.0,58.537167,1.0,0.0,1.0
19.0,98.11586,4.0,40.125324,1.0,2.0,1.0
29.0,92.602554,2.0,79.17573,24.0,0.0,0.0
71.0,115.51145,1.0,51.353134,12.0,3.0,0.0
24.0,149.9038,1.0,22.527374,12.0,1.0,0.0
16.0,95.21179,0.0,38.29068,24.0,3.0,0.0
9.0,125.13332,2.0,30.013908,1.0,0.0,1.0
15.0,116.755585,0.0,71.458374,24.0,2.0,0.0
10.0,131.2551,1.0,65.47081,12.0,1.0,0.0
42.0,144.08823,3.0,48.779133,12.0,2.0,0.0
31.0,45.10082,0.0,55.801476,24.0,1.0,0.0
36.0,41.509754,2.0,48.24641,1.0,3.0,1.0
60.0,96.22574,1.0,67.20804,12.0,1.0,1.0
42.0,78.408356,1.0,60.396633,12.0,1.0,0.0
12.0,94.19395,2.0,63.999516,12.0,1.0,1.0
28.0,123.74555,1.0,46.163082,1.0,2.0,0.0
23.0,141.12288,3.0,37.368805,1.0,1.0,1.0
60.0,74.26406,4.0,63.30126,24.0,0.0,0.0
23.0,113.331245,3.0,81.02681,12.0,0.0,1.0
10.0,45.583893,3.0,72.12021,1.0,1.0,0.0
53.0,89.49175,4.0,81.63317,1.0,2.0,0.0
31.0,22.834621,2.0,53.24064,12.0,3.0,0.0
7.0,85.48757,3.0,30.600178,1.0,0.0,1.0
50.0,90.89374,0.0,32.376255,1.0,1.0,0.0
16.0,115.607895,2.0,77.5914,24.0,1.0,0.0
63.0,104.43302,4.0,12.761129,1.0,1.0,0.0
60.0,66.591576,2.0,80.09513,1.0,1.0,0.0
27.0,20.745018,4.0,34.247307,12.0,0.0,0.0
41.0,35.013165,1.0,88.4678,1.0,3.0,0.0
41.0,146.49788,1.0,48.587963,1.0,1.0,1.0
48.0,139.9033,1.0,64.451416,12.0,1.0,0.0
5.0,62.26211,1.0,97.70093,12.0,1.0,0.0
24.0,53.650883,2.0,43.397045,12.0,0.0,0.0
13.0,76.734116,1.0,43.06134,24.0,1.0,0.0
51.0,109.69221,0.0,36.103214,24.0,2.0,0.0
5.0,66.387596,4.0,29.964334,12.0,0.0,0.0
38.0,28.7482,1.0,43.403515,12.0,1.0,0.0
53.0,72.363365,0.0,38.903183,24.0,1.0,0.0
69.0,53.876568,0.0,24.994862,1.0,2.0,0.0
21.0,62.240902,3.0,45.79038,12.0,0.0,0.0
1.0,41.18444,0.0,58.99573,1.0,1.0,0.0
53.0,105.64921,4.0,32.08189,1.0,1.0,1.0
1.0,88.46202,2.0,46.751003,24.0,0.0,0.0
5.0,55.212204,2.0,78.13009,1.0,2.0,0.0
72.0,92.00212,4.0,21.609377,1.0,1.0,0.0
63.0,84.05202,1.0,88.63335,1.0,3.0,0.0
51.0,123.47673,1.0,36.519527,12.0,0.0,0.0
61.0,144.27795,3.0,54.01808,24.0,0.0,0.0
6.0,36.987167,3.0,75.58326,1.0,0.0,1.0
7.0,134.90875,1.0,81.686806,24.0,1.0,1.0
22.0,111.623604,2.0,59.396416,12.0,1.0,0.0
2.0,110.03196,2.0,36.10989,24.0,3.0,1.0
64.0,68.65912,1.0,34.343773,24.0,3.0,0.0
5.0,64.70807,2.0,38.50215,1.0,0.0,1.0
40.0,20.733133,0.0,87.78513,24.0,2.0,0.0
62.0,147.68663,2.0,42.33709,1.0,0.0,0.0
53.0,98.84576,2.0,56.47255,12.0,0.0,0.0
17.0,72.30272,5.0,29.124855,1.0,3.0,1.0
34.0,90.68995,4.0,26.873121,1.0,0.0,0.0
40.0,25.268515,1.0,50.527843,24.0,1.0,0.0
56.0,42.574623,2.0,43.50511,24.0,1.0,0.0
31.0,101.03679,3.0,44.965885,12.0,1.0,0.0
21.0,86.85403,3.0,20.418604,24.0,2.0,0.0
58.0,122.319725,4.0,48.530254,1.0,2.0,1.0
64.0,105.63655,2.0,80.985405,1.0,0.0,0.0
36.0,98.18664,2.0,32.93924,24.0,0.0,0.0
3.0,125.98454,2.0,67.94871,1.0,2.0,0.0
37.0,28.874205,2.0,1.0,24.0,0.0,0.0
65.0,109.815285,4.0,33.953094,1.0,3.0,1.0
72.0,113.026794,2.0,11.792187,1.0,2.0,0.0
29.0,55.771263,2.0,74.724075,1.0,0.0,0.0
11.0,45.434452,0.0,67.575554,1.0,2.0,1.0
42.0,47.800823,0.0,29.313335,1.0,3.0,0.0
60.0,45.758312,3.0,55.78554,1.0,2.0,0.0
69.0,88.09168,5.0,74.03419,1.0,0.0,0.0
4.0,37.63142,4.0,77.14384,24.0,1.0,0.0
21.0,105.70716,4.0,41.884186,12.0,0.0,0.0
35.0,33.660175,3.0,5.8228765,1.0,2.0,1.0
8.0,23.495653,0.0,32.0292,1.0,3.0,0.0
64.0,61.507732,2.0,65.32289,1.0,0.0,0.0
9.0,44.941765,4.0,91.97788,1.0,2.0,0.0
48.0,148.52606,1.0,48.9135,12.0,0.0,0.0
67.0,59.38952,1.0,37.863564,1.0,1.0,1.0
50.0,48.868332,0.0,97.98723,24.0,1.0,0.0
55.0,45.58008,3.0,58.114655,1.0,1.0,0.0
19.0,68.600876,4.0,25.44464,12.0,2.0,0.0
60.0,98.76035,1.0,47.62185,12.0,2.0,0.0
31.0,121.652885,6.0,69.99855,1.0,1.0,1.0
5.0,67.39491,2.0,48.592518,1.0,2.0,1.0
27.0,101.37623,1.0,65.887215,1.0,0.0,1.0
26.0,82.667786,3.0,17.899853,12.0,2.0,0.0
38.0,130.04439,2.0,21.316517,24.0,1.0,1.0
20.0,93.97543,2.0,35.30288,1.0,3.0,0.0
34.0,57.685917,1.0,44.356133,24.0,3.0,1.0
31.0,111.46635,4.0,56.678978,12.0,1.0,1.0
24.0,126.60838,3.0,62.735207,12.0,1.0,1.0
51.0,80.507286,1.0,99.32227,1.0,0.0,0.0
22.0,148.33565,1.0,35.228863,24.0,0.0,0.0
56.0,134.2826,1.0,43.72022,1.0,1.0,0.0
19.0,45.604107,0.0,35.786896,1.0,2.0,0.0
63.0,122.27827,2.0,71.58777,12.0,0.0,0.0
27.0,98.123665,3.0,72.67901,24.0,0.0,0.0
3.0,89.52547,5.0,41.04689,1.0,2.0,1.0
11.0,86.81202,5.0,91.31492,1.0,0.0,0.0
59.0,130.94345,0.0,35.82202,24.0,2.0,0.0
63.0,99.41346,1.0,70.59836,24.0,0.0,0.0
16.0,89.90178,2.0,79.090454,12.0,0.0,0.0
44.0,26.351788,1.0,22.768404,12.0,0.0,0.0
42.0,78.27937,2.0,61.552647,12.0,2.0,0.0
10.0,138.04541,4.0,1.0,24.0,1.0,1.0
33.0,112.52577,2.0,66.484245,1.0,0.0,0.0
50.0,26.624018,3.0,27.967884,24.0,0.0,0.0
70.0,134.91899,4.0,61.349392,12.0,0.0,0.0
62.0,127.466736,2.0,65.09977,24.0,1.0,0.0
8.0,91.06895,4.0,72.40277,12.0,0.0,0.0
18.0,22.91271,2.0,67.804306,1.0,1.0,1.0
32.0,93.11585,4.0,51.1179,24.0,0.0,0.0
11.0,27.096577,2.0,42.39047,24.0,0.0,0.0
42.0,61.649265,5.0,48.512215,24.0,0.0,0.0
1.0,101.75825,0.0,27.67997,1.0,0.0,0.0
9.0,138.6787,2.0,45.76624,1.0,1.0,0.0
4.0,66.513435,1.0,44.18609,24.0,0.0,0.0
22.0,131.80309,1.0,34.23563,12.0,1.0,1.0
55.0,139.38693,1.0,15.176136,1.0,1.0,1.0
13.0,22.735704,4.0,24.461277,1.0,0.0,1.0
72.0,51.125618,0.0,1.0,1.0,1.0,0.0
20.0,112.2821,2.0,43.842415,1.0,0.0,0.0
4.0,118.389595,2.0,57.209972,1.0,2.0,1.0
25.0,71.01419,3.0,1.0,24.0,0.0,1.0
54.0,105.3781,1.0,54.734295,12.0,0.0,0.0
8.0,99.58062,3.0,47.550518,1.0,1.0,0.0
6.0,116.170746,2.0,26.464886,12.0,0.0,0.0
62.0,113.4256,1.0,41.375896,12.0,3.0,0.0
43.0,31.163204,1.0,71.01608,24.0,1.0,0.0
25.0,40.572525,3.0,30.516218,24.0,2.0,0.0
55.0,37.254528,1.0,51.577023,1.0,0.0,0.0
61.0,141.22241,4.0,56.93192,24.0,2.0,0.0
26.0,138.76054,1.0,33.555855,1.0,1.0,0.0
41.0,123.6636,2.0,70.16542,12.0,1.0,0.0
1.0,35.173412,3.0,58.07682,24.0,0.0,0.0
23.0,94.65529,3.0,44.96178,24.0,1.0,1.0
43.0,44.33998,0.0,97.26481,1.0,0.0,0.0
15.0,67.889915,1.0,70.25157,1.0,0.0,0.0
72.0,54.721867,2.0,16.276783,1.0,2.0,0.0
70.0,127.761024,1.0,42.21685,1.0,1.0,0.0
19.0,38.778683,1.0,99.332855,1.0,0.0,0.0
29.0,104.00329,2.0,30.35637,1.0,0.0,0.0
14.0,147.90631,1.0,51.326675,12.0,1.0,0.0
37.0,109.31709,0.0,74.619865,1.0,0.0,0.0
9.0,30.300354,1.0,63.046432,12.0,1.0,0.0
29.0,138.02043,3.0,65.92939,12.0,2.0,1.0
40.0,103.60036,1.0,64.75183,1.0,1.0,0.0
45.0,79.32043,1.0,50.507854,12.0,0.0,0.0
43.0,105.760025,0.0,34.153713,24.0,4.0,0.0
16.0,134.27576,0.0,58.695282,12.0,0.0,0.0
58.0,82.02654,0.0,41.944466,12.0,2.0,0.0
50.0,89.07179,1.0,40.372974,12.0,0.0,0.0
55.0,78.81816,2.0,79.64944,12.0,1.0,0.0
34.0,29.436886,2.0,42.38008,12.0,3.0,0.0
65.0,122.319115,2.0,84.122604,24.0,2.0,0.0
29.0,36.433525,0.0,55.135326,24.0,0.0,0.0
59.0,71.2941,4.0,46.817047,1.0,1.0,1.0
15.0,70.28697,3.0,13.648766,12.0,0.0,0.0
18.0,56.405304,1.0,92.39712,24.0,0.0,0.0
38.0,72.32593,1.0,49.880608,12.0,0.0,0.0
41.0,100.34119,2.0,4.584404,12.0,1.0,0.0
54.0,60.48035,0.0,69.75451,1.0,2.0,0.0
22.0,42.42655,0.0,48.996162,1.0,1.0,0.0
63.0,133.01778,3.0,31.373491,12.0,1.0,0.0
24.0,146.20825,1.0,68.623665,24.0,2.0,0.0
39.0,79.6159,3.0,1.0,1.0,0.0,0.0
68.0,62.51256,3.0,35.718098,24.0,4.0,0.0
39.0,26.17267,4.0,44.01195,24.0,1.0,1.0
50.0,24.7907,1.0,67.04376,24.0,0.0,0.0
66.0,71.07466,0.0,94.80503,24.0,1.0,0.0
71.0,140.93146,1.0,45.10462,1.0,1.0,0.0
36.0,114.99211,1.0,59.198883,1.0,0.0,1.0
31.0,65.40502,4.0,104.967766,1.0,0.0,0.0
15.0,145.84604,2.0,50.094738,1.0,1.0,0.0
39.0,75.738525,5.0,59.36398,1.0,1.0,0.0
67.0,55.983055,1.0,25.25297,24.0,0.0,0.0
36.0,75.42592,4.0,89.18334,24.0,1.0,1.0
26.0,47.500618,1.0,35.740475,1.0,4.0,1.0
8.0,135.13304,0.0,55.371426,12.0,0.0,0.0
29.0,66.95253,5.0,54.804714,12.0,1.0,0.0
18.0,105.535965,3.0,51.706768,12.0,1.0,0.0
71.0,70.57613,2.0,41.31373,24.0,2.0,0.0
38.0,137.22508,2.0,54.826527,1.0,0.0,0.0
10.0,103.5095,2.0,85.14695,1.0,2.0,1.0
5.0,83.47275,5.0,95.61868,24.0,2.0,0.0
62.0,37.178585,2.0,46.497143,1.0,0.0,0.0
68.0,137.24916,1.0,41.010735,24.0,1.0,0.0
55.0,91.08619,2.0,33.82471,1.0,1.0,0.0
9.0,57.056885,2.0,103.72271,12.0,1.0,1.0
8.0,134.1305,4.0,52.5767,12.0,1.0,0.0
15.0,27.077255,2.0,72.30085,24.0,0.0,0.0
55.0,60.829998,4.0,63.933212,1.0,1.0,0.0
56.0,89.78769,2.0,94.16804,24.0,1.0,0.0
61.0,64.175865,1.0,45.045994,24.0,0.0,0.0
7.0,81.97546,0.0,27.858633,24.0,0.0,0.0
12.0,54.361115,3.0,87.18903,24.0,0.0,0.0
65.0,36.9108,2.0,68.06613,24.0,0.0,0.0
67.0,24.791039,1.0,59.125664,24.0,0.0,0.0
53.0,40.494053,1.0,80.70385,12.0,1.0,0.0
8.0,143.88304,2.0,60.26661,24.0,1.0,0.0
5.0,94.80241,4.0,81.39801,24.0,2.0,1.0
5.0,83.56482,1.0,54.93184,12.0,1.0,1.0
50.0,69.9621,4.0,68.03898,1.0,2.0,0.0
61.0,112.09462,2.0,60.52783,1.0,1.0,0.0
46.0,38.36373,0.0,43.494324,24.0,0.0,0.0
19.0,55.89688,1.0,45.892193,24.0,0.0,0.0
55.0,105.26727,1.0,42.142757,1.0,0.0,0.0
5.0,82.278366,1.0,55.309742,24.0,0.0,1.0
60.0,120.11203,2.0,40.883953,1.0,3.0,0.0
65.0,136.62428,5.0,58.71799,12.0,2.0,0.0
52.0,127.03844,1.0,58.038033,24.0,2.0,0.0
64.0,43.947002,0.0,54.103085,24.0,3.0,0.0
43.0,31.89113,0.0,54.450375,12.0,0.0,0.0
34.0,42.02728,1.0,38.67683,24.0,0.0,0.0
24.0,121.85899,1.0,44.360474,24.0,1.0,0.0
67.0,138.79803,3.0,16.587824,24.0,1.0,0.0
51.0,140.30835,1.0,47.60261,24.0,3.0,0.0
14.0,58.76805,1.0,30.283775,1.0,1.0,1.0
69.0,129.24438,2.0,51.997047,1.0,2.0,0.0
5.0,89.71062,1.0,35.710217,1.0,2.0,0.0
43.0,126.962944,0.0,8.986544,1.0,4.0,0.0
14.0,91.28743,0.0,95.04886,1.0,0.0,0.0
48.0,38.966118,2.0,45.371414,1.0,3.0,1.0
30.0,30.298542,0.0,78.941154,1.0,2.0,0.0
32.0,144.43849,3.0,39.460205,12.0,2.0,1.0
49.0,75.35433,1.0,83.962326,1.0,0.0,0.0
55.0,65.56768,3.0,26.966043,1.0,1.0,0.0
28.0,66.319405,3.0,53.52063,1.0,4.0,0.0
72.0,69.261475,1.0,28.154211,1.0,1.0,0.0
36.0,142.8496,3.0,102.01486,12.0,1.0,0.0
12.0,28.151596,1.0,45.01477,24.0,0.0,0.0
1.0,35.477966,1.0,66.56905,12.0,1.0,0.0
15.0,122.65469,0.0,59.011547,12.0,0.0,0.0
50.0,91.42323,1.0,49.48969,24.0,2.0,0.0
39.0,36.709778,1.0,60.354397,12.0,1.0,0.0
25.0,24.479818,0.0,77.18346,1.0,0.0,0.0
35.0,49.150467,5.0,63.36412,1.0,0.0,0.0
61.0,53.905396,2.0,53.249096,12.0,0.0,0.0
42.0,21.847694,1.0,60.38646,12.0,1.0,0.0
5.0,48.09177,2.0,88.30077,24.0,1.0,0.0
4.0,115.98146,2.0,41.66379,1.0,0.0,0.0
35.0,131.20638,0.0,12.922262,24.0,0.0,0.0
30.0,136.77066,3.0,28.06998,12.0,1.0,1.0
62.0,70.68883,6.0,29.55753,24.0,2.0,0.0
42.0,61.523785,0.0,32.37441,12.0,0.0,0.0
55.0,149.9819,0.0,33.06186,1.0,3.0,0.0
43.0,120.01426,6.0,49.528008,1.0,0.0,1.0
25.0,89.855774,1.0,54.94836,1.0,0.0,0.0
48.0,53.120285,1.0,54.733433,1.0,0.0,0.0
45.0,61.76971,1.0,35.394444,24.0,1.0,0.0
52.0,86.99737,1.0,69.878,1.0,0.0,1.0
14.0,90.47078,3.0,60.689117,1.0,0.0,0.0
47.0,21.778223,5.0,81.626175,1.0,2.0,1.0
21.0,144.72202,2.0,66.93522,12.0,1.0,1.0
57.0,94.82881,0.0,43.009365,1.0,0.0,0.0
58.0,96.59057,1.0,76.109764,1.0,3.0,0.0
45.0,47.49125,2.0,55.47172,24.0,2.0,0.0
69.0,119.44833,2.0,65.95957,1.0,1.0,0.0
39.0,115.84439,2.0,64.40859,24.0,0.0,1.0
2.0,32.370537,1.0,47.513603,1.0,0.0,0.0
44.0,97.349266,0.0,52.065407,12.0,2.0,0.0
56.0,105.565186,2.0,47.37251,12.0,0.0,0.0
8.0,128.62386,0.0,32.941074,1.0,2.0,1.0
8.0,46.791855,7.0,7.1061044,12.0,2.0,1.0
20.0,134.09253,2.0,36.12389,1.0,0.0,1.0
61.0,79.99254,3.0,53.983315,1.0,0.0,0.0
38.0,32.54807,1.0,71.7117,24.0,3.0,0.0
71.0,33.73076,6.0,65.9198,24.0,1.0,0.0
63.0,45.71458,2.0,44.407738,1.0,0.0,0.0
40.0,56.75759,2.0,36.39647,12.0,3.0,0.0
49.0,84.53275,1.0,46.402515,1.0,1.0,0.0
24.0,117.337654,1.0,30.49987,1.0,0.0,0.0
7.0,44.27437,1.0,7.6946073,1.0,2.0,0.0
29.0,149.04474,3.0,19.097107,12.0,1.0,1.0
43.0,40.997852,3.0,77.49483,12.0,2.0,0.0
14.0,97.919136,4.0,87.1457,12.0,1.0,0.0
16.0,140.76225,3.0,65.07882,24.0,3.0,0.0
2.0,128.22597,2.0,48.83695,24.0,1.0,0.0
53.0,104.22559,3.0,22.140392,1.0,0.0,0.0
65.0,113.01409,0.0,46.77736,1.0,1.0,0.0
60.0,37.44673,2.0,62.236786,12.0,0.0,0.0
28.0,21.256197,0.0,66.597626,1.0,0.0,0.0
43.0,76.43934,1.0,63.77622,1.0,2.0,1.0
70.0,31.63746,2.0,74.19136,1.0,0.0,1.0
43.0,66.507835,3.0,88.85905,12.0,1.0,0.0
22.0,49.086563,1.0,41.89955,12.0,0.0,0.0
25.0,139.12508,2.0,106.10624,12.0,2.0,1.0
53.0,134.40727,2.0,9.601249,24.0,2.0,0.0
33.0,126.46257,3.0,34.43377,24.0,2.0,1.0
61.0,112.81276,1.0,54.000004,24.0,1.0,0.0
63.0,40.02935,1.0,60.98052,1.0,3.0,0.0
3.0,26.287766,2.0,46.367287,12.0,2.0,0.0
53.0,105.005424,3.0,40.084682,1.0,2.0,0.0
27.0,103.49356,4.0,94.05171,24.0,2.0,0.0
38.0,68.025154,3.0,39.129547,12.0,1.0,1.0
20.0,81.449265,3.0,29.61252,1.0,1.0,0.0
27.0,83.589424,1.0,83.81651,12.0,1.0,0.0
24.0,51.19066,0.0,66.983055,12.0,1.0,0.0
4.0,60.84166,2.0,71.89435,24.0,1.0,0.0
57.0,74.39064,6.0,53.917423,1.0,1.0,1.0
11.0,98.41328,4.0,22.480267,1.0,0.0,1.0
28.0,144.2565,1.0,51.692394,24.0,1.0,0.0
14.0,90.003,0.0,19.726248,12.0,2.0,0.0
12.0,115.05131,0.0,54.84614,1.0,1.0,0.0
27.0,124.91014,1.0,63.068058,12.0,1.0,0.0
67.0,34.756054,4.0,71.50839,12.0,1.0,0.0
68.0,104.906204,2.0,48.152237,1.0,2.0,1.0
28.0,82.67439,2.0,64.96179,1.0,0.0,0.0
37.0,94.41602,0.0,31.92309,1.0,1.0,0.0
71.0,24.994202,1.0,69.33263,1.0,1.0,0.0
17.0,137.80804,1.0,63.491558,1.0,3.0,1.0
69.0,143.86194,1.0,33.994846,1.0,0.0,0.0
8.0,20.45265,5.0,60.607254,12.0,2.0,0.0
17.0,47.662907,2.0,71.794426,12.0,1.0,0.0
25.0,43.425243,0.0,51.572918,12.0,1.0,0.0
3.0,121.56959,1.0,33.549747,1.0,1.0,1.0
59.0,97.750404,1.0,53.555115,12.0,1.0,0.0
62.0,43.053375,1.0,61.049015,1.0,1.0,0.0
28.0,125.81622,3.0,33.399612,24.0,1.0,0.0
61.0,65.95174,3.0,29.84712,1.0,0.0,0.0
56.0,79.91139,2.0,60.432446,24.0,4.0,1.0
58.0,70.34986,0.0,66.46636,12.0,2.0,0.0
58.0,87.77943,4.0,92.99515,24.0,0.0,0.0
42.0,82.41852,5.0,63.314533,24.0,0.0,0.0
8.0,55.69592,2.0,25.818365,24.0,1.0,0.0
67.0,75.19228,1.0,90.79567,12.0,1.0,0.0
44.0,138.08383,3.0,71.09975,1.0,0.0,1.0
65.0,85.376236,5.0,9.894578,12.0,1.0,1.0
70.0,139.13023,2.0,29.3942,1.0,3.0,1.0
14.0,91.51652,2.0,40.16883,1.0,2.0,0.0
29.0,119.94625,1.0,66.76196,24.0,0.0,0.0
14.0,58.16687,2.0,2.4109006,12.0,0.0,1.0
4.0,122.75375,4.0,47.617752,1.0,1.0,0.0
70.0,54.36181,2.0,65.62098,24.0,2.0,0.0
67.0,22.541496,1.0,1.0,1.0,1.0,0.0
68.0,40.894764,3.0,64.935165,24.0,0.0,0.0
64.0,22.814875,4.0,67.33887,24.0,0.0,0.0
47.0,143.11815,1.0,33.066948,1.0,1.0,0.0
38.0,149.99701,2.0,26.934254,1.0,0.0,1.0
72.0,119.089935,4.0,32.754128,24.0,1.0,0.0
40.0,34.05666,1.0,1.0,1.0,0.0,0.0
47.0,136.86292,3.0,43.476204,24.0,2.0,0.0
16.0,116.6909,4.0,54.391926,12.0,3.0,1.0
54.0,63.191788,1.0,25.613264,1.0,1.0,0.0
60.0,85.29613,1.0,69.440994,12.0,4.0,0.0
49.0,106.02872,3.0,52.051342,12.0,2.0,0.0
36.0,23.126562,1.0,55.200356,1.0,0.0,0.0
